timestamp,cow_id,activity_index,lying_time_min,standing_time_min,acceleration_rms,step_count,core_body_temp_c,feeding_duration_min,rumination_min,estimated_intake_kg,feed_bunk_visits,feed_availability_pct,barn_temp_c,relative_humidity_pct,thi,ambient_temp_c,ventilation_active,milk_yield_kg,milking_duration_min,milk_conductivity
2026-09-01T00:00:00+00:00,cow_01,29.83,39.06,20.94,0.1306,248,38.73,2.28,24.06,0.17,0,93.0,15.34,55.3,59.21,14.34,0,0.0,0.0,5.23
2026-09-01T00:00:00+00:00,cow_02,29.73,35.82,24.18,0.138,235,38.75,0.09,26.29,0.08,0,93.0,15.34,55.3,59.21,14.34,0,0.0,0.0,5.07
2026-09-01T00:00:00+00:00,cow_03,22.02,31.74,28.26,0.1207,169,38.58,2.59,24.76,0.21,0,93.0,15.34,55.3,59.21,14.34,0,0.0,0.0,5.17
2026-09-01T00:00:00+00:00,cow_04,25.18,34.01,25.99,0.133,184,38.6,3.29,25.35,0.35,2,93.0,15.34,55.3,59.21,14.34,0,0.0,0.0,5.31
2026-09-01T00:00:00+00:00,cow_05,26.11,32.35,27.65,0.1221,222,38.79,3.13,22.0,0.38,1,93.0,15.34,55.3,59.21,14.34,0,0.0,0.0,5.1
2026-09-01T00:00:00+00:00,cow_06,31.55,32.74,27.26,0.143,250,38.53,1.84,23.81,0.17,1,93.0,15.34,55.3,59.21,14.34,0,0.0,0.0,5.24
2026-09-01T00:00:00+00:00,cow_07,26.81,42.3,17.7,0.125,211,38.53,3.9,25.03,0.31,1,93.0,15.34,55.3,59.21,14.34,0,0.0,0.0,5.3
2026-09-01T00:00:00+00:00,cow_08,25.29,40.2,19.8,0.1273,184,38.81,4.29,27.85,0.32,1,93.0,15.34,55.3,59.21,14.34,0,0.0,0.0,5.11
2026-09-01T00:00:00+00:00,cow_09,25.8,35.22,24.78,0.1307,220,38.5,2.54,22.29,0.2,1,93.0,15.34,55.3,59.21,14.34,0,0.0,0.0,5.18
2026-09-01T00:00:00+00:00,cow_10,29.26,34.74,25.26,0.16,235,38.62,2.19,25.26,0.25,1,93.0,15.34,55.3,59.21,14.34,0,0.0,0.0,5.19
2026-09-01T00:00:00+00:00,cow_11,29.59,34.45,25.55,0.1287,248,38.58,2.51,24.73,0.21,1,93.0,15.34,55.3,59.21,14.34,0,0.0,0.0,5.21
2026-09-01T00:00:00+00:00,cow_12,25.33,37.14,22.86,0.1279,190,38.61,2.95,26.39,0.29,0,93.0,15.34,55.3,59.21,14.34,0,0.0,0.0,5.31
2026-09-01T00:00:00+00:00,cow_13,28.1,33.35,26.65,0.1336,228,38.75,3.56,28.65,0.32,2,93.0,15.34,55.3,59.21,14.34,0,0.0,0.0,5.28
2026-09-01T00:00:00+00:00,cow_14,29.96,37.68,22.32,0.1224,217,38.7,1.95,24.52,0.14,0,93.0,15.34,55.3,59.21,14.34,0,0.0,0.0,5.23
2026-09-01T00:00:00+00:00,cow_15,22.29,32.8,27.2,0.1112,173,38.61,2.81,24.15,0.19,2,93.0,15.34,55.3,59.21,14.34,0,0.0,0.0,5.35
2026-09-01T00:00:00+00:00,cow_16,28.7,36.12,23.88,0.1318,236,38.8,1.68,21.53,0.08,0,93.0,15.34,55.3,59.21,14.34,0,0.0,0.0,5.33
2026-09-01T01:00:00+00:00,cow_01,30.81,39.4,20.6,0.1228,260,38.81,3.53,20.71,0.26,2,87.5,14.49,56.1,58.06,13.49,0,0.0,0.0,5.14
2026-09-01T01:00:00+00:00,cow_02,31.83,37.42,22.58,0.128,253,38.54,0.96,27.12,0.06,1,87.5,14.49,56.1,58.06,13.49,0,0.0,0.0,5.09
2026-09-01T01:00:00+00:00,cow_03,23.6,33.43,26.57,0.1369,167,38.64,2.44,23.01,0.24,1,87.5,14.49,56.1,58.06,13.49,0,0.0,0.0,5.15
2026-09-01T01:00:00+00:00,cow_04,24.5,33.44,26.56,0.1252,205,38.68,1.13,28.87,0.0,0,87.5,14.49,56.1,58.06,13.49,0,0.0,0.0,5.25
2026-09-01T01:00:00+00:00,cow_05,29.02,31.3,28.7,0.1301,224,38.64,2.97,22.42,0.34,1,87.5,14.49,56.1,58.06,13.49,0,0.0,0.0,5.22
2026-09-01T01:00:00+00:00,cow_06,32.25,35.05,24.95,0.1298,249,38.56,3.18,24.22,0.25,1,87.5,14.49,56.1,58.06,13.49,0,0.0,0.0,5.15
2026-09-01T01:00:00+00:00,cow_07,24.77,38.19,21.81,0.1224,214,38.61,3.36,25.04,0.31,1,87.5,14.49,56.1,58.06,13.49,0,0.0,0.0,5.18
2026-09-01T01:00:00+00:00,cow_08,25.54,38.73,21.27,0.1269,213,38.68,4.88,25.76,0.36,2,87.5,14.49,56.1,58.06,13.49,0,0.0,0.0,5.26
2026-09-01T01:00:00+00:00,cow_09,25.44,34.26,25.74,0.1257,190,38.51,1.58,25.1,0.14,0,87.5,14.49,56.1,58.06,13.49,0,0.0,0.0,5.17
2026-09-01T01:00:00+00:00,cow_10,27.27,33.09,26.91,0.1209,221,38.66,1.59,25.85,0.16,0,87.5,14.49,56.1,58.06,13.49,0,0.0,0.0,5.09
2026-09-01T01:00:00+00:00,cow_11,28.1,33.02,26.98,0.1337,246,38.53,2.52,25.82,0.18,1,87.5,14.49,56.1,58.06,13.49,0,0.0,0.0,5.18
2026-09-01T01:00:00+00:00,cow_12,24.56,33.26,26.74,0.1294,219,38.52,3.13,26.17,0.23,1,87.5,14.49,56.1,58.06,13.49,0,0.0,0.0,5.2
2026-09-01T01:00:00+00:00,cow_13,26.08,33.1,26.9,0.1272,216,38.78,3.49,29.51,0.28,1,87.5,14.49,56.1,58.06,13.49,0,0.0,0.0,5.21
2026-09-01T01:00:00+00:00,cow_14,34.85,36.2,23.8,0.1343,269,38.55,2.12,23.65,0.19,1,87.5,14.49,56.1,58.06,13.49,0,0.0,0.0,5.35
2026-09-01T01:00:00+00:00,cow_15,25.7,31.82,28.18,0.1173,212,38.43,4.36,24.9,0.37,0,87.5,14.49,56.1,58.06,13.49,0,0.0,0.0,5.31
2026-09-01T01:00:00+00:00,cow_16,25.01,36.73,23.27,0.1091,191,38.72,2.22,21.52,0.25,0,87.5,14.49,56.1,58.06,13.49,0,0.0,0.0,5.19
2026-09-01T02:00:00+00:00,cow_01,29.05,41.1,18.9,0.124,227,38.68,4.53,22.67,0.44,1,87.3,14.55,58.5,58.14,13.55,0,0.0,0.0,5.29
2026-09-01T02:00:00+00:00,cow_02,33.29,36.51,23.49,0.1297,262,38.74,2.86,26.9,0.36,0,87.3,14.55,58.5,58.14,13.55,0,0.0,0.0,5.32
2026-09-01T02:00:00+00:00,cow_03,26.92,33.02,26.98,0.1304,182,38.52,3.76,25.37,0.34,1,87.3,14.55,58.5,58.14,13.55,0,0.0,0.0,5.26
2026-09-01T02:00:00+00:00,cow_04,23.62,31.52,28.48,0.1225,195,38.62,0.92,26.16,0.08,0,87.3,14.55,58.5,58.14,13.55,0,0.0,0.0,5.24
2026-09-01T02:00:00+00:00,cow_05,30.18,31.8,28.2,0.1549,236,38.61,1.64,21.01,0.18,0,87.3,14.55,58.5,58.14,13.55,0,0.0,0.0,5.18
2026-09-01T02:00:00+00:00,cow_06,30.36,30.68,29.32,0.1336,243,38.51,3.77,25.26,0.26,1,87.3,14.55,58.5,58.14,13.55,0,0.0,0.0,5.25
2026-09-01T02:00:00+00:00,cow_07,22.03,36.65,23.35,0.1434,171,38.5,0.35,24.49,0.0,0,87.3,14.55,58.5,58.14,13.55,0,0.0,0.0,5.28
2026-09-01T02:00:00+00:00,cow_08,22.3,39.05,20.95,0.1354,141,38.64,1.88,26.74,0.16,0,87.3,14.55,58.5,58.14,13.55,0,0.0,0.0,5.15
2026-09-01T02:00:00+00:00,cow_09,21.95,32.79,27.21,0.1217,189,38.52,2.9,22.88,0.27,2,87.3,14.55,58.5,58.14,13.55,0,0.0,0.0,5.28
2026-09-01T02:00:00+00:00,cow_10,25.14,36.31,23.69,0.1214,191,38.68,0.78,24.12,0.12,0,87.3,14.55,58.5,58.14,13.55,0,0.0,0.0,5.21
2026-09-01T02:00:00+00:00,cow_11,28.99,32.98,27.02,0.1276,222,38.43,2.26,24.85,0.18,0,87.3,14.55,58.5,58.14,13.55,0,0.0,0.0,5.25
2026-09-01T02:00:00+00:00,cow_12,24.73,34.37,25.63,0.1269,201,38.45,2.18,25.97,0.18,2,87.3,14.55,58.5,58.14,13.55,0,0.0,0.0,5.33
2026-09-01T02:00:00+00:00,cow_13,28.17,33.11,26.89,0.1251,210,38.68,0.0,26.37,0.0,0,87.3,14.55,58.5,58.14,13.55,0,0.0,0.0,5.26
2026-09-01T02:00:00+00:00,cow_14,26.53,37.82,22.18,0.1556,188,38.61,2.23,23.84,0.23,1,87.3,14.55,58.5,58.14,13.55,0,0.0,0.0,5.26
2026-09-01T02:00:00+00:00,cow_15,21.52,36.33,23.67,0.101,156,38.47,2.61,24.07,0.32,1,87.3,14.55,58.5,58.14,13.55,0,0.0,0.0,5.21
2026-09-01T02:00:00+00:00,cow_16,23.81,35.76,24.24,0.1197,185,38.7,3.2,19.41,0.33,1,87.3,14.55,58.5,58.14,13.55,0,0.0,0.0,5.28
2026-09-01T03:00:00+00:00,cow_01,21.72,38.27,21.73,0.1193,198,38.65,2.31,23.53,0.07,1,88.8,14.52,60.9,58.11,13.52,0,0.0,0.0,5.26
2026-09-01T03:00:00+00:00,cow_02,27.03,37.97,22.03,0.132,209,38.66,4.29,27.64,0.57,1,88.8,14.52,60.9,58.11,13.52,0,0.0,0.0,5.13
2026-09-01T03:00:00+00:00,cow_03,26.78,31.95,28.05,0.1289,207,38.53,2.8,25.44,0.22,1,88.8,14.52,60.9,58.11,13.52,0,0.0,0.0,5.12
2026-09-01T03:00:00+00:00,cow_04,23.22,34.58,25.42,0.1294,171,38.56,3.76,26.81,0.42,1,88.8,14.52,60.9,58.11,13.52,0,0.0,0.0,5.1
2026-09-01T03:00:00+00:00,cow_05,23.87,34.48,25.52,0.1295,190,38.61,1.02,24.93,0.14,0,88.8,14.52,60.9,58.11,13.52,0,0.0,0.0,5.26
2026-09-01T03:00:00+00:00,cow_06,31.42,34.44,25.56,0.1286,258,38.53,3.95,26.15,0.28,0,88.8,14.52,60.9,58.11,13.52,0,0.0,0.0,5.19
2026-09-01T03:00:00+00:00,cow_07,23.54,40.13,19.87,0.1055,211,38.48,2.16,22.26,0.11,1,88.8,14.52,60.9,58.11,13.52,0,0.0,0.0,5.21
2026-09-01T03:00:00+00:00,cow_08,21.5,36.99,23.01,0.1153,197,38.63,1.33,26.67,0.1,0,88.8,14.52,60.9,58.11,13.52,0,0.0,0.0,5.2
2026-09-01T03:00:00+00:00,cow_09,23.3,34.37,25.63,0.1404,203,38.41,1.18,27.02,0.11,0,88.8,14.52,60.9,58.11,13.52,0,0.0,0.0,5.2
2026-09-01T03:00:00+00:00,cow_10,26.73,33.72,26.28,0.1224,205,38.57,1.58,25.56,0.15,0,88.8,14.52,60.9,58.11,13.52,0,0.0,0.0,5.32
2026-09-01T03:00:00+00:00,cow_11,23.27,34.98,25.02,0.1343,155,38.4,2.35,24.15,0.18,0,88.8,14.52,60.9,58.11,13.52,0,0.0,0.0,5.34
2026-09-01T03:00:00+00:00,cow_12,26.09,36.41,23.59,0.1342,191,38.42,3.25,23.87,0.29,1,88.8,14.52,60.9,58.11,13.52,0,0.0,0.0,5.17
2026-09-01T03:00:00+00:00,cow_13,27.61,34.92,25.08,0.1261,238,38.58,3.18,27.63,0.27,1,88.8,14.52,60.9,58.11,13.52,0,0.0,0.0,5.1
2026-09-01T03:00:00+00:00,cow_14,31.69,37.14,22.86,0.1318,269,38.54,1.27,22.69,0.14,0,88.8,14.52,60.9,58.11,13.52,0,0.0,0.0,5.34
2026-09-01T03:00:00+00:00,cow_15,18.12,35.23,24.77,0.1147,143,38.39,2.96,23.44,0.33,1,88.8,14.52,60.9,58.11,13.52,0,0.0,0.0,5.21
2026-09-01T03:00:00+00:00,cow_16,24.38,34.79,25.21,0.127,169,38.57,2.94,22.27,0.28,1,88.8,14.52,60.9,58.11,13.52,0,0.0,0.0,5.23
2026-09-01T04:00:00+00:00,cow_01,22.32,39.62,20.38,0.1402,189,38.57,2.95,24.48,0.32,0,85.2,14.75,60.2,58.43,13.75,0,0.0,0.0,5.24
2026-09-01T04:00:00+00:00,cow_02,30.33,37.47,22.53,0.1384,207,38.57,2.13,25.7,0.31,0,85.2,14.75,60.2,58.43,13.75,0,0.0,0.0,5.14
2026-09-01T04:00:00+00:00,cow_03,28.05,31.9,28.1,0.1362,198,38.57,2.06,24.31,0.19,1,85.2,14.75,60.2,58.43,13.75,0,0.0,0.0,5.08
2026-09-01T04:00:00+00:00,cow_04,24.31,33.03,26.97,0.1069,209,38.47,2.55,26.53,0.2,2,85.2,14.75,60.2,58.43,13.75,0,0.0,0.0,5.2
2026-09-01T04:00:00+00:00,cow_05,24.42,31.64,28.36,0.129,203,38.5,2.99,19.87,0.44,0,85.2,14.75,60.2,58.43,13.75,0,0.0,0.0,5.18
2026-09-01T04:00:00+00:00,cow_06,32.88,34.29,25.71,0.1473,272,38.47,3.56,23.7,0.3,0,85.2,14.75,60.2,58.43,13.75,0,0.0,0.0,5.2
2026-09-01T04:00:00+00:00,cow_07,25.45,38.69,21.31,0.1303,200,38.51,2.4,22.91,0.26,0,85.2,14.75,60.2,58.43,13.75,0,0.0,0.0,5.24
2026-09-01T04:00:00+00:00,cow_08,22.12,40.85,19.15,0.1172,178,38.63,0.79,26.19,0.12,1,85.2,14.75,60.2,58.43,13.75,0,0.0,0.0,5.22
2026-09-01T04:00:00+00:00,cow_09,20.51,34.2,25.8,0.124,164,38.45,1.51,23.32,0.02,1,85.2,14.75,60.2,58.43,13.75,0,0.0,0.0,5.23
2026-09-01T04:00:00+00:00,cow_10,22.03,31.3,28.7,0.1109,188,38.52,1.23,25.21,0.06,0,85.2,14.75,60.2,58.43,13.75,0,0.0,0.0,5.1
2026-09-01T04:00:00+00:00,cow_11,27.22,34.36,25.64,0.1273,205,38.49,1.95,27.24,0.26,0,85.2,14.75,60.2,58.43,13.75,0,0.0,0.0,5.21
2026-09-01T04:00:00+00:00,cow_12,22.46,33.6,26.4,0.126,170,38.38,2.48,24.89,0.14,1,85.2,14.75,60.2,58.43,13.75,0,0.0,0.0,5.28
2026-09-01T04:00:00+00:00,cow_13,26.7,33.69,26.31,0.121,203,38.71,3.4,25.92,0.31,1,85.2,14.75,60.2,58.43,13.75,0,0.0,0.0,5.25
2026-09-01T04:00:00+00:00,cow_14,30.74,39.04,20.96,0.1268,247,38.46,1.32,25.62,0.07,0,85.2,14.75,60.2,58.43,13.75,0,0.0,0.0,5.2
2026-09-01T04:00:00+00:00,cow_15,25.06,31.09,28.91,0.0903,187,38.44,2.8,25.07,0.2,0,85.2,14.75,60.2,58.43,13.75,0,0.0,0.0,5.24
2026-09-01T04:00:00+00:00,cow_16,25.89,35.33,24.67,0.1359,213,38.62,2.83,22.66,0.32,1,85.2,14.75,60.2,58.43,13.75,0,0.0,0.0,5.32
2026-09-01T05:00:00+00:00,cow_01,47.57,25.64,34.36,0.1777,368,38.58,8.16,16.0,0.72,2,93.8,15.27,62.7,59.17,14.27,0,0.0,0.0,5.2
2026-09-01T05:00:00+00:00,cow_02,52.46,24.87,35.13,0.1809,452,38.54,7.04,19.72,1.0,2,93.8,15.27,62.7,59.17,14.27,0,0.0,0.0,5.22
2026-09-01T05:00:00+00:00,cow_03,46.43,22.05,37.95,0.1591,374,38.49,7.3,17.3,0.6,2,93.8,15.27,62.7,59.17,14.27,0,0.0,0.0,5.08
2026-09-01T05:00:00+00:00,cow_04,42.83,22.85,37.15,0.1728,341,38.43,10.0,16.9,0.75,3,93.8,15.27,62.7,59.17,14.27,0,0.0,0.0,5.16
2026-09-01T05:00:00+00:00,cow_05,48.93,22.18,37.82,0.1705,382,38.46,8.14,16.36,1.03,3,93.8,15.27,62.7,59.17,14.27,0,0.0,0.0,5.11
2026-09-01T05:00:00+00:00,cow_06,51.12,21.31,38.69,0.1716,412,38.36,9.16,15.67,0.77,2,93.8,15.27,62.7,59.17,14.27,0,0.0,0.0,5.29
2026-09-01T05:00:00+00:00,cow_07,43.41,25.9,34.1,0.1638,353,38.45,10.07,16.86,0.95,2,93.8,15.27,62.7,59.17,14.27,0,0.0,0.0,5.32
2026-09-01T05:00:00+00:00,cow_08,43.27,28.21,31.79,0.1575,324,38.58,8.89,20.11,0.73,2,93.8,15.27,62.7,59.17,14.27,0,0.0,0.0,5.05
2026-09-01T05:00:00+00:00,cow_09,42.29,18.2,41.8,0.1403,349,38.4,8.16,15.79,0.76,2,93.8,15.27,62.7,59.17,14.27,0,0.0,0.0,5.11
2026-09-01T05:00:00+00:00,cow_10,51.47,23.55,36.45,0.1704,412,38.52,5.14,18.41,0.44,1,93.8,15.27,62.7,59.17,14.27,0,0.0,0.0,5.18
2026-09-01T05:00:00+00:00,cow_11,58.85,22.81,37.19,0.1802,479,38.42,10.13,18.38,0.91,3,93.8,15.27,62.7,59.17,14.27,0,0.0,0.0,5.23
2026-09-01T05:00:00+00:00,cow_12,45.42,23.56,36.44,0.1723,355,38.44,9.54,20.44,0.72,3,93.8,15.27,62.7,59.17,14.27,0,0.0,0.0,5.22
2026-09-01T05:00:00+00:00,cow_13,45.35,21.72,38.28,0.1584,369,38.59,8.09,19.04,0.84,3,93.8,15.27,62.7,59.17,14.27,0,0.0,0.0,5.23
2026-09-01T05:00:00+00:00,cow_14,53.51,24.69,35.31,0.1824,412,38.5,7.4,17.88,0.68,2,93.8,15.27,62.7,59.17,14.27,0,0.0,0.0,5.33
2026-09-01T05:00:00+00:00,cow_15,39.34,19.22,40.78,0.1531,330,38.44,8.21,17.93,0.75,2,93.8,15.27,62.7,59.17,14.27,0,0.0,0.0,5.27
2026-09-01T05:00:00+00:00,cow_16,47.62,20.48,39.52,0.1805,401,38.54,7.84,16.22,0.78,2,93.8,15.27,62.7,59.17,14.27,0,0.0,0.0,5.15
2026-09-01T06:00:00+00:00,cow_01,64.4,18.98,41.02,0.1736,518,38.48,19.26,16.41,1.54,5,87.5,16.24,64.4,60.6,15.24,0,13.36,7.15,5.29
2026-09-01T06:00:00+00:00,cow_02,71.52,15.85,44.15,0.1878,575,38.52,16.33,20.2,2.06,4,87.5,16.24,64.4,60.6,15.24,0,15.21,8.11,5.27
2026-09-01T06:00:00+00:00,cow_03,63.66,14.76,45.24,0.1982,528,38.4,18.83,16.74,1.61,5,87.5,16.24,64.4,60.6,15.24,0,15.97,6.98,5.19
2026-09-01T06:00:00+00:00,cow_04,59.24,15.92,44.08,0.1807,474,38.44,18.44,18.48,1.64,4,87.5,16.24,64.4,60.6,15.24,0,18.11,7.7,5.13
2026-09-01T06:00:00+00:00,cow_05,67.15,15.42,44.58,0.2036,527,38.56,15.93,16.23,1.98,4,87.5,16.24,64.4,60.6,15.24,0,19.26,7.65,5.28
2026-09-01T06:00:00+00:00,cow_06,73.04,15.39,44.61,0.2134,591,38.3,20.17,15.86,1.63,5,87.5,16.24,64.4,60.6,15.24,0,16.19,7.37,5.28
2026-09-01T06:00:00+00:00,cow_07,58.29,19.41,40.59,0.1906,471,38.31,18.43,17.88,1.7,5,87.5,16.24,64.4,60.6,15.24,0,16.63,7.37,5.3
2026-09-01T06:00:00+00:00,cow_08,60.99,15.91,44.09,0.177,463,38.51,22.76,17.24,1.93,5,87.5,16.24,64.4,60.6,15.24,0,17.27,7.15,5.21
2026-09-01T06:00:00+00:00,cow_09,61.34,17.24,42.76,0.1679,480,38.34,18.25,16.41,1.7,4,87.5,16.24,64.4,60.6,15.24,0,16.24,6.59,5.32
2026-09-01T06:00:00+00:00,cow_10,70.23,16.3,43.7,0.2132,570,38.47,16.29,18.48,1.53,4,87.5,16.24,64.4,60.6,15.24,0,17.28,7.01,5.13
2026-09-01T06:00:00+00:00,cow_11,75.81,14.02,45.98,0.1973,612,38.4,21.15,17.58,1.89,5,87.5,16.24,64.4,60.6,15.24,0,16.97,7.78,5.12
2026-09-01T06:00:00+00:00,cow_12,62.92,15.8,44.2,0.1949,489,38.42,20.62,17.25,1.63,5,87.5,16.24,64.4,60.6,15.24,0,14.35,7.69,5.3
2026-09-01T06:00:00+00:00,cow_13,62.71,15.96,44.04,0.1979,482,38.6,18.9,18.74,1.74,5,87.5,16.24,64.4,60.6,15.24,0,13.99,7.22,5.26
2026-09-01T06:00:00+00:00,cow_14,76.66,15.53,44.47,0.2204,601,38.6,18.85,18.03,1.61,5,87.5,16.24,64.4,60.6,15.24,0,16.03,8.31,5.3
2026-09-01T06:00:00+00:00,cow_15,53.41,15.05,44.95,0.1907,401,38.35,19.19,17.13,1.71,4,87.5,16.24,64.4,60.6,15.24,0,16.29,8.05,5.28
2026-09-01T06:00:00+00:00,cow_16,62.84,14.83,45.17,0.1769,511,38.49,15.77,14.92,1.53,4,87.5,16.24,64.4,60.6,15.24,0,14.67,7.85,5.15
2026-09-01T07:00:00+00:00,cow_01,59.81,17.95,42.05,0.1999,460,38.61,20.23,15.12,1.62,5,91.5,17.51,63.9,62.42,16.51,0,0.0,0.0,5.21
2026-09-01T07:00:00+00:00,cow_02,76.76,14.87,45.13,0.2199,592,38.51,14.89,18.54,2.0,4,91.5,17.51,63.9,62.42,16.51,0,0.0,0.0,5.25
2026-09-01T07:00:00+00:00,cow_03,57.9,14.42,45.58,0.1963,465,38.51,19.69,17.37,1.7,5,91.5,17.51,63.9,62.42,16.51,0,0.0,0.0,5.19
2026-09-01T07:00:00+00:00,cow_04,61.48,16.68,43.32,0.1828,471,38.32,19.33,17.31,1.55,5,91.5,17.51,63.9,62.42,16.51,0,0.0,0.0,5.4
2026-09-01T07:00:00+00:00,cow_05,69.48,15.71,44.29,0.2059,554,38.53,16.54,15.9,2.12,4,91.5,17.51,63.9,62.42,16.51,0,0.0,0.0,5.28
2026-09-01T07:00:00+00:00,cow_06,73.72,14.16,45.84,0.2181,576,38.34,20.4,18.47,1.59,5,91.5,17.51,63.9,62.42,16.51,0,0.0,0.0,5.27
2026-09-01T07:00:00+00:00,cow_07,60.92,18.09,41.91,0.1898,467,38.33,19.95,15.89,1.8,5,91.5,17.51,63.9,62.42,16.51,0,0.0,0.0,5.24
2026-09-01T07:00:00+00:00,cow_08,60.52,18.18,41.82,0.1896,454,38.49,22.04,17.65,1.91,6,91.5,17.51,63.9,62.42,16.51,0,0.0,0.0,5.3
2026-09-01T07:00:00+00:00,cow_09,58.08,17.17,42.83,0.186,459,38.29,17.61,16.49,1.65,4,91.5,17.51,63.9,62.42,16.51,0,0.0,0.0,5.2
2026-09-01T07:00:00+00:00,cow_10,65.5,17.0,43.0,0.2074,501,38.34,17.56,17.07,1.6,4,91.5,17.51,63.9,62.42,16.51,0,0.0,0.0,5.06
2026-09-01T07:00:00+00:00,cow_11,74.73,16.08,43.92,0.2088,559,38.28,21.71,16.53,2.03,5,91.5,17.51,63.9,62.42,16.51,0,0.0,0.0,5.25
2026-09-01T07:00:00+00:00,cow_12,58.6,14.01,45.99,0.1974,466,38.34,20.72,17.42,1.59,5,91.5,17.51,63.9,62.42,16.51,0,0.0,0.0,5.34
2026-09-01T07:00:00+00:00,cow_13,59.99,12.94,47.06,0.2027,476,38.49,21.12,18.34,1.99,6,91.5,17.51,63.9,62.42,16.51,0,0.0,0.0,5.16
2026-09-01T07:00:00+00:00,cow_14,77.5,15.86,44.14,0.2269,624,38.54,22.57,17.44,1.94,6,91.5,17.51,63.9,62.42,16.51,0,0.0,0.0,5.15
2026-09-01T07:00:00+00:00,cow_15,62.28,14.86,45.14,0.1885,501,38.25,19.1,18.08,1.71,4,91.5,17.51,63.9,62.42,16.51,0,0.0,0.0,5.24
2026-09-01T07:00:00+00:00,cow_16,65.05,16.71,43.29,0.207,509,38.46,18.74,15.24,1.81,5,91.5,17.51,63.9,62.42,16.51,0,0.0,0.0,5.24
2026-09-01T08:00:00+00:00,cow_01,68.43,20.09,39.91,0.2106,556,38.48,18.85,16.63,1.5,4,85.4,18.18,66.2,63.48,17.18,0,0.0,0.0,5.1
2026-09-01T08:00:00+00:00,cow_02,71.07,13.33,46.67,0.2137,570,38.49,14.41,19.67,1.87,3,85.4,18.18,66.2,63.48,17.18,0,0.0,0.0,5.27
2026-09-01T08:00:00+00:00,cow_03,61.39,15.29,44.71,0.1989,478,38.45,17.87,18.2,1.59,4,85.4,18.18,66.2,63.48,17.18,0,0.0,0.0,5.24
2026-09-01T08:00:00+00:00,cow_04,60.53,15.29,44.71,0.188,482,38.45,18.15,18.67,1.48,5,85.4,18.18,66.2,63.48,17.18,0,0.0,0.0,5.26
2026-09-01T08:00:00+00:00,cow_05,75.25,16.06,43.94,0.1965,603,38.57,16.34,15.97,2.12,4,85.4,18.18,66.2,63.48,17.18,0,0.0,0.0,5.24
2026-09-01T08:00:00+00:00,cow_06,73.54,15.26,44.74,0.2206,574,38.39,18.63,17.48,1.36,5,85.4,18.18,66.2,63.48,17.18,0,0.0,0.0,5.32
2026-09-01T08:00:00+00:00,cow_07,56.16,15.59,44.41,0.1839,471,38.31,17.8,16.08,1.58,4,85.4,18.18,66.2,63.48,17.18,0,0.0,0.0,5.03
2026-09-01T08:00:00+00:00,cow_08,62.17,17.96,42.04,0.1749,519,38.62,19.95,20.5,1.67,5,85.4,18.18,66.2,63.48,17.18,0,0.0,0.0,5.13
2026-09-01T08:00:00+00:00,cow_09,64.15,14.49,45.51,0.1967,502,38.41,18.61,18.91,1.78,4,85.4,18.18,66.2,63.48,17.18,0,0.0,0.0,5.27
2026-09-01T08:00:00+00:00,cow_10,64.39,17.18,42.82,0.2071,505,38.51,16.2,15.38,1.53,4,85.4,18.18,66.2,63.48,17.18,0,0.0,0.0,5.13
2026-09-01T08:00:00+00:00,cow_11,71.27,14.74,45.26,0.2131,549,38.31,20.48,20.54,1.85,5,85.4,18.18,66.2,63.48,17.18,0,0.0,0.0,5.22
2026-09-01T08:00:00+00:00,cow_12,61.17,15.01,44.99,0.2021,460,38.27,20.56,16.26,1.56,5,85.4,18.18,66.2,63.48,17.18,0,0.0,0.0,5.26
2026-09-01T08:00:00+00:00,cow_13,58.68,15.61,44.39,0.1959,466,38.5,19.15,18.84,1.79,4,85.4,18.18,66.2,63.48,17.18,0,0.0,0.0,5.2
2026-09-01T08:00:00+00:00,cow_14,72.62,16.2,43.8,0.182,578,38.51,20.39,17.82,1.73,5,85.4,18.18,66.2,63.48,17.18,0,0.0,0.0,5.15
2026-09-01T08:00:00+00:00,cow_15,58.13,14.83,45.17,0.1749,451,38.33,18.52,15.63,1.64,4,85.4,18.18,66.2,63.48,17.18,0,0.0,0.0,5.33
2026-09-01T08:00:00+00:00,cow_16,60.77,15.61,44.39,0.1904,469,38.44,15.07,15.92,1.47,4,85.4,18.18,66.2,63.48,17.18,0,0.0,0.0,5.21
2026-09-01T09:00:00+00:00,cow_01,66.78,15.51,44.49,0.2031,513,38.55,18.93,14.02,1.57,4,87.6,18.86,63.2,64.34,17.86,0,0.0,0.0,5.14
2026-09-01T09:00:00+00:00,cow_02,75.91,17.98,42.02,0.2065,608,38.54,15.81,19.63,2.04,4,87.6,18.86,63.2,64.34,17.86,0,0.0,0.0,5.21
2026-09-01T09:00:00+00:00,cow_03,57.95,10.51,49.49,0.1887,477,38.28,17.46,17.88,1.62,4,87.6,18.86,63.2,64.34,17.86,0,0.0,0.0,5.14
2026-09-01T09:00:00+00:00,cow_04,59.26,17.31,42.69,0.1802,462,38.39,17.06,18.78,1.55,4,87.6,18.86,63.2,64.34,17.86,0,0.0,0.0,5.18
2026-09-01T09:00:00+00:00,cow_05,68.77,12.11,47.89,0.2126,548,38.48,19.31,15.93,2.41,5,87.6,18.86,63.2,64.34,17.86,0,0.0,0.0,5.29
2026-09-01T09:00:00+00:00,cow_06,74.44,13.13,46.87,0.2232,585,38.43,20.62,16.63,1.64,5,87.6,18.86,63.2,64.34,17.86,0,0.0,0.0,5.27
2026-09-01T09:00:00+00:00,cow_07,58.65,15.99,44.01,0.1791,484,38.37,18.99,15.48,1.75,6,87.6,18.86,63.2,64.34,17.86,0,0.0,0.0,5.11
2026-09-01T09:00:00+00:00,cow_08,60.75,19.57,40.43,0.1886,492,38.48,21.66,18.88,1.9,6,87.6,18.86,63.2,64.34,17.86,0,0.0,0.0,5.41
2026-09-01T09:00:00+00:00,cow_09,60.06,15.43,44.57,0.1901,475,38.34,16.85,17.15,1.63,4,87.6,18.86,63.2,64.34,17.86,0,0.0,0.0,5.29
2026-09-01T09:00:00+00:00,cow_10,67.7,15.04,44.96,0.1806,532,38.53,15.9,17.51,1.44,4,87.6,18.86,63.2,64.34,17.86,0,0.0,0.0,5.24
2026-09-01T09:00:00+00:00,cow_11,72.78,14.4,45.6,0.2071,568,38.39,20.09,19.76,1.95,6,87.6,18.86,63.2,64.34,17.86,0,0.0,0.0,5.17
2026-09-01T09:00:00+00:00,cow_12,59.31,15.43,44.57,0.1777,479,38.28,21.91,17.39,1.74,6,87.6,18.86,63.2,64.34,17.86,0,0.0,0.0,5.18
2026-09-01T09:00:00+00:00,cow_13,64.88,14.64,45.36,0.2055,498,38.53,21.16,17.87,1.87,6,87.6,18.86,63.2,64.34,17.86,0,0.0,0.0,5.21
2026-09-01T09:00:00+00:00,cow_14,72.98,17.51,42.49,0.2177,600,38.49,19.87,18.21,1.84,5,87.6,18.86,63.2,64.34,17.86,0,0.0,0.0,5.12
2026-09-01T09:00:00+00:00,cow_15,60.02,14.47,45.53,0.1663,492,38.29,19.13,17.03,1.75,5,87.6,18.86,63.2,64.34,17.86,0,0.0,0.0,5.17
2026-09-01T09:00:00+00:00,cow_16,63.37,15.24,44.76,0.2014,516,38.49,17.59,14.98,1.75,5,87.6,18.86,63.2,64.34,17.86,0,0.0,0.0,5.35
2026-09-01T10:00:00+00:00,cow_01,43.28,24.97,35.03,0.1418,357,38.59,6.9,16.48,0.6,2,85.1,19.66,62.8,65.47,18.66,0,0.0,0.0,5.22
2026-09-01T10:00:00+00:00,cow_02,57.69,22.78,37.22,0.1847,454,38.5,6.22,19.84,0.87,2,85.1,19.66,62.8,65.47,18.66,0,0.0,0.0,5.25
2026-09-01T10:00:00+00:00,cow_03,46.54,25.8,34.2,0.1457,362,38.49,7.21,18.2,0.64,3,85.1,19.66,62.8,65.47,18.66,0,0.0,0.0,5.11
2026-09-01T10:00:00+00:00,cow_04,47.29,24.91,35.09,0.155,390,38.38,7.4,18.33,0.52,2,85.1,19.66,62.8,65.47,18.66,0,0.0,0.0,5.21
2026-09-01T10:00:00+00:00,cow_05,55.18,22.04,37.96,0.2022,443,38.5,6.41,15.05,0.7,1,85.1,19.66,62.8,65.47,18.66,0,0.0,0.0,5.03
2026-09-01T10:00:00+00:00,cow_06,56.06,20.49,39.51,0.172,438,38.34,8.0,18.47,0.58,2,85.1,19.66,62.8,65.47,18.66,0,0.0,0.0,5.42
2026-09-01T10:00:00+00:00,cow_07,43.49,24.95,35.05,0.1505,345,38.35,8.2,16.75,0.64,2,85.1,19.66,62.8,65.47,18.66,0,0.0,0.0,5.29
2026-09-01T10:00:00+00:00,cow_08,43.96,24.53,35.47,0.1454,323,38.59,8.51,20.03,0.8,3,85.1,19.66,62.8,65.47,18.66,0,0.0,0.0,5.16
2026-09-01T10:00:00+00:00,cow_09,43.78,20.91,39.09,0.1517,355,38.29,4.81,15.89,0.43,2,85.1,19.66,62.8,65.47,18.66,0,0.0,0.0,5.16
2026-09-01T10:00:00+00:00,cow_10,48.99,21.98,38.02,0.1804,409,38.54,4.78,18.96,0.48,1,85.1,19.66,62.8,65.47,18.66,0,0.0,0.0,5.25
2026-09-01T10:00:00+00:00,cow_11,54.5,20.73,39.27,0.1611,426,38.46,7.86,15.95,0.77,2,85.1,19.66,62.8,65.47,18.66,0,0.0,0.0,5.3
2026-09-01T10:00:00+00:00,cow_12,44.36,23.87,36.13,0.1783,343,38.31,7.39,17.63,0.65,2,85.1,19.66,62.8,65.47,18.66,0,0.0,0.0,5.24
2026-09-01T10:00:00+00:00,cow_13,42.43,21.4,38.6,0.138,356,38.62,8.65,17.89,0.85,2,85.1,19.66,62.8,65.47,18.66,0,0.0,0.0,5.1
2026-09-01T10:00:00+00:00,cow_14,51.0,23.87,36.13,0.1723,405,38.42,9.44,17.22,0.79,3,85.1,19.66,62.8,65.47,18.66,0,0.0,0.0,5.11
2026-09-01T10:00:00+00:00,cow_15,38.33,23.32,36.68,0.1679,299,38.33,6.72,16.64,0.59,2,85.1,19.66,62.8,65.47,18.66,0,0.0,0.0,5.23
2026-09-01T10:00:00+00:00,cow_16,43.24,22.31,37.69,0.1398,340,38.54,6.98,15.91,0.73,1,85.1,19.66,62.8,65.47,18.66,0,0.0,0.0,5.08
2026-09-01T11:00:00+00:00,cow_01,52.32,28.76,31.24,0.1806,426,38.47,7.35,15.02,0.56,2,86.5,20.69,60.2,66.78,19.69,0,0.0,0.0,5.16
2026-09-01T11:00:00+00:00,cow_02,50.91,24.88,35.12,0.1609,410,38.66,5.37,16.39,0.68,2,86.5,20.69,60.2,66.78,19.69,0,0.0,0.0,5.36
2026-09-01T11:00:00+00:00,cow_03,41.84,22.52,37.48,0.1507,333,38.57,6.18,17.44,0.56,2,86.5,20.69,60.2,66.78,19.69,0,0.0,0.0,5.21
2026-09-01T11:00:00+00:00,cow_04,45.0,21.7,38.3,0.1637,354,38.48,7.12,19.09,0.61,2,86.5,20.69,60.2,66.78,19.69,0,0.0,0.0,5.2
2026-09-01T11:00:00+00:00,cow_05,47.05,23.01,36.99,0.1556,366,38.5,8.08,13.01,1.18,3,86.5,20.69,60.2,66.78,19.69,0,0.0,0.0,5.22
2026-09-01T11:00:00+00:00,cow_06,54.8,22.78,37.22,0.1838,448,38.4,8.22,16.93,0.62,2,86.5,20.69,60.2,66.78,19.69,0,0.0,0.0,5.29
2026-09-01T11:00:00+00:00,cow_07,44.03,20.81,39.19,0.1658,355,38.42,7.68,17.97,0.74,2,86.5,20.69,60.2,66.78,19.69,0,0.0,0.0,5.23
2026-09-01T11:00:00+00:00,cow_08,42.53,23.44,36.56,0.1503,353,38.62,9.35,19.97,0.82,2,86.5,20.69,60.2,66.78,19.69,0,0.0,0.0,5.23
2026-09-01T11:00:00+00:00,cow_09,45.42,22.96,37.04,0.1736,373,38.38,8.2,16.92,0.72,2,86.5,20.69,60.2,66.78,19.69,0,0.0,0.0,5.14
2026-09-01T11:00:00+00:00,cow_10,46.02,22.02,37.98,0.1549,363,38.41,6.83,18.71,0.59,2,86.5,20.69,60.2,66.78,19.69,0,0.0,0.0,5.28
2026-09-01T11:00:00+00:00,cow_11,50.34,20.7,39.3,0.1629,388,38.39,8.3,17.99,0.67,2,86.5,20.69,60.2,66.78,19.69,0,0.0,0.0,5.1
2026-09-01T11:00:00+00:00,cow_12,43.33,23.02,36.98,0.1716,327,38.23,8.81,20.11,0.76,2,86.5,20.69,60.2,66.78,19.69,0,0.0,0.0,5.16
2026-09-01T11:00:00+00:00,cow_13,48.99,20.98,39.02,0.173,399,38.62,10.76,19.54,0.94,3,86.5,20.69,60.2,66.78,19.69,0,0.0,0.0,5.06
2026-09-01T11:00:00+00:00,cow_14,51.68,23.9,36.1,0.1678,415,38.47,9.49,17.4,0.83,2,86.5,20.69,60.2,66.78,19.69,0,0.0,0.0,5.21
2026-09-01T11:00:00+00:00,cow_15,44.47,20.11,39.89,0.1535,351,38.29,7.17,16.06,0.7,2,86.5,20.69,60.2,66.78,19.69,0,0.0,0.0,5.22
2026-09-01T11:00:00+00:00,cow_16,48.12,22.64,37.36,0.1705,383,38.58,6.28,12.7,0.61,2,86.5,20.69,60.2,66.78,19.69,0,0.0,0.0,5.27
2026-09-01T12:00:00+00:00,cow_01,45.35,27.0,33.0,0.1637,358,38.57,8.77,16.45,0.7,1,94.7,21.42,62.2,67.94,20.42,0,0.0,0.0,5.2
2026-09-01T12:00:00+00:00,cow_02,52.26,23.44,36.56,0.16,396,38.65,6.56,18.95,0.88,1,94.7,21.42,62.2,67.94,20.42,0,0.0,0.0,5.37
2026-09-01T12:00:00+00:00,cow_03,44.23,22.32,37.68,0.1693,377,38.43,7.99,18.67,0.74,3,94.7,21.42,62.2,67.94,20.42,0,0.0,0.0,5.09
2026-09-01T12:00:00+00:00,cow_04,48.1,21.15,38.85,0.1685,382,38.44,6.78,16.54,0.59,1,94.7,21.42,62.2,67.94,20.42,0,0.0,0.0,5.11
2026-09-01T12:00:00+00:00,cow_05,50.93,17.16,42.84,0.1795,371,38.55,7.35,16.22,0.93,3,94.7,21.42,62.2,67.94,20.42,0,0.0,0.0,5.22
2026-09-01T12:00:00+00:00,cow_06,57.57,21.26,38.74,0.1848,483,38.39,9.08,18.35,0.66,1,94.7,21.42,62.2,67.94,20.42,0,0.0,0.0,5.22
2026-09-01T12:00:00+00:00,cow_07,45.02,23.19,36.81,0.1677,370,38.34,7.89,16.15,0.71,2,94.7,21.42,62.2,67.94,20.42,0,0.0,0.0,5.14
2026-09-01T12:00:00+00:00,cow_08,49.14,25.34,34.66,0.1615,392,38.63,9.71,18.86,0.8,2,94.7,21.42,62.2,67.94,20.42,0,0.0,0.0,5.15
2026-09-01T12:00:00+00:00,cow_09,44.26,20.34,39.66,0.1636,375,38.4,7.43,15.39,0.77,1,94.7,21.42,62.2,67.94,20.42,0,0.0,0.0,5.27
2026-09-01T12:00:00+00:00,cow_10,49.3,21.88,38.12,0.1661,366,38.55,7.86,17.4,0.72,2,94.7,21.42,62.2,67.94,20.42,0,0.0,0.0,5.25
2026-09-01T12:00:00+00:00,cow_11,54.37,19.4,40.6,0.1726,438,38.42,8.67,20.93,0.71,2,94.7,21.42,62.2,67.94,20.42,0,0.0,0.0,5.19
2026-09-01T12:00:00+00:00,cow_12,42.68,20.75,39.25,0.1613,347,38.41,9.76,17.44,0.69,2,94.7,21.42,62.2,67.94,20.42,0,0.0,0.0,5.21
2026-09-01T12:00:00+00:00,cow_13,47.38,22.51,37.49,0.1708,370,38.6,9.32,18.97,0.78,2,94.7,21.42,62.2,67.94,20.42,0,0.0,0.0,5.27
2026-09-01T12:00:00+00:00,cow_14,56.89,26.28,33.72,0.1847,437,38.54,10.71,18.14,0.93,3,94.7,21.42,62.2,67.94,20.42,0,0.0,0.0,5.1
2026-09-01T12:00:00+00:00,cow_15,40.67,19.79,40.21,0.1579,336,38.38,7.87,16.61,0.69,2,94.7,21.42,62.2,67.94,20.42,0,0.0,0.0,5.23
2026-09-01T12:00:00+00:00,cow_16,44.09,20.5,39.5,0.1459,328,38.61,7.66,15.75,0.78,3,94.7,21.42,62.2,67.94,20.42,0,0.0,0.0,5.15
2026-09-01T13:00:00+00:00,cow_01,44.96,26.51,33.49,0.1611,345,38.61,8.76,16.09,0.73,3,88.6,21.54,58.0,67.82,20.54,0,0.0,0.0,5.07
2026-09-01T13:00:00+00:00,cow_02,59.9,23.91,36.09,0.1788,459,38.61,7.36,19.27,1.03,1,88.6,21.54,58.0,67.82,20.54,0,0.0,0.0,5.2
2026-09-01T13:00:00+00:00,cow_03,41.78,22.32,37.68,0.1641,327,38.37,8.06,17.66,0.72,3,88.6,21.54,58.0,67.82,20.54,0,0.0,0.0,5.11
2026-09-01T13:00:00+00:00,cow_04,45.93,24.08,35.92,0.1449,372,38.5,7.59,19.05,0.63,2,88.6,21.54,58.0,67.82,20.54,0,0.0,0.0,5.2
2026-09-01T13:00:00+00:00,cow_05,48.76,19.49,40.51,0.1746,372,38.63,7.32,13.51,0.9,2,88.6,21.54,58.0,67.82,20.54,0,0.0,0.0,5.12
2026-09-01T13:00:00+00:00,cow_06,53.77,23.04,36.96,0.1846,426,38.41,9.74,19.26,0.79,2,88.6,21.54,58.0,67.82,20.54,0,0.0,0.0,5.14
2026-09-01T13:00:00+00:00,cow_07,40.47,26.0,34.0,0.157,344,38.52,6.75,17.89,0.56,1,88.6,21.54,58.0,67.82,20.54,0,0.0,0.0,5.22
2026-09-01T13:00:00+00:00,cow_08,49.95,30.17,29.83,0.176,396,38.67,9.93,18.72,0.94,3,88.6,21.54,58.0,67.82,20.54,0,0.0,0.0,5.24
2026-09-01T13:00:00+00:00,cow_09,45.08,22.46,37.54,0.1695,351,38.4,6.2,17.48,0.62,2,88.6,21.54,58.0,67.82,20.54,0,0.0,0.0,5.33
2026-09-01T13:00:00+00:00,cow_10,47.69,23.24,36.76,0.1549,375,38.61,7.63,18.36,0.7,1,88.6,21.54,58.0,67.82,20.54,0,0.0,0.0,5.17
2026-09-01T13:00:00+00:00,cow_11,56.58,22.71,37.29,0.1869,453,38.41,8.03,19.14,0.77,2,88.6,21.54,58.0,67.82,20.54,0,0.0,0.0,5.16
2026-09-01T13:00:00+00:00,cow_12,37.8,24.25,35.75,0.1433,289,38.48,8.43,19.22,0.7,2,88.6,21.54,58.0,67.82,20.54,0,0.0,0.0,5.09
2026-09-01T13:00:00+00:00,cow_13,50.01,22.84,37.16,0.1663,402,38.54,8.59,17.84,0.71,1,88.6,21.54,58.0,67.82,20.54,0,0.0,0.0,5.29
2026-09-01T13:00:00+00:00,cow_14,51.84,26.81,33.19,0.168,389,38.52,9.8,17.21,0.83,3,88.6,21.54,58.0,67.82,20.54,0,0.0,0.0,5.24
2026-09-01T13:00:00+00:00,cow_15,45.2,23.59,36.41,0.1578,341,38.4,8.44,15.48,0.72,2,88.6,21.54,58.0,67.82,20.54,0,0.0,0.0,5.2
2026-09-01T13:00:00+00:00,cow_16,46.07,21.71,38.29,0.1606,354,38.68,8.06,13.41,0.74,1,88.6,21.54,58.0,67.82,20.54,0,0.0,0.0,5.15
2026-09-01T14:00:00+00:00,cow_01,50.36,23.49,36.51,0.1715,408,38.67,8.18,16.2,0.61,3,87.7,21.47,56.6,67.62,20.47,0,0.0,0.0,5.3
2026-09-01T14:00:00+00:00,cow_02,58.83,25.28,34.72,0.1702,484,38.7,4.83,19.16,0.64,2,87.7,21.47,56.6,67.62,20.47,0,0.0,0.0,5.26
2026-09-01T14:00:00+00:00,cow_03,42.75,24.31,35.69,0.1574,338,38.52,6.16,17.0,0.56,1,87.7,21.47,56.6,67.62,20.47,0,0.0,0.0,5.23
2026-09-01T14:00:00+00:00,cow_04,42.07,22.08,37.92,0.1589,339,38.48,7.15,20.65,0.59,2,87.7,21.47,56.6,67.62,20.47,0,0.0,0.0,5.19
2026-09-01T14:00:00+00:00,cow_05,55.4,23.06,36.94,0.1878,428,38.65,7.36,14.74,0.89,3,87.7,21.47,56.6,67.62,20.47,0,0.0,0.0,5.18
2026-09-01T14:00:00+00:00,cow_06,58.97,23.84,36.16,0.1902,478,38.41,8.44,18.87,0.68,2,87.7,21.47,56.6,67.62,20.47,0,0.0,0.0,5.34
2026-09-01T14:00:00+00:00,cow_07,42.09,24.29,35.71,0.1573,348,38.44,8.46,17.6,0.75,3,87.7,21.47,56.6,67.62,20.47,0,0.0,0.0,5.25
2026-09-01T14:00:00+00:00,cow_08,50.31,24.38,35.62,0.1789,387,38.6,6.91,19.75,0.6,1,87.7,21.47,56.6,67.62,20.47,0,0.0,0.0,5.06
2026-09-01T14:00:00+00:00,cow_09,41.69,21.84,38.16,0.163,333,38.48,6.85,19.05,0.59,1,87.7,21.47,56.6,67.62,20.47,0,0.0,0.0,5.16
2026-09-01T14:00:00+00:00,cow_10,49.06,20.68,39.32,0.1697,394,38.58,7.04,17.5,0.59,2,87.7,21.47,56.6,67.62,20.47,0,0.0,0.0,5.07
2026-09-01T14:00:00+00:00,cow_11,48.99,22.64,37.36,0.1787,384,38.42,9.61,16.93,0.83,3,87.7,21.47,56.6,67.62,20.47,0,0.0,0.0,5.2
2026-09-01T14:00:00+00:00,cow_12,45.85,19.39,40.61,0.1485,366,38.51,9.58,18.16,0.76,2,87.7,21.47,56.6,67.62,20.47,0,0.0,0.0,5.33
2026-09-01T14:00:00+00:00,cow_13,44.22,22.98,37.02,0.1497,361,38.62,8.85,19.21,0.88,2,87.7,21.47,56.6,67.62,20.47,0,0.0,0.0,5.23
2026-09-01T14:00:00+00:00,cow_14,51.46,24.08,35.92,0.1737,388,38.55,9.08,17.22,0.77,2,87.7,21.47,56.6,67.62,20.47,0,0.0,0.0,5.14
2026-09-01T14:00:00+00:00,cow_15,42.69,22.08,37.92,0.1359,362,38.53,5.77,17.94,0.58,1,87.7,21.47,56.6,67.62,20.47,0,0.0,0.0,5.1
2026-09-01T14:00:00+00:00,cow_16,48.53,22.49,37.51,0.1728,421,38.69,6.04,15.22,0.55,2,87.7,21.47,56.6,67.62,20.47,0,0.0,0.0,5.14
2026-09-01T15:00:00+00:00,cow_01,48.09,23.24,36.76,0.1636,383,38.84,7.45,17.72,0.65,2,94.0,21.19,55.2,67.15,20.19,0,0.0,0.0,5.34
2026-09-01T15:00:00+00:00,cow_02,56.79,24.34,35.66,0.1817,472,38.76,6.2,17.84,0.8,1,94.0,21.19,55.2,67.15,20.19,0,0.0,0.0,5.19
2026-09-01T15:00:00+00:00,cow_03,48.0,21.09,38.91,0.166,384,38.62,6.1,16.41,0.54,2,94.0,21.19,55.2,67.15,20.19,0,0.0,0.0,5.16
2026-09-01T15:00:00+00:00,cow_04,39.54,23.22,36.78,0.1448,298,38.57,7.95,17.91,0.57,2,94.0,21.19,55.2,67.15,20.19,0,0.0,0.0,5.3
2026-09-01T15:00:00+00:00,cow_05,53.11,19.41,40.59,0.1736,424,38.7,7.95,14.7,1.01,2,94.0,21.19,55.2,67.15,20.19,0,0.0,0.0,5.32
2026-09-01T15:00:00+00:00,cow_06,56.7,23.53,36.47,0.1829,474,38.54,7.96,18.85,0.64,2,94.0,21.19,55.2,67.15,20.19,0,0.0,0.0,5.16
2026-09-01T15:00:00+00:00,cow_07,43.29,25.91,34.09,0.1599,351,38.65,9.83,16.85,0.94,2,94.0,21.19,55.2,67.15,20.19,0,0.0,0.0,5.23
2026-09-01T15:00:00+00:00,cow_08,49.48,25.18,34.82,0.1606,386,38.67,8.8,18.66,0.68,2,94.0,21.19,55.2,67.15,20.19,0,0.0,0.0,5.27
2026-09-01T15:00:00+00:00,cow_09,41.15,24.11,35.89,0.1592,344,38.47,8.6,15.64,0.84,2,94.0,21.19,55.2,67.15,20.19,0,0.0,0.0,5.24
2026-09-01T15:00:00+00:00,cow_10,44.77,20.89,39.11,0.1666,343,38.67,5.82,19.73,0.47,2,94.0,21.19,55.2,67.15,20.19,0,0.0,0.0,5.25
2026-09-01T15:00:00+00:00,cow_11,52.61,22.72,37.28,0.1773,412,38.44,7.25,18.72,0.6,2,94.0,21.19,55.2,67.15,20.19,0,0.0,0.0,5.18
2026-09-01T15:00:00+00:00,cow_12,44.88,22.15,37.85,0.1575,370,38.54,9.68,18.51,0.69,3,94.0,21.19,55.2,67.15,20.19,0,0.0,0.0,5.25
2026-09-01T15:00:00+00:00,cow_13,44.43,22.08,37.92,0.1596,353,38.72,10.11,20.37,0.84,3,94.0,21.19,55.2,67.15,20.19,0,0.0,0.0,5.31
2026-09-01T15:00:00+00:00,cow_14,54.38,26.15,33.85,0.198,450,38.67,10.13,17.57,0.89,2,94.0,21.19,55.2,67.15,20.19,0,0.0,0.0,5.33
2026-09-01T15:00:00+00:00,cow_15,40.36,23.71,36.29,0.1576,301,38.52,6.58,17.39,0.64,1,94.0,21.19,55.2,67.15,20.19,0,0.0,0.0,5.21
2026-09-01T15:00:00+00:00,cow_16,50.87,22.09,37.91,0.161,429,38.81,7.46,16.84,0.79,1,94.0,21.19,55.2,67.15,20.19,0,0.0,0.0,5.16
2026-09-01T16:00:00+00:00,cow_01,63.8,20.12,39.88,0.2044,517,38.77,20.12,16.98,1.64,5,86.8,21.52,56.7,67.71,20.52,0,0.0,0.0,5.44
2026-09-01T16:00:00+00:00,cow_02,72.65,15.78,44.22,0.1942,589,38.74,15.74,17.34,2.11,4,86.8,21.52,56.7,67.71,20.52,0,0.0,0.0,5.19
2026-09-01T16:00:00+00:00,cow_03,62.96,15.29,44.71,0.1966,515,38.64,17.96,16.94,1.57,4,86.8,21.52,56.7,67.71,20.52,0,0.0,0.0,5.28
2026-09-01T16:00:00+00:00,cow_04,60.43,15.36,44.64,0.2007,481,38.63,17.37,19.05,1.51,4,86.8,21.52,56.7,67.71,20.52,0,0.0,0.0,5.19
2026-09-01T16:00:00+00:00,cow_05,67.85,13.39,46.61,0.1848,539,38.62,15.5,14.84,2.02,3,86.8,21.52,56.7,67.71,20.52,0,0.0,0.0,5.14
2026-09-01T16:00:00+00:00,cow_06,73.21,14.42,45.58,0.2255,568,38.54,19.69,18.23,1.49,4,86.8,21.52,56.7,67.71,20.52,0,0.0,0.0,5.19
2026-09-01T16:00:00+00:00,cow_07,60.82,17.68,42.32,0.1918,470,38.54,19.23,14.91,1.79,4,86.8,21.52,56.7,67.71,20.52,0,0.0,0.0,5.2
2026-09-01T16:00:00+00:00,cow_08,55.98,16.86,43.14,0.1689,412,38.78,22.68,20.46,1.97,5,86.8,21.52,56.7,67.71,20.52,0,0.0,0.0,5.26
2026-09-01T16:00:00+00:00,cow_09,61.67,15.14,44.86,0.1792,485,38.62,16.91,12.96,1.5,4,86.8,21.52,56.7,67.71,20.52,0,0.0,0.0,5.28
2026-09-01T16:00:00+00:00,cow_10,63.72,16.79,43.21,0.1894,480,38.66,16.12,19.02,1.42,4,86.8,21.52,56.7,67.71,20.52,0,0.0,0.0,5.41
2026-09-01T16:00:00+00:00,cow_11,70.3,15.94,44.06,0.1856,575,38.48,20.62,16.75,1.93,5,86.8,21.52,56.7,67.71,20.52,0,0.0,0.0,5.14
2026-09-01T16:00:00+00:00,cow_12,59.4,14.82,45.18,0.1907,472,38.56,20.98,17.53,1.61,5,86.8,21.52,56.7,67.71,20.52,0,0.0,0.0,5.3
2026-09-01T16:00:00+00:00,cow_13,63.71,14.09,45.91,0.1987,516,38.77,18.07,18.25,1.59,4,86.8,21.52,56.7,67.71,20.52,0,0.0,0.0,5.24
2026-09-01T16:00:00+00:00,cow_14,72.85,17.34,42.66,0.2247,593,38.69,18.74,16.54,1.63,5,86.8,21.52,56.7,67.71,20.52,0,0.0,0.0,5.2
2026-09-01T16:00:00+00:00,cow_15,55.61,13.55,46.45,0.1794,458,38.61,18.83,16.58,1.66,6,86.8,21.52,56.7,67.71,20.52,0,0.0,0.0,5.09
2026-09-01T16:00:00+00:00,cow_16,65.01,15.09,44.91,0.191,503,38.87,16.57,15.65,1.66,4,86.8,21.52,56.7,67.71,20.52,0,0.0,0.0,5.2
2026-09-01T17:00:00+00:00,cow_01,64.07,17.82,42.18,0.1949,506,38.75,19.68,14.14,1.61,5,89.4,20.5,53.2,66.09,19.5,0,13.44,8.13,5.16
2026-09-01T17:00:00+00:00,cow_02,74.07,16.79,43.21,0.206,603,38.8,17.27,19.21,2.28,4,89.4,20.5,53.2,66.09,19.5,0,15.76,7.87,5.14
2026-09-01T17:00:00+00:00,cow_03,60.14,14.8,45.2,0.1892,484,38.64,19.06,19.03,1.71,5,89.4,20.5,53.2,66.09,19.5,0,16.13,7.98,5.13
2026-09-01T17:00:00+00:00,cow_04,61.9,17.46,42.54,0.1854,491,38.58,17.99,19.83,1.52,5,89.4,20.5,53.2,66.09,19.5,0,15.92,6.93,5.23
2026-09-01T17:00:00+00:00,cow_05,69.71,9.96,50.04,0.2036,533,38.8,17.22,16.14,2.26,4,89.4,20.5,53.2,66.09,19.5,0,19.09,7.38,5.27
2026-09-01T17:00:00+00:00,cow_06,77.0,13.63,46.37,0.2104,606,38.56,18.88,18.64,1.43,5,89.4,20.5,53.2,66.09,19.5,0,15.58,7.64,5.05
2026-09-01T17:00:00+00:00,cow_07,52.66,17.15,42.85,0.1611,451,38.68,19.89,18.14,1.76,5,89.4,20.5,53.2,66.09,19.5,0,16.33,8.14,5.22
2026-09-01T17:00:00+00:00,cow_08,62.52,17.88,42.12,0.176,485,38.78,21.76,17.75,1.98,6,89.4,20.5,53.2,66.09,19.5,0,18.11,7.39,5.21
2026-09-01T17:00:00+00:00,cow_09,56.23,15.05,44.95,0.1838,431,38.59,17.34,14.66,1.57,4,89.4,20.5,53.2,66.09,19.5,0,18.64,6.83,5.24
2026-09-01T17:00:00+00:00,cow_10,65.62,12.89,47.11,0.2089,517,38.71,17.57,17.16,1.55,4,89.4,20.5,53.2,66.09,19.5,0,18.67,6.08,5.08
2026-09-01T17:00:00+00:00,cow_11,72.25,15.77,44.23,0.2221,571,38.54,21.98,16.06,2.03,6,89.4,20.5,53.2,66.09,19.5,0,17.4,7.52,5.16
2026-09-01T17:00:00+00:00,cow_12,52.08,14.48,45.52,0.1783,401,38.59,21.59,17.54,1.71,5,89.4,20.5,53.2,66.09,19.5,0,14.11,7.58,5.25
2026-09-01T17:00:00+00:00,cow_13,61.95,15.69,44.31,0.1987,464,38.83,19.28,19.58,1.79,4,89.4,20.5,53.2,66.09,19.5,0,13.98,7.11,5.18
2026-09-01T17:00:00+00:00,cow_14,76.44,15.49,44.51,0.212,614,38.66,20.13,17.78,1.75,5,89.4,20.5,53.2,66.09,19.5,0,15.34,7.66,5.08
2026-09-01T17:00:00+00:00,cow_15,61.64,14.68,45.32,0.1932,503,38.5,21.31,16.88,2.03,5,89.4,20.5,53.2,66.09,19.5,0,18.9,7.78,5.26
2026-09-01T17:00:00+00:00,cow_16,62.67,15.26,44.74,0.2048,503,38.68,15.72,15.4,1.55,4,89.4,20.5,53.2,66.09,19.5,0,15.5,7.57,5.04
2026-09-01T18:00:00+00:00,cow_01,68.56,16.35,43.65,0.2165,530,38.87,18.01,16.05,1.43,5,85.4,19.02,53.6,64.14,18.02,0,0.0,0.0,5.29
2026-09-01T18:00:00+00:00,cow_02,76.52,14.53,45.47,0.2106,596,38.68,16.0,19.03,2.07,5,85.4,19.02,53.6,64.14,18.02,0,0.0,0.0,5.16
2026-09-01T18:00:00+00:00,cow_03,58.53,14.56,45.44,0.174,473,38.65,17.5,16.42,1.52,4,85.4,19.02,53.6,64.14,18.02,0,0.0,0.0,5.16
2026-09-01T18:00:00+00:00,cow_04,58.82,15.13,44.87,0.184,470,38.66,18.57,18.75,1.57,5,85.4,19.02,53.6,64.14,18.02,0,0.0,0.0,5.19
2026-09-01T18:00:00+00:00,cow_05,65.16,14.96,45.04,0.1871,535,38.75,16.49,14.82,2.1,5,85.4,19.02,53.6,64.14,18.02,0,0.0,0.0,5.18
2026-09-01T18:00:00+00:00,cow_06,72.68,16.27,43.73,0.2172,573,38.51,18.43,17.98,1.37,5,85.4,19.02,53.6,64.14,18.02,0,0.0,0.0,5.15
2026-09-01T18:00:00+00:00,cow_07,52.61,16.24,43.76,0.1814,385,38.67,17.72,17.35,1.64,4,85.4,19.02,53.6,64.14,18.02,0,0.0,0.0,5.19
2026-09-01T18:00:00+00:00,cow_08,58.68,15.43,44.57,0.2026,456,38.89,19.84,19.73,1.64,5,85.4,19.02,53.6,64.14,18.02,0,0.0,0.0,5.17
2026-09-01T18:00:00+00:00,cow_09,57.83,15.85,44.15,0.1794,441,38.63,15.57,17.57,1.5,4,85.4,19.02,53.6,64.14,18.02,0,0.0,0.0,5.29
2026-09-01T18:00:00+00:00,cow_10,65.61,14.17,45.83,0.2121,507,38.72,15.31,19.44,1.46,4,85.4,19.02,53.6,64.14,18.02,0,0.0,0.0,5.22
2026-09-01T18:00:00+00:00,cow_11,72.68,12.21,47.79,0.1977,607,38.49,19.11,19.68,1.79,5,85.4,19.02,53.6,64.14,18.02,0,0.0,0.0,5.24
2026-09-01T18:00:00+00:00,cow_12,61.97,15.91,44.09,0.1982,484,38.64,19.81,17.41,1.61,5,85.4,19.02,53.6,64.14,18.02,0,0.0,0.0,5.34
2026-09-01T18:00:00+00:00,cow_13,67.48,16.73,43.27,0.1843,567,38.84,17.97,19.95,1.56,5,85.4,19.02,53.6,64.14,18.02,0,0.0,0.0,5.09
2026-09-01T18:00:00+00:00,cow_14,70.09,17.84,42.16,0.2169,565,38.73,17.49,17.15,1.56,4,85.4,19.02,53.6,64.14,18.02,0,0.0,0.0,5.2
2026-09-01T18:00:00+00:00,cow_15,56.79,14.17,45.83,0.183,450,38.66,16.53,15.98,1.46,4,85.4,19.02,53.6,64.14,18.02,0,0.0,0.0,5.21
2026-09-01T18:00:00+00:00,cow_16,66.14,18.56,41.44,0.1913,529,38.82,15.29,16.38,1.48,3,85.4,19.02,53.6,64.14,18.02,0,0.0,0.0,5.18
2026-09-01T19:00:00+00:00,cow_01,66.3,17.84,42.16,0.2057,546,38.83,19.69,14.91,1.54,6,90.3,18.51,53.2,63.43,17.51,0,0.0,0.0,5.31
2026-09-01T19:00:00+00:00,cow_02,74.81,16.32,43.68,0.2056,616,38.84,17.52,18.37,2.26,4,90.3,18.51,53.2,63.43,17.51,0,0.0,0.0,5.25
2026-09-01T19:00:00+00:00,cow_03,60.09,13.59,46.41,0.197,491,38.64,20.39,18.54,1.78,5,90.3,18.51,53.2,63.43,17.51,0,0.0,0.0,5.24
2026-09-01T19:00:00+00:00,cow_04,57.56,15.29,44.71,0.1621,473,38.63,20.07,18.24,1.71,5,90.3,18.51,53.2,63.43,17.51,0,0.0,0.0,5.18
2026-09-01T19:00:00+00:00,cow_05,73.04,10.72,49.28,0.2242,589,38.72,15.53,17.59,1.92,3,90.3,18.51,53.2,63.43,17.51,0,0.0,0.0,5.29
2026-09-01T19:00:00+00:00,cow_06,75.01,13.88,46.12,0.2172,584,38.68,21.19,17.81,1.64,6,90.3,18.51,53.2,63.43,17.51,0,0.0,0.0,5.2
2026-09-01T19:00:00+00:00,cow_07,54.49,17.93,42.07,0.1989,420,38.65,20.39,16.56,1.8,6,90.3,18.51,53.2,63.43,17.51,0,0.0,0.0,5.39
2026-09-01T19:00:00+00:00,cow_08,61.18,16.1,43.9,0.1746,493,38.88,22.35,19.1,1.88,5,90.3,18.51,53.2,63.43,17.51,0,0.0,0.0,5.27
2026-09-01T19:00:00+00:00,cow_09,60.9,12.62,47.38,0.2055,495,38.68,16.32,15.31,1.51,4,90.3,18.51,53.2,63.43,17.51,0,0.0,0.0,5.34
2026-09-01T19:00:00+00:00,cow_10,66.17,14.85,45.15,0.1888,547,38.71,18.03,18.37,1.74,5,90.3,18.51,53.2,63.43,17.51,0,0.0,0.0,5.19
2026-09-01T19:00:00+00:00,cow_11,72.08,14.43,45.57,0.214,577,38.57,20.86,18.4,1.84,5,90.3,18.51,53.2,63.43,17.51,0,0.0,0.0,5.12
2026-09-01T19:00:00+00:00,cow_12,55.42,12.93,47.07,0.1618,422,38.59,23.31,17.32,1.85,6,90.3,18.51,53.2,63.43,17.51,0,0.0,0.0,5.21
2026-09-01T19:00:00+00:00,cow_13,63.22,13.56,46.44,0.2083,532,38.73,18.78,18.73,1.64,5,90.3,18.51,53.2,63.43,17.51,0,0.0,0.0,5.14
2026-09-01T19:00:00+00:00,cow_14,77.52,18.56,41.44,0.2217,635,38.82,20.16,16.42,1.77,5,90.3,18.51,53.2,63.43,17.51,0,0.0,0.0,5.21
2026-09-01T19:00:00+00:00,cow_15,53.31,13.45,46.55,0.1752,425,38.7,18.41,17.24,1.75,6,90.3,18.51,53.2,63.43,17.51,0,0.0,0.0,5.17
2026-09-01T19:00:00+00:00,cow_16,63.31,16.49,43.51,0.1959,505,38.84,14.47,16.45,1.42,4,90.3,18.51,53.2,63.43,17.51,0,0.0,0.0,5.36
2026-09-01T20:00:00+00:00,cow_01,44.83,27.71,32.29,0.162,349,38.81,8.96,15.61,0.64,2,89.4,17.73,51.6,62.34,16.73,0,0.0,0.0,5.3
2026-09-01T20:00:00+00:00,cow_02,58.71,22.92,37.08,0.1984,472,38.87,7.07,17.6,1.01,2,89.4,17.73,51.6,62.34,16.73,0,0.0,0.0,5.25
2026-09-01T20:00:00+00:00,cow_03,41.55,22.53,37.47,0.1658,361,38.76,8.49,15.28,0.75,2,89.4,17.73,51.6,62.34,16.73,0,0.0,0.0,5.22
2026-09-01T20:00:00+00:00,cow_04,41.19,21.97,38.03,0.149,321,38.68,7.61,18.98,0.53,1,89.4,17.73,51.6,62.34,16.73,0,0.0,0.0,5.17
2026-09-01T20:00:00+00:00,cow_05,50.98,21.4,38.6,0.1645,408,38.79,6.19,16.79,0.79,2,89.4,17.73,51.6,62.34,16.73,0,0.0,0.0,5.21
2026-09-01T20:00:00+00:00,cow_06,60.19,23.24,36.76,0.1835,493,38.55,8.51,17.55,0.66,2,89.4,17.73,51.6,62.34,16.73,0,0.0,0.0,5.12
2026-09-01T20:00:00+00:00,cow_07,40.58,25.37,34.63,0.1419,351,38.55,8.01,16.76,0.75,2,89.4,17.73,51.6,62.34,16.73,0,0.0,0.0,5.29
2026-09-01T20:00:00+00:00,cow_08,41.47,24.66,35.34,0.1609,347,38.76,11.77,18.03,0.94,3,89.4,17.73,51.6,62.34,16.73,0,0.0,0.0,5.17
2026-09-01T20:00:00+00:00,cow_09,42.18,22.72,37.28,0.1406,311,38.58,8.45,16.29,0.87,3,89.4,17.73,51.6,62.34,16.73,0,0.0,0.0,5.22
2026-09-01T20:00:00+00:00,cow_10,48.56,22.66,37.34,0.169,382,38.75,5.77,16.06,0.59,2,89.4,17.73,51.6,62.34,16.73,0,0.0,0.0,5.2
2026-09-01T20:00:00+00:00,cow_11,55.35,20.6,39.4,0.1696,438,38.67,7.6,15.15,0.68,2,89.4,17.73,51.6,62.34,16.73,0,0.0,0.0,5.06
2026-09-01T20:00:00+00:00,cow_12,40.23,23.0,37.0,0.1781,301,38.56,9.24,19.39,0.7,2,89.4,17.73,51.6,62.34,16.73,0,0.0,0.0,5.23
2026-09-01T20:00:00+00:00,cow_13,48.51,25.11,34.89,0.1739,400,38.81,10.7,18.59,0.93,4,89.4,17.73,51.6,62.34,16.73,0,0.0,0.0,5.08
2026-09-01T20:00:00+00:00,cow_14,48.79,24.69,35.31,0.1678,386,38.82,7.73,17.48,0.66,1,89.4,17.73,51.6,62.34,16.73,0,0.0,0.0,5.2
2026-09-01T20:00:00+00:00,cow_15,44.54,24.59,35.41,0.166,318,38.61,8.31,17.76,0.77,3,89.4,17.73,51.6,62.34,16.73,0,0.0,0.0,5.23
2026-09-01T20:00:00+00:00,cow_16,49.89,22.19,37.81,0.1712,411,38.8,6.3,14.87,0.58,2,89.4,17.73,51.6,62.34,16.73,0,0.0,0.0,5.05
2026-09-01T21:00:00+00:00,cow_01,48.17,23.48,36.52,0.1598,371,38.88,7.91,17.25,0.66,3,91.2,16.47,54.1,60.73,15.47,0,0.0,0.0,5.08
2026-09-01T21:00:00+00:00,cow_02,59.01,25.47,34.53,0.1765,487,38.82,6.4,18.43,0.8,3,91.2,16.47,54.1,60.73,15.47,0,0.0,0.0,5.2
2026-09-01T21:00:00+00:00,cow_03,46.86,20.58,39.42,0.1566,391,38.62,7.68,17.18,0.67,2,91.2,16.47,54.1,60.73,15.47,0,0.0,0.0,5.23
2026-09-01T21:00:00+00:00,cow_04,45.96,23.39,36.61,0.1529,363,38.76,8.79,16.99,0.77,1,91.2,16.47,54.1,60.73,15.47,0,0.0,0.0,5.2
2026-09-01T21:00:00+00:00,cow_05,56.22,19.7,40.3,0.1729,461,38.7,6.43,16.29,0.78,1,91.2,16.47,54.1,60.73,15.47,0,0.0,0.0,5.26
2026-09-01T21:00:00+00:00,cow_06,55.99,22.75,37.25,0.1774,453,38.62,9.02,16.57,0.68,2,91.2,16.47,54.1,60.73,15.47,0,0.0,0.0,5.2
2026-09-01T21:00:00+00:00,cow_07,40.52,23.55,36.45,0.1555,327,38.71,8.06,17.11,0.76,2,91.2,16.47,54.1,60.73,15.47,0,0.0,0.0,5.13
2026-09-01T21:00:00+00:00,cow_08,45.33,26.05,33.95,0.1617,331,38.84,11.52,18.67,0.95,3,91.2,16.47,54.1,60.73,15.47,0,0.0,0.0,5.22
2026-09-01T21:00:00+00:00,cow_09,46.4,19.94,40.06,0.1708,380,38.6,7.85,18.19,0.77,1,91.2,16.47,54.1,60.73,15.47,0,0.0,0.0,5.27
2026-09-01T21:00:00+00:00,cow_10,47.55,22.34,37.66,0.1663,378,38.82,6.89,17.37,0.61,2,91.2,16.47,54.1,60.73,15.47,0,0.0,0.0,5.3
2026-09-01T21:00:00+00:00,cow_11,55.86,20.57,39.43,0.2054,450,38.66,8.79,18.94,0.86,3,91.2,16.47,54.1,60.73,15.47,0,0.0,0.0,5.28
2026-09-01T21:00:00+00:00,cow_12,45.37,22.13,37.87,0.1559,367,38.68,8.86,19.23,0.77,2,91.2,16.47,54.1,60.73,15.47,0,0.0,0.0,5.13
2026-09-01T21:00:00+00:00,cow_13,46.62,22.91,37.09,0.1587,393,38.83,8.46,17.35,0.7,2,91.2,16.47,54.1,60.73,15.47,0,0.0,0.0,5.03
2026-09-01T21:00:00+00:00,cow_14,55.94,24.28,35.72,0.2131,482,38.75,8.71,18.59,0.85,1,91.2,16.47,54.1,60.73,15.47,0,0.0,0.0,5.06
2026-09-01T21:00:00+00:00,cow_15,40.85,22.29,37.71,0.1585,342,38.54,6.1,17.67,0.52,1,91.2,16.47,54.1,60.73,15.47,0,0.0,0.0,5.21
2026-09-01T21:00:00+00:00,cow_16,47.97,22.67,37.33,0.1618,381,38.8,5.88,14.77,0.6,2,91.2,16.47,54.1,60.73,15.47,0,0.0,0.0,5.21
2026-09-01T22:00:00+00:00,cow_01,23.31,36.56,23.44,0.1365,198,38.79,2.11,21.85,0.22,1,90.1,15.85,52.6,59.87,14.85,0,0.0,0.0,5.15
2026-09-01T22:00:00+00:00,cow_02,33.57,36.3,23.7,0.1383,291,38.79,2.34,27.72,0.22,1,90.1,15.85,52.6,59.87,14.85,0,0.0,0.0,5.15
2026-09-01T22:00:00+00:00,cow_03,21.15,32.45,27.55,0.1128,184,38.62,1.71,24.47,0.08,0,90.1,15.85,52.6,59.87,14.85,0,0.0,0.0,5.07
2026-09-01T22:00:00+00:00,cow_04,26.63,33.57,26.43,0.1278,226,38.65,2.13,25.04,0.13,0,90.1,15.85,52.6,59.87,14.85,0,0.0,0.0,5.16
2026-09-01T22:00:00+00:00,cow_05,27.35,32.67,27.33,0.1203,223,38.79,1.71,21.02,0.22,0,90.1,15.85,52.6,59.87,14.85,0,0.0,0.0,5.22
2026-09-01T22:00:00+00:00,cow_06,34.14,34.21,25.79,0.1351,259,38.57,1.18,25.36,0.0,1,90.1,15.85,52.6,59.87,14.85,0,0.0,0.0,5.13
2026-09-01T22:00:00+00:00,cow_07,22.12,37.15,22.85,0.1343,177,38.7,3.93,23.67,0.3,1,90.1,15.85,52.6,59.87,14.85,0,0.0,0.0,5.14
2026-09-01T22:00:00+00:00,cow_08,23.47,38.79,21.21,0.1209,193,38.84,2.74,27.45,0.21,1,90.1,15.85,52.6,59.87,14.85,0,0.0,0.0,5.15
2026-09-01T22:00:00+00:00,cow_09,26.87,31.11,28.89,0.1246,210,38.61,3.18,22.43,0.24,0,90.1,15.85,52.6,59.87,14.85,0,0.0,0.0,5.31
2026-09-01T22:00:00+00:00,cow_10,26.98,32.31,27.69,0.1241,233,38.73,1.82,25.48,0.12,1,90.1,15.85,52.6,59.87,14.85,0,0.0,0.0,5.33
2026-09-01T22:00:00+00:00,cow_11,27.43,35.45,24.55,0.1245,227,38.65,2.62,25.45,0.28,0,90.1,15.85,52.6,59.87,14.85,0,0.0,0.0,5.29
2026-09-01T22:00:00+00:00,cow_12,24.11,33.63,26.37,0.1174,172,38.59,2.54,24.07,0.2,1,90.1,15.85,52.6,59.87,14.85,0,0.0,0.0,5.18
2026-09-01T22:00:00+00:00,cow_13,27.49,33.05,26.95,0.1395,221,38.88,5.02,26.36,0.43,1,90.1,15.85,52.6,59.87,14.85,0,0.0,0.0,5.25
2026-09-01T22:00:00+00:00,cow_14,32.69,36.44,23.56,0.1427,259,38.78,4.23,24.27,0.29,1,90.1,15.85,52.6,59.87,14.85,0,0.0,0.0,5.13
2026-09-01T22:00:00+00:00,cow_15,22.97,33.86,26.14,0.1243,182,38.56,0.0,24.32,0.0,1,90.1,15.85,52.6,59.87,14.85,0,0.0,0.0,5.23
2026-09-01T22:00:00+00:00,cow_16,23.94,36.48,23.52,0.1346,188,38.87,1.68,22.25,0.19,1,90.1,15.85,52.6,59.87,14.85,0,0.0,0.0,5.25
2026-09-01T23:00:00+00:00,cow_01,30.57,37.38,22.62,0.1512,239,38.84,1.03,23.24,0.05,0,85.5,15.39,54.9,59.28,14.39,0,0.0,0.0,5.22
2026-09-01T23:00:00+00:00,cow_02,33.25,34.99,25.01,0.1249,264,38.76,2.49,28.56,0.32,2,85.5,15.39,54.9,59.28,14.39,0,0.0,0.0,5.22
2026-09-01T23:00:00+00:00,cow_03,23.83,30.81,29.19,0.1203,185,38.7,2.84,22.78,0.26,1,85.5,15.39,54.9,59.28,14.39,0,0.0,0.0,5.32
2026-09-01T23:00:00+00:00,cow_04,26.55,35.16,24.84,0.1284,218,38.73,0.98,25.89,0.05,0,85.5,15.39,54.9,59.28,14.39,0,0.0,0.0,5.3
2026-09-01T23:00:00+00:00,cow_05,26.82,28.65,31.35,0.1242,228,38.77,2.5,21.65,0.25,1,85.5,15.39,54.9,59.28,14.39,0,0.0,0.0,5.13
2026-09-01T23:00:00+00:00,cow_06,35.67,34.96,25.04,0.1384,276,38.58,2.27,25.58,0.18,0,85.5,15.39,54.9,59.28,14.39,0,0.0,0.0,5.35
2026-09-01T23:00:00+00:00,cow_07,23.53,39.65,20.35,0.1163,193,38.65,0.6,25.89,0.12,0,85.5,15.39,54.9,59.28,14.39,0,0.0,0.0,5.11
2026-09-01T23:00:00+00:00,cow_08,25.6,39.06,20.94,0.1296,207,38.81,4.17,27.65,0.3,2,85.5,15.39,54.9,59.28,14.39,0,0.0,0.0,5.33
2026-09-01T23:00:00+00:00,cow_09,31.76,31.64,28.36,0.1396,222,38.6,1.65,26.24,0.12,0,85.5,15.39,54.9,59.28,14.39,0,0.0,0.0,5.16
2026-09-01T23:00:00+00:00,cow_10,21.3,35.06,24.94,0.0977,170,38.61,1.72,28.39,0.18,0,85.5,15.39,54.9,59.28,14.39,0,0.0,0.0,5.2
2026-09-01T23:00:00+00:00,cow_11,29.94,34.05,25.95,0.1202,248,38.42,1.99,25.26,0.22,1,85.5,15.39,54.9,59.28,14.39,0,0.0,0.0,5.09
2026-09-01T23:00:00+00:00,cow_12,21.29,34.8,25.2,0.1175,161,38.57,3.36,24.72,0.26,2,85.5,15.39,54.9,59.28,14.39,0,0.0,0.0,5.09
2026-09-01T23:00:00+00:00,cow_13,21.21,35.43,24.57,0.1114,164,38.74,2.21,28.84,0.24,1,85.5,15.39,54.9,59.28,14.39,0,0.0,0.0,5.09
2026-09-01T23:00:00+00:00,cow_14,26.5,33.16,26.84,0.1196,226,38.75,2.36,24.54,0.17,1,85.5,15.39,54.9,59.28,14.39,0,0.0,0.0,5.26
2026-09-01T23:00:00+00:00,cow_15,19.28,33.13,26.87,0.124,148,38.6,5.28,23.36,0.5,1,85.5,15.39,54.9,59.28,14.39,0,0.0,0.0,5.21
2026-09-01T23:00:00+00:00,cow_16,26.44,35.17,24.83,0.1174,214,38.86,2.57,23.22,0.24,1,85.5,15.39,54.9,59.28,14.39,0,0.0,0.0,5.22
2026-09-02T00:00:00+00:00,cow_01,28.31,40.48,19.52,0.1218,217,38.74,4.13,23.21,0.26,1,88.1,14.59,55.3,58.2,13.59,0,0.0,0.0,5.18
2026-09-02T00:00:00+00:00,cow_02,27.79,36.1,23.9,0.1271,216,38.72,3.47,26.98,0.45,1,88.1,14.59,55.3,58.2,13.59,0,0.0,0.0,5.16
2026-09-02T00:00:00+00:00,cow_03,24.9,33.33,26.67,0.1256,186,38.61,3.2,23.98,0.29,1,88.1,14.59,55.3,58.2,13.59,0,0.0,0.0,5.23
2026-09-02T00:00:00+00:00,cow_04,25.72,33.76,26.24,0.1172,187,38.69,3.15,27.09,0.31,1,88.1,14.59,55.3,58.2,13.59,0,0.0,0.0,5.15
2026-09-02T00:00:00+00:00,cow_05,25.86,30.6,29.4,0.1387,199,38.76,1.95,21.18,0.19,0,88.1,14.59,55.3,58.2,13.59,0,0.0,0.0,5.31
2026-09-02T00:00:00+00:00,cow_06,27.5,37.28,22.72,0.1211,231,38.55,2.26,22.72,0.17,0,88.1,14.59,55.3,58.2,13.59,0,0.0,0.0,5.07
2026-09-02T00:00:00+00:00,cow_07,23.7,37.54,22.46,0.1395,204,38.69,1.88,23.63,0.04,0,88.1,14.59,55.3,58.2,13.59,0,0.0,0.0,5.21
2026-09-02T00:00:00+00:00,cow_08,25.11,38.87,21.13,0.1259,160,38.77,3.29,28.57,0.3,1,88.1,14.59,55.3,58.2,13.59,0,0.0,0.0,5.29
2026-09-02T00:00:00+00:00,cow_09,17.99,32.55,27.45,0.1047,143,38.43,3.59,23.63,0.35,1,88.1,14.59,55.3,58.2,13.59,0,0.0,0.0,5.3
2026-09-02T00:00:00+00:00,cow_10,21.58,34.11,25.89,0.1303,171,38.64,1.5,25.94,0.1,0,88.1,14.59,55.3,58.2,13.59,0,0.0,0.0,5.32
2026-09-02T00:00:00+00:00,cow_11,28.4,32.61,27.39,0.1357,224,38.46,2.64,25.72,0.29,0,88.1,14.59,55.3,58.2,13.59,0,0.0,0.0,5.28
2026-09-02T00:00:00+00:00,cow_12,23.51,32.84,27.16,0.1092,217,38.55,3.68,23.29,0.42,1,88.1,14.59,55.3,58.2,13.59,0,0.0,0.0,5.18
2026-09-02T00:00:00+00:00,cow_13,25.07,35.36,24.64,0.1319,203,38.74,3.1,24.83,0.26,0,88.1,14.59,55.3,58.2,13.59,0,0.0,0.0,5.25
2026-09-02T00:00:00+00:00,cow_14,27.69,35.06,24.94,0.1219,223,38.68,1.49,22.52,0.13,0,88.1,14.59,55.3,58.2,13.59,0,0.0,0.0,5.18
2026-09-02T00:00:00+00:00,cow_15,22.92,33.33,26.67,0.1297,185,38.52,2.57,23.08,0.15,1,88.1,14.59,55.3,58.2,13.59,0,0.0,0.0,5.27
2026-09-02T00:00:00+00:00,cow_16,30.26,38.3,21.7,0.1227,237,38.88,2.14,22.35,0.13,1,88.1,14.59,55.3,58.2,13.59,0,0.0,0.0,5.35
2026-09-02T01:00:00+00:00,cow_01,22.49,37.02,22.98,0.1348,174,38.78,2.39,20.33,0.24,0,86.7,15.13,55.8,58.94,14.13,0,0.0,0.0,5.26
2026-09-02T01:00:00+00:00,cow_02,30.79,33.94,26.06,0.1371,279,38.73,1.91,28.71,0.26,1,86.7,15.13,55.8,58.94,14.13,0,0.0,0.0,5.11
2026-09-02T01:00:00+00:00,cow_03,25.28,34.78,25.22,0.1172,223,38.58,1.52,25.39,0.12,1,86.7,15.13,55.8,58.94,14.13,0,0.0,0.0,5.18
2026-09-02T01:00:00+00:00,cow_04,24.18,34.76,25.24,0.1264,163,38.54,3.28,26.15,0.26,0,86.7,15.13,55.8,58.94,14.13,0,0.0,0.0,5.11
2026-09-02T01:00:00+00:00,cow_05,23.26,32.08,27.92,0.1159,171,38.67,2.46,24.5,0.24,1,86.7,15.13,55.8,58.94,14.13,0,0.0,0.0,5.28
2026-09-02T01:00:00+00:00,cow_06,28.27,34.41,25.59,0.1263,228,38.59,3.15,24.85,0.22,0,86.7,15.13,55.8,58.94,14.13,0,0.0,0.0,5.18
2026-09-02T01:00:00+00:00,cow_07,26.42,36.2,23.8,0.117,213,38.52,1.73,22.96,0.09,0,86.7,15.13,55.8,58.94,14.13,0,0.0,0.0,5.26
2026-09-02T01:00:00+00:00,cow_08,21.46,36.53,23.47,0.1123,182,38.71,2.3,27.02,0.11,1,86.7,15.13,55.8,58.94,14.13,0,0.0,0.0,5.23
2026-09-02T01:00:00+00:00,cow_09,22.86,34.83,25.17,0.1099,199,38.51,1.9,23.91,0.17,1,86.7,15.13,55.8,58.94,14.13,0,0.0,0.0,5.11
2026-09-02T01:00:00+00:00,cow_10,24.33,35.49,24.51,0.1178,208,38.74,1.67,27.23,0.1,1,86.7,15.13,55.8,58.94,14.13,0,0.0,0.0,5.22
2026-09-02T01:00:00+00:00,cow_11,31.08,32.37,27.63,0.1193,256,38.39,2.34,26.97,0.23,2,86.7,15.13,55.8,58.94,14.13,0,0.0,0.0,5.28
2026-09-02T01:00:00+00:00,cow_12,22.12,34.54,25.46,0.1193,153,38.48,2.14,22.9,0.17,0,86.7,15.13,55.8,58.94,14.13,0,0.0,0.0,5.07
2026-09-02T01:00:00+00:00,cow_13,26.85,35.33,24.67,0.1306,209,38.74,3.18,27.29,0.25,1,86.7,15.13,55.8,58.94,14.13,0,0.0,0.0,5.3
2026-09-02T01:00:00+00:00,cow_14,27.88,40.56,19.44,0.1249,223,38.62,2.84,22.47,0.22,0,86.7,15.13,55.8,58.94,14.13,0,0.0,0.0,5.21
2026-09-02T01:00:00+00:00,cow_15,25.81,33.65,26.35,0.1027,237,38.51,1.73,23.67,0.17,0,86.7,15.13,55.8,58.94,14.13,0,0.0,0.0,5.22
2026-09-02T01:00:00+00:00,cow_16,23.78,34.27,25.73,0.1159,168,38.72,2.73,22.68,0.31,1,86.7,15.13,55.8,58.94,14.13,0,0.0,0.0,5.16
2026-09-02T02:00:00+00:00,cow_01,27.2,38.55,21.45,0.1366,225,38.74,3.84,22.96,0.26,1,88.4,14.84,56.6,58.54,13.84,0,0.0,0.0,5.19
2026-09-02T02:00:00+00:00,cow_02,33.43,35.57,24.43,0.1364,295,38.66,1.37,28.35,0.18,0,88.4,14.84,56.6,58.54,13.84,0,0.0,0.0,5.28
2026-09-02T02:00:00+00:00,cow_03,22.83,33.3,26.7,0.1204,186,38.43,2.12,25.54,0.25,0,88.4,14.84,56.6,58.54,13.84,0,0.0,0.0,5.27
2026-09-02T02:00:00+00:00,cow_04,22.42,33.46,26.54,0.1171,181,38.61,2.66,26.16,0.28,0,88.4,14.84,56.6,58.54,13.84,0,0.0,0.0,5.19
2026-09-02T02:00:00+00:00,cow_05,30.8,33.03,26.97,0.1308,223,38.65,0.56,21.74,0.13,0,88.4,14.84,56.6,58.54,13.84,0,0.0,0.0,5.04
2026-09-02T02:00:00+00:00,cow_06,30.72,33.63,26.37,0.1225,250,38.45,2.11,24.39,0.13,1,88.4,14.84,56.6,58.54,13.84,0,0.0,0.0,5.15
2026-09-02T02:00:00+00:00,cow_07,22.06,39.98,20.02,0.1306,150,38.56,3.97,25.34,0.39,0,88.4,14.84,56.6,58.54,13.84,0,0.0,0.0,5.25
2026-09-02T02:00:00+00:00,cow_08,22.55,38.42,21.58,0.1244,168,38.63,3.29,29.21,0.34,1,88.4,14.84,56.6,58.54,13.84,0,0.0,0.0,5.28
2026-09-02T02:00:00+00:00,cow_09,25.47,34.0,26.0,0.1348,183,38.47,2.2,24.03,0.18,1,88.4,14.84,56.6,58.54,13.84,0,0.0,0.0,5.13
2026-09-02T02:00:00+00:00,cow_10,24.9,32.96,27.04,0.1335,199,38.59,1.74,26.42,0.24,0,88.4,14.84,56.6,58.54,13.84,0,0.0,0.0,5.25
2026-09-02T02:00:00+00:00,cow_11,31.08,32.02,27.98,0.1506,256,38.43,0.85,26.12,0.08,0,88.4,14.84,56.6,58.54,13.84,0,0.0,0.0,5.12
2026-09-02T02:00:00+00:00,cow_12,25.92,31.57,28.43,0.1298,204,38.51,2.46,25.69,0.16,1,88.4,14.84,56.6,58.54,13.84,0,0.0,0.0,5.24
2026-09-02T02:00:00+00:00,cow_13,26.21,34.83,25.17,0.1179,200,38.64,2.28,28.55,0.19,0,88.4,14.84,56.6,58.54,13.84,0,0.0,0.0,5.24
2026-09-02T02:00:00+00:00,cow_14,32.74,35.52,24.48,0.1587,268,38.67,4.14,25.73,0.36,2,88.4,14.84,56.6,58.54,13.84,0,0.0,0.0,5.22
2026-09-02T02:00:00+00:00,cow_15,26.05,34.48,25.52,0.116,220,38.45,2.69,23.64,0.25,1,88.4,14.84,56.6,58.54,13.84,0,0.0,0.0,5.09
2026-09-02T02:00:00+00:00,cow_16,20.99,31.98,28.02,0.1285,156,38.68,2.08,21.0,0.24,0,88.4,14.84,56.6,58.54,13.84,0,0.0,0.0,5.18
2026-09-02T03:00:00+00:00,cow_01,28.58,37.34,22.66,0.1306,224,38.58,2.99,21.89,0.27,0,92.2,14.71,60.3,58.38,13.71,0,0.0,0.0,5.34
2026-09-02T03:00:00+00:00,cow_02,28.48,36.59,23.41,0.1392,219,38.67,0.86,29.16,0.11,0,92.2,14.71,60.3,58.38,13.71,0,0.0,0.0,5.18
2026-09-02T03:00:00+00:00,cow_03,26.72,32.35,27.65,0.1206,210,38.44,4.38,23.51,0.42,1,92.2,14.71,60.3,58.38,13.71,0,0.0,0.0,5.12
2026-09-02T03:00:00+00:00,cow_04,24.31,35.19,24.81,0.1219,212,38.57,3.41,25.76,0.24,1,92.2,14.71,60.3,58.38,13.71,0,0.0,0.0,5.22
2026-09-02T03:00:00+00:00,cow_05,29.68,28.98,31.02,0.1333,239,38.58,3.52,22.5,0.51,1,92.2,14.71,60.3,58.38,13.71,0,0.0,0.0,5.27
2026-09-02T03:00:00+00:00,cow_06,34.3,36.08,23.92,0.1308,270,38.42,3.19,25.06,0.2,1,92.2,14.71,60.3,58.38,13.71,0,0.0,0.0,5.04
2026-09-02T03:00:00+00:00,cow_07,27.01,37.72,22.28,0.1292,211,38.55,0.0,23.45,0.0,0,92.2,14.71,60.3,58.38,13.71,0,0.0,0.0,5.34
2026-09-02T03:00:00+00:00,cow_08,22.51,40.09,19.91,0.1241,198,38.61,2.21,28.28,0.21,0,92.2,14.71,60.3,58.38,13.71,0,0.0,0.0,5.16
2026-09-02T03:00:00+00:00,cow_09,24.84,34.58,25.42,0.1179,155,38.45,1.15,21.51,0.0,1,92.2,14.71,60.3,58.38,13.71,0,0.0,0.0,5.21
2026-09-02T03:00:00+00:00,cow_10,25.68,36.02,23.98,0.1326,229,38.5,2.17,24.47,0.19,0,92.2,14.71,60.3,58.38,13.71,0,0.0,0.0,5.25
2026-09-02T03:00:00+00:00,cow_11,30.01,34.28,25.72,0.1411,272,38.4,1.89,26.14,0.14,1,92.2,14.71,60.3,58.38,13.71,0,0.0,0.0,5.18
2026-09-02T03:00:00+00:00,cow_12,22.34,33.79,26.21,0.1274,176,38.41,4.54,24.31,0.36,1,92.2,14.71,60.3,58.38,13.71,0,0.0,0.0,5.07
2026-09-02T03:00:00+00:00,cow_13,27.04,32.67,27.33,0.1369,201,38.66,3.77,27.96,0.35,1,92.2,14.71,60.3,58.38,13.71,0,0.0,0.0,5.15
2026-09-02T03:00:00+00:00,cow_14,33.05,36.37,23.63,0.1291,274,38.54,1.84,22.83,0.14,0,92.2,14.71,60.3,58.38,13.71,0,0.0,0.0,5.22
2026-09-02T03:00:00+00:00,cow_15,25.7,33.47,26.53,0.1244,202,38.45,3.93,23.64,0.34,0,92.2,14.71,60.3,58.38,13.71,0,0.0,0.0,5.08
2026-09-02T03:00:00+00:00,cow_16,26.96,35.74,24.26,0.1343,213,38.71,1.8,23.21,0.17,0,92.2,14.71,60.3,58.38,13.71,0,0.0,0.0,5.25
2026-09-02T04:00:00+00:00,cow_01,26.71,37.03,22.97,0.1468,228,38.6,2.23,22.77,0.2,0,87.9,15.13,61.4,58.98,14.13,0,0.0,0.0,5.37
2026-09-02T04:00:00+00:00,cow_02,28.75,36.26,23.74,0.1321,259,38.58,3.58,27.91,0.42,1,87.9,15.13,61.4,58.98,14.13,0,0.0,0.0,5.19
2026-09-02T04:00:00+00:00,cow_03,21.99,33.77,26.23,0.1198,184,38.48,1.79,25.11,0.12,0,87.9,15.13,61.4,58.98,14.13,0,0.0,0.0,5.21
2026-09-02T04:00:00+00:00,cow_04,22.94,34.59,25.41,0.1413,213,38.48,1.55,27.01,0.11,1,87.9,15.13,61.4,58.98,14.13,0,0.0,0.0,5.15
2026-09-02T04:00:00+00:00,cow_05,28.94,31.02,28.98,0.1439,222,38.59,0.86,22.93,0.06,0,87.9,15.13,61.4,58.98,14.13,0,0.0,0.0,5.28
2026-09-02T04:00:00+00:00,cow_06,29.71,32.56,27.44,0.1385,225,38.38,2.84,25.87,0.22,1,87.9,15.13,61.4,58.98,14.13,0,0.0,0.0,5.26
2026-09-02T04:00:00+00:00,cow_07,23.53,39.45,20.55,0.1331,183,38.29,1.74,24.92,0.16,0,87.9,15.13,61.4,58.98,14.13,0,0.0,0.0,5.29
2026-09-02T04:00:00+00:00,cow_08,24.47,35.79,24.21,0.109,202,38.6,4.26,26.09,0.35,1,87.9,15.13,61.4,58.98,14.13,0,0.0,0.0,5.16
2026-09-02T04:00:00+00:00,cow_09,19.15,32.74,27.26,0.1139,151,38.5,4.1,23.03,0.28,1,87.9,15.13,61.4,58.98,14.13,0,0.0,0.0,5.23
2026-09-02T04:00:00+00:00,cow_10,24.09,32.72,27.28,0.1392,188,38.57,1.17,26.34,0.09,0,87.9,15.13,61.4,58.98,14.13,0,0.0,0.0,5.29
2026-09-02T04:00:00+00:00,cow_11,26.42,33.79,26.21,0.124,217,38.36,3.56,24.71,0.39,1,87.9,15.13,61.4,58.98,14.13,0,0.0,0.0,5.09
2026-09-02T04:00:00+00:00,cow_12,25.45,34.2,25.8,0.1087,208,38.46,4.02,24.89,0.32,1,87.9,15.13,61.4,58.98,14.13,0,0.0,0.0,5.32
2026-09-02T04:00:00+00:00,cow_13,23.81,33.56,26.44,0.1145,168,38.61,4.14,26.69,0.33,1,87.9,15.13,61.4,58.98,14.13,0,0.0,0.0,5.25
2026-09-02T04:00:00+00:00,cow_14,28.99,39.52,20.48,0.1241,227,38.56,3.05,24.62,0.2,2,87.9,15.13,61.4,58.98,14.13,0,0.0,0.0,5.18
2026-09-02T04:00:00+00:00,cow_15,23.6,33.61,26.39,0.1161,189,38.35,2.95,23.15,0.28,0,87.9,15.13,61.4,58.98,14.13,0,0.0,0.0,5.13
2026-09-02T04:00:00+00:00,cow_16,21.88,33.81,26.19,0.0937,170,38.57,2.33,22.12,0.29,2,87.9,15.13,61.4,58.98,14.13,0,0.0,0.0,5.29
2026-09-02T05:00:00+00:00,cow_01,44.64,26.06,33.94,0.1535,371,38.61,9.41,14.94,0.78,3,88.2,15.34,61.7,59.28,14.34,0,0.0,0.0,5.16
2026-09-02T05:00:00+00:00,cow_02,53.93,26.17,33.83,0.1793,440,38.52,5.19,18.74,0.67,1,88.2,15.34,61.7,59.28,14.34,0,0.0,0.0,5.2
2026-09-02T05:00:00+00:00,cow_03,40.69,20.09,39.91,0.1599,334,38.42,6.81,15.9,0.57,2,88.2,15.34,61.7,59.28,14.34,0,0.0,0.0,5.27
2026-09-02T05:00:00+00:00,cow_04,42.99,20.56,39.44,0.1601,331,38.43,8.96,19.63,0.78,2,88.2,15.34,61.7,59.28,14.34,0,0.0,0.0,5.22
2026-09-02T05:00:00+00:00,cow_05,54.14,20.56,39.44,0.191,452,38.61,7.14,16.28,0.98,2,88.2,15.34,61.7,59.28,14.34,0,0.0,0.0,5.16
2026-09-02T05:00:00+00:00,cow_06,53.81,22.7,37.3,0.164,428,38.43,6.09,19.01,0.52,1,88.2,15.34,61.7,59.28,14.34,0,0.0,0.0,5.24
2026-09-02T05:00:00+00:00,cow_07,42.56,27.06,32.94,0.1664,319,38.45,8.01,16.72,0.69,3,88.2,15.34,61.7,59.28,14.34,0,0.0,0.0,5.28
2026-09-02T05:00:00+00:00,cow_08,43.11,23.5,36.5,0.1537,351,38.59,10.25,20.05,0.92,3,88.2,15.34,61.7,59.28,14.34,0,0.0,0.0,5.09
2026-09-02T05:00:00+00:00,cow_09,42.93,23.42,36.58,0.1568,350,38.34,6.24,16.8,0.6,1,88.2,15.34,61.7,59.28,14.34,0,0.0,0.0,5.18
2026-09-02T05:00:00+00:00,cow_10,45.36,23.91,36.09,0.1587,384,38.58,6.67,17.5,0.51,1,88.2,15.34,61.7,59.28,14.34,0,0.0,0.0,5.09
2026-09-02T05:00:00+00:00,cow_11,57.8,22.02,37.98,0.1879,429,38.29,9.54,18.65,0.88,3,88.2,15.34,61.7,59.28,14.34,0,0.0,0.0,5.33
2026-09-02T05:00:00+00:00,cow_12,42.63,22.71,37.29,0.1587,376,38.27,9.47,17.81,0.78,2,88.2,15.34,61.7,59.28,14.34,0,0.0,0.0,5.2
2026-09-02T05:00:00+00:00,cow_13,48.75,27.11,32.89,0.1758,377,38.54,7.7,16.92,0.68,2,88.2,15.34,61.7,59.28,14.34,0,0.0,0.0,5.1
2026-09-02T05:00:00+00:00,cow_14,56.03,25.25,34.75,0.1735,446,38.59,9.26,17.41,0.8,2,88.2,15.34,61.7,59.28,14.34,0,0.0,0.0,5.16
2026-09-02T05:00:00+00:00,cow_15,37.14,24.48,35.52,0.1484,303,38.35,7.41,16.41,0.6,3,88.2,15.34,61.7,59.28,14.34,0,0.0,0.0,5.1
2026-09-02T05:00:00+00:00,cow_16,43.41,22.19,37.81,0.171,347,38.51,8.25,16.5,0.83,2,88.2,15.34,61.7,59.28,14.34,0,0.0,0.0,5.39
2026-09-02T06:00:00+00:00,cow_01,62.61,18.83,41.17,0.1843,502,38.62,19.09,15.95,1.44,4,90.6,17.12,62.5,61.83,16.12,0,12.9,7.92,5.23
2026-09-02T06:00:00+00:00,cow_02,74.86,16.68,43.32,0.2115,609,38.54,13.64,20.55,1.76,3,90.6,17.12,62.5,61.83,16.12,0,14.54,6.88,5.05
2026-09-02T06:00:00+00:00,cow_03,60.98,15.24,44.76,0.1928,487,38.38,19.05,16.61,1.58,4,90.6,17.12,62.5,61.83,16.12,0,17.07,7.83,5.33
2026-09-02T06:00:00+00:00,cow_04,63.57,15.38,44.62,0.2119,539,38.34,18.85,18.74,1.6,5,90.6,17.12,62.5,61.83,16.12,0,16.09,7.49,5.14
2026-09-02T06:00:00+00:00,cow_05,72.51,14.72,45.28,0.2168,575,38.52,15.45,14.98,1.96,3,90.6,17.12,62.5,61.83,16.12,0,17.28,7.56,5.23
2026-09-02T06:00:00+00:00,cow_06,76.18,14.39,45.61,0.2177,599,38.38,21.39,17.75,1.69,5,90.6,17.12,62.5,61.83,16.12,0,16.54,6.99,5.21
2026-09-02T06:00:00+00:00,cow_07,58.06,15.76,44.24,0.2079,459,38.43,20.04,15.14,1.72,5,90.6,17.12,62.5,61.83,16.12,0,17.27,6.67,5.14
2026-09-02T06:00:00+00:00,cow_08,59.88,16.05,43.95,0.1813,488,38.55,21.13,19.81,1.84,5,90.6,17.12,62.5,61.83,16.12,0,17.78,7.71,5.24
2026-09-02T06:00:00+00:00,cow_09,58.71,17.09,42.91,0.1915,462,38.31,17.17,17.71,1.57,4,90.6,17.12,62.5,61.83,16.12,0,18.06,8.1,5.22
2026-09-02T06:00:00+00:00,cow_10,66.4,13.45,46.55,0.1985,546,38.42,16.88,18.66,1.46,4,90.6,17.12,62.5,61.83,16.12,0,17.36,7.5,5.11
2026-09-02T06:00:00+00:00,cow_11,68.55,13.93,46.07,0.2289,558,38.28,22.51,17.11,2.07,5,90.6,17.12,62.5,61.83,16.12,0,17.26,7.0,5.31
2026-09-02T06:00:00+00:00,cow_12,53.15,17.1,42.9,0.1912,395,38.38,21.66,17.0,1.64,6,90.6,17.12,62.5,61.83,16.12,0,14.38,7.19,5.22
2026-09-02T06:00:00+00:00,cow_13,61.41,11.67,48.33,0.1883,512,38.49,18.35,19.59,1.68,4,90.6,17.12,62.5,61.83,16.12,0,14.23,7.42,5.22
2026-09-02T06:00:00+00:00,cow_14,74.61,20.43,39.57,0.1972,615,38.49,22.18,18.27,1.95,6,90.6,17.12,62.5,61.83,16.12,0,15.43,7.91,5.14
2026-09-02T06:00:00+00:00,cow_15,55.14,15.61,44.39,0.1796,406,38.3,20.2,16.15,1.72,6,90.6,17.12,62.5,61.83,16.12,0,17.75,7.26,5.24
2026-09-02T06:00:00+00:00,cow_16,63.41,18.39,41.61,0.1868,532,38.57,16.19,18.28,1.6,4,90.6,17.12,62.5,61.83,16.12,0,14.46,7.58,5.14
2026-09-02T07:00:00+00:00,cow_01,67.22,17.37,42.63,0.195,514,38.57,20.55,14.8,1.62,5,92.9,17.73,63.5,62.72,16.73,0,0.0,0.0,5.08
2026-09-02T07:00:00+00:00,cow_02,73.37,14.55,45.45,0.2079,575,38.44,18.06,20.93,2.31,5,92.9,17.73,63.5,62.72,16.73,0,0.0,0.0,5.23
2026-09-02T07:00:00+00:00,cow_03,63.61,13.67,46.33,0.2054,500,38.33,20.32,18.68,1.9,4,92.9,17.73,63.5,62.72,16.73,0,0.0,0.0,5.26
2026-09-02T07:00:00+00:00,cow_04,58.69,16.42,43.58,0.1709,450,38.38,19.19,17.87,1.68,5,92.9,17.73,63.5,62.72,16.73,0,0.0,0.0,5.25
2026-09-02T07:00:00+00:00,cow_05,73.54,15.07,44.93,0.2002,608,38.46,18.01,17.46,2.31,4,92.9,17.73,63.5,62.72,16.73,0,0.0,0.0,5.13
2026-09-02T07:00:00+00:00,cow_06,77.47,15.04,44.96,0.2202,631,38.37,21.0,16.92,1.59,6,92.9,17.73,63.5,62.72,16.73,0,0.0,0.0,5.24
2026-09-02T07:00:00+00:00,cow_07,56.8,18.88,41.12,0.1809,441,38.34,19.59,16.3,1.84,4,92.9,17.73,63.5,62.72,16.73,0,0.0,0.0,5.22
2026-09-02T07:00:00+00:00,cow_08,59.05,17.06,42.94,0.1712,469,38.53,23.07,19.37,1.91,6,92.9,17.73,63.5,62.72,16.73,0,0.0,0.0,5.22
2026-09-02T07:00:00+00:00,cow_09,59.11,14.92,45.08,0.1812,476,38.34,16.44,16.31,1.52,4,92.9,17.73,63.5,62.72,16.73,0,0.0,0.0,5.3
2026-09-02T07:00:00+00:00,cow_10,62.48,14.47,45.53,0.1873,487,38.45,17.66,17.44,1.65,4,92.9,17.73,63.5,62.72,16.73,0,0.0,0.0,5.16
2026-09-02T07:00:00+00:00,cow_11,72.56,17.46,42.54,0.2079,547,38.21,21.69,19.04,2.04,6,92.9,17.73,63.5,62.72,16.73,0,0.0,0.0,5.29
2026-09-02T07:00:00+00:00,cow_12,56.95,16.81,43.19,0.1662,442,38.25,21.71,17.89,1.72,5,92.9,17.73,63.5,62.72,16.73,0,0.0,0.0,5.13
2026-09-02T07:00:00+00:00,cow_13,62.94,13.11,46.89,0.2069,498,38.5,21.99,17.58,1.92,5,92.9,17.73,63.5,62.72,16.73,0,0.0,0.0,5.19
2026-09-02T07:00:00+00:00,cow_14,73.19,17.88,42.12,0.2375,551,38.5,20.78,16.69,1.79,5,92.9,17.73,63.5,62.72,16.73,0,0.0,0.0,5.33
2026-09-02T07:00:00+00:00,cow_15,59.35,14.69,45.31,0.2003,452,38.25,18.21,15.8,1.67,5,92.9,17.73,63.5,62.72,16.73,0,0.0,0.0,5.21
2026-09-02T07:00:00+00:00,cow_16,58.56,16.84,43.16,0.1878,479,38.44,17.82,14.2,1.72,5,92.9,17.73,63.5,62.72,16.73,0,0.0,0.0,5.21
2026-09-02T08:00:00+00:00,cow_01,67.06,16.78,43.22,0.1874,532,38.55,19.07,17.02,1.49,4,91.2,17.66,64.0,62.64,16.66,0,0.0,0.0,5.12
2026-09-02T08:00:00+00:00,cow_02,77.12,16.17,43.83,0.209,611,38.36,16.52,19.22,2.03,3,91.2,17.66,64.0,62.64,16.66,0,0.0,0.0,5.17
2026-09-02T08:00:00+00:00,cow_03,57.34,16.09,43.91,0.1874,464,38.26,18.71,16.3,1.58,4,91.2,17.66,64.0,62.64,16.66,0,0.0,0.0,5.11
2026-09-02T08:00:00+00:00,cow_04,60.25,16.4,43.6,0.1953,479,38.51,19.9,18.52,1.69,6,91.2,17.66,64.0,62.64,16.66,0,0.0,0.0,5.28
2026-09-02T08:00:00+00:00,cow_05,65.97,16.08,43.92,0.1972,514,38.38,16.51,15.56,2.18,5,91.2,17.66,64.0,62.64,16.66,0,0.0,0.0,5.15
2026-09-02T08:00:00+00:00,cow_06,75.13,16.53,43.47,0.2161,592,38.3,20.72,17.67,1.57,4,91.2,17.66,64.0,62.64,16.66,0,0.0,0.0,5.1
2026-09-02T08:00:00+00:00,cow_07,58.99,14.06,45.94,0.198,487,38.38,20.79,17.26,1.88,5,91.2,17.66,64.0,62.64,16.66,0,0.0,0.0,5.28
2026-09-02T08:00:00+00:00,cow_08,64.21,15.64,44.36,0.1815,511,38.5,22.25,20.55,1.79,6,91.2,17.66,64.0,62.64,16.66,0,0.0,0.0,5.17
2026-09-02T08:00:00+00:00,cow_09,59.89,15.87,44.13,0.1952,480,38.33,18.14,16.2,1.6,4,91.2,17.66,64.0,62.64,16.66,0,0.0,0.0,5.19
2026-09-02T08:00:00+00:00,cow_10,62.44,14.04,45.96,0.2104,512,38.45,17.24,18.21,1.59,5,91.2,17.66,64.0,62.64,16.66,0,0.0,0.0,5.17
2026-09-02T08:00:00+00:00,cow_11,71.67,16.78,43.22,0.2151,539,38.27,20.47,17.56,1.95,5,91.2,17.66,64.0,62.64,16.66,0,0.0,0.0,5.09
2026-09-02T08:00:00+00:00,cow_12,57.34,16.28,43.72,0.181,449,38.35,23.2,18.5,1.89,6,91.2,17.66,64.0,62.64,16.66,0,0.0,0.0,5.2
2026-09-02T08:00:00+00:00,cow_13,63.35,15.53,44.47,0.1984,492,38.55,18.39,17.47,1.76,4,91.2,17.66,64.0,62.64,16.66,0,0.0,0.0,5.26
2026-09-02T08:00:00+00:00,cow_14,76.35,13.3,46.7,0.2287,620,38.55,19.76,19.14,1.69,5,91.2,17.66,64.0,62.64,16.66,0,0.0,0.0,5.2
2026-09-02T08:00:00+00:00,cow_15,59.18,14.72,45.28,0.1681,426,38.32,19.74,17.11,1.79,6,91.2,17.66,64.0,62.64,16.66,0,0.0,0.0,5.22
2026-09-02T08:00:00+00:00,cow_16,60.97,16.14,43.86,0.1855,489,38.47,17.17,15.05,1.62,5,91.2,17.66,64.0,62.64,16.66,0,0.0,0.0,5.11
2026-09-02T09:00:00+00:00,cow_01,69.54,18.92,41.08,0.2216,562,38.58,18.07,15.19,1.31,5,86.8,18.91,63.0,64.4,17.91,0,0.0,0.0,5.32
2026-09-02T09:00:00+00:00,cow_02,74.03,15.87,44.13,0.2057,597,38.57,13.24,19.91,1.71,3,86.8,18.91,63.0,64.4,17.91,0,0.0,0.0,5.24
2026-09-02T09:00:00+00:00,cow_03,60.16,14.74,45.26,0.1861,495,38.42,18.53,15.61,1.59,5,86.8,18.91,63.0,64.4,17.91,0,0.0,0.0,5.2
2026-09-02T09:00:00+00:00,cow_04,61.36,17.9,42.1,0.2008,492,38.39,15.3,18.43,1.3,4,86.8,18.91,63.0,64.4,17.91,0,0.0,0.0,5.19
2026-09-02T09:00:00+00:00,cow_05,68.7,11.78,48.22,0.1943,556,38.57,15.88,15.97,2.06,4,86.8,18.91,63.0,64.4,17.91,0,0.0,0.0,5.23
2026-09-02T09:00:00+00:00,cow_06,72.31,16.59,43.41,0.2117,582,38.3,20.07,19.67,1.49,5,86.8,18.91,63.0,64.4,17.91,0,0.0,0.0,5.22
2026-09-02T09:00:00+00:00,cow_07,59.41,16.42,43.58,0.1586,495,38.42,17.48,15.9,1.67,5,86.8,18.91,63.0,64.4,17.91,0,0.0,0.0,5.28
2026-09-02T09:00:00+00:00,cow_08,60.25,17.58,42.42,0.1871,498,38.49,20.24,20.32,1.73,6,86.8,18.91,63.0,64.4,17.91,0,0.0,0.0,5.15
2026-09-02T09:00:00+00:00,cow_09,58.47,13.55,46.45,0.1853,445,38.29,15.56,17.78,1.48,3,86.8,18.91,63.0,64.4,17.91,0,0.0,0.0,5.31
2026-09-02T09:00:00+00:00,cow_10,70.65,15.28,44.72,0.2008,607,38.4,15.8,18.92,1.52,4,86.8,18.91,63.0,64.4,17.91,0,0.0,0.0,5.16
2026-09-02T09:00:00+00:00,cow_11,71.0,14.43,45.57,0.1977,568,38.28,18.73,19.81,1.72,4,86.8,18.91,63.0,64.4,17.91,0,0.0,0.0,5.19
2026-09-02T09:00:00+00:00,cow_12,58.47,12.85,47.15,0.1886,452,38.43,21.07,17.47,1.62,5,86.8,18.91,63.0,64.4,17.91,0,0.0,0.0,5.25
2026-09-02T09:00:00+00:00,cow_13,63.35,15.03,44.97,0.1946,497,38.51,16.97,20.24,1.54,4,86.8,18.91,63.0,64.4,17.91,0,0.0,0.0,5.35
2026-09-02T09:00:00+00:00,cow_14,72.32,15.22,44.78,0.2187,584,38.49,19.51,17.94,1.7,5,86.8,18.91,63.0,64.4,17.91,0,0.0,0.0,5.05
2026-09-02T09:00:00+00:00,cow_15,56.16,17.23,42.77,0.1734,440,38.29,17.83,13.99,1.62,5,86.8,18.91,63.0,64.4,17.91,0,0.0,0.0,5.2
2026-09-02T09:00:00+00:00,cow_16,61.72,15.7,44.3,0.2013,490,38.5,16.08,16.32,1.64,4,86.8,18.91,63.0,64.4,17.91,0,0.0,0.0,5.21
2026-09-02T10:00:00+00:00,cow_01,55.72,25.84,34.16,0.1814,444,38.56,8.69,14.47,0.69,1,87.1,19.89,62.2,65.76,18.89,0,0.0,0.0,5.18
2026-09-02T10:00:00+00:00,cow_02,53.6,24.26,35.74,0.1599,421,38.58,5.65,17.14,0.75,1,87.1,19.89,62.2,65.76,18.89,0,0.0,0.0,5.19
2026-09-02T10:00:00+00:00,cow_03,43.08,24.73,35.27,0.142,387,38.39,7.92,16.45,0.66,2,87.1,19.89,62.2,65.76,18.89,0,0.0,0.0,5.25
2026-09-02T10:00:00+00:00,cow_04,40.7,22.83,37.17,0.1314,329,38.47,6.27,19.45,0.54,2,87.1,19.89,62.2,65.76,18.89,0,0.0,0.0,5.13
2026-09-02T10:00:00+00:00,cow_05,58.52,17.53,42.47,0.182,442,38.59,6.48,15.37,0.85,2,87.1,19.89,62.2,65.76,18.89,0,0.0,0.0,5.15
2026-09-02T10:00:00+00:00,cow_06,51.79,22.6,37.4,0.177,424,38.45,6.0,17.09,0.52,1,87.1,19.89,62.2,65.76,18.89,0,0.0,0.0,5.01
2026-09-02T10:00:00+00:00,cow_07,39.32,25.71,34.29,0.1537,324,38.36,8.38,15.49,0.77,2,87.1,19.89,62.2,65.76,18.89,0,0.0,0.0,5.13
2026-09-02T10:00:00+00:00,cow_08,48.85,22.95,37.05,0.1665,378,38.64,9.49,18.32,0.8,3,87.1,19.89,62.2,65.76,18.89,0,0.0,0.0,5.12
2026-09-02T10:00:00+00:00,cow_09,39.0,22.27,37.73,0.1533,322,38.37,8.95,14.89,0.77,3,87.1,19.89,62.2,65.76,18.89,0,0.0,0.0,5.11
2026-09-02T10:00:00+00:00,cow_10,44.07,25.03,34.97,0.1431,347,38.48,7.97,16.47,0.75,2,87.1,19.89,62.2,65.76,18.89,0,0.0,0.0,5.25
2026-09-02T10:00:00+00:00,cow_11,52.09,24.2,35.8,0.1648,379,38.28,8.28,19.6,0.71,1,87.1,19.89,62.2,65.76,18.89,0,0.0,0.0,5.28
2026-09-02T10:00:00+00:00,cow_12,39.75,22.33,37.67,0.15,321,38.32,7.75,18.35,0.57,1,87.1,19.89,62.2,65.76,18.89,0,0.0,0.0,5.3
2026-09-02T10:00:00+00:00,cow_13,48.2,25.1,34.9,0.1746,366,38.54,7.03,17.09,0.61,2,87.1,19.89,62.2,65.76,18.89,0,0.0,0.0,5.22
2026-09-02T10:00:00+00:00,cow_14,49.93,23.79,36.21,0.1685,374,38.52,8.19,15.73,0.65,3,87.1,19.89,62.2,65.76,18.89,0,0.0,0.0,5.17
2026-09-02T10:00:00+00:00,cow_15,45.38,23.77,36.23,0.1719,355,38.2,8.36,19.15,0.76,1,87.1,19.89,62.2,65.76,18.89,0,0.0,0.0,5.15
2026-09-02T10:00:00+00:00,cow_16,45.53,21.2,38.8,0.1363,362,38.51,8.68,15.75,0.87,2,87.1,19.89,62.2,65.76,18.89,0,0.0,0.0,5.21
2026-09-02T11:00:00+00:00,cow_01,49.61,23.77,36.23,0.1818,399,38.6,8.35,13.86,0.63,2,90.7,19.81,61.2,65.6,18.81,0,0.0,0.0,5.21
2026-09-02T11:00:00+00:00,cow_02,58.81,24.36,35.64,0.1762,458,38.56,4.28,21.43,0.58,2,90.7,19.81,61.2,65.6,18.81,0,0.0,0.0,5.07
2026-09-02T11:00:00+00:00,cow_03,48.02,25.12,34.88,0.1532,395,38.44,6.51,17.73,0.61,1,90.7,19.81,61.2,65.6,18.81,0,0.0,0.0,5.29
2026-09-02T11:00:00+00:00,cow_04,40.06,20.05,39.95,0.1535,320,38.42,8.66,19.27,0.79,2,90.7,19.81,61.2,65.6,18.81,0,0.0,0.0,5.25
2026-09-02T11:00:00+00:00,cow_05,50.36,24.2,35.8,0.1625,434,38.53,5.65,17.22,0.72,2,90.7,19.81,61.2,65.6,18.81,0,0.0,0.0,5.3
2026-09-02T11:00:00+00:00,cow_06,55.78,21.46,38.54,0.1902,446,38.41,6.36,17.71,0.46,2,90.7,19.81,61.2,65.6,18.81,0,0.0,0.0,5.25
2026-09-02T11:00:00+00:00,cow_07,43.15,25.95,34.05,0.1477,369,38.52,8.85,18.53,0.77,2,90.7,19.81,61.2,65.6,18.81,0,0.0,0.0,5.2
2026-09-02T11:00:00+00:00,cow_08,46.05,24.91,35.09,0.1683,372,38.53,9.78,20.14,0.84,3,90.7,19.81,61.2,65.6,18.81,0,0.0,0.0,5.1
2026-09-02T11:00:00+00:00,cow_09,44.59,20.08,39.92,0.1491,347,38.31,6.93,16.69,0.69,2,90.7,19.81,61.2,65.6,18.81,0,0.0,0.0,5.07
2026-09-02T11:00:00+00:00,cow_10,50.56,20.98,39.02,0.1704,411,38.52,8.03,19.28,0.7,3,90.7,19.81,61.2,65.6,18.81,0,0.0,0.0,5.22
2026-09-02T11:00:00+00:00,cow_11,53.99,23.29,36.71,0.1797,437,38.47,8.62,17.92,0.81,3,90.7,19.81,61.2,65.6,18.81,0,0.0,0.0,5.08
2026-09-02T11:00:00+00:00,cow_12,38.27,21.72,38.28,0.1325,299,38.4,8.14,16.24,0.65,2,90.7,19.81,61.2,65.6,18.81,0,0.0,0.0,5.06
2026-09-02T11:00:00+00:00,cow_13,49.03,23.67,36.33,0.1778,410,38.67,8.02,19.2,0.7,2,90.7,19.81,61.2,65.6,18.81,0,0.0,0.0,5.32
2026-09-02T11:00:00+00:00,cow_14,50.05,23.22,36.78,0.1839,415,38.49,9.62,17.81,0.92,2,90.7,19.81,61.2,65.6,18.81,0,0.0,0.0,5.28
2026-09-02T11:00:00+00:00,cow_15,49.01,22.31,37.69,0.1687,402,38.34,10.77,16.85,0.97,2,90.7,19.81,61.2,65.6,18.81,0,0.0,0.0,5.29
2026-09-02T11:00:00+00:00,cow_16,48.16,22.1,37.9,0.1724,362,38.58,7.65,17.68,0.71,1,90.7,19.81,61.2,65.6,18.81,0,0.0,0.0,5.13
2026-09-02T12:00:00+00:00,cow_01,48.13,24.7,35.3,0.1689,408,38.53,7.14,15.04,0.57,2,85.5,20.5,62.3,66.64,19.5,0,0.0,0.0,5.26
2026-09-02T12:00:00+00:00,cow_02,55.94,24.21,35.79,0.1847,451,38.62,6.09,21.4,0.92,2,85.5,20.5,62.3,66.64,19.5,0,0.0,0.0,5.22
2026-09-02T12:00:00+00:00,cow_03,46.47,20.12,39.88,0.1654,360,38.49,6.86,16.72,0.5,1,85.5,20.5,62.3,66.64,19.5,0,0.0,0.0,5.23
2026-09-02T12:00:00+00:00,cow_04,42.06,23.88,36.12,0.1462,343,38.45,7.79,16.8,0.65,2,85.5,20.5,62.3,66.64,19.5,0,0.0,0.0,5.27
2026-09-02T12:00:00+00:00,cow_05,52.63,19.27,40.73,0.1727,409,38.6,7.89,13.85,1.04,2,85.5,20.5,62.3,66.64,19.5,0,0.0,0.0,5.18
2026-09-02T12:00:00+00:00,cow_06,55.01,25.07,34.93,0.169,452,38.35,6.79,17.2,0.52,0,85.5,20.5,62.3,66.64,19.5,0,0.0,0.0,5.29
2026-09-02T12:00:00+00:00,cow_07,37.2,25.0,35.0,0.1602,330,38.43,6.53,18.17,0.64,1,85.5,20.5,62.3,66.64,19.5,0,0.0,0.0,5.15
2026-09-02T12:00:00+00:00,cow_08,43.16,24.99,35.01,0.1609,336,38.59,9.37,17.32,0.78,2,85.5,20.5,62.3,66.64,19.5,0,0.0,0.0,5.21
2026-09-02T12:00:00+00:00,cow_09,38.57,23.17,36.83,0.1363,281,38.37,8.76,17.81,0.72,2,85.5,20.5,62.3,66.64,19.5,0,0.0,0.0,5.17
2026-09-02T12:00:00+00:00,cow_10,53.3,20.83,39.17,0.1666,449,38.55,7.59,17.84,0.69,3,85.5,20.5,62.3,66.64,19.5,0,0.0,0.0,5.19
2026-09-02T12:00:00+00:00,cow_11,57.16,22.42,37.58,0.1725,457,38.43,9.06,18.26,0.75,1,85.5,20.5,62.3,66.64,19.5,0,0.0,0.0,5.07
2026-09-02T12:00:00+00:00,cow_12,41.91,22.04,37.96,0.1407,350,38.35,7.15,18.05,0.61,3,85.5,20.5,62.3,66.64,19.5,0,0.0,0.0,5.25
2026-09-02T12:00:00+00:00,cow_13,50.93,20.63,39.37,0.1933,379,38.57,8.46,17.14,0.71,2,85.5,20.5,62.3,66.64,19.5,0,0.0,0.0,5.18
2026-09-02T12:00:00+00:00,cow_14,56.97,24.54,35.46,0.1779,412,38.57,9.05,15.36,0.79,2,85.5,20.5,62.3,66.64,19.5,0,0.0,0.0,5.28
2026-09-02T12:00:00+00:00,cow_15,40.59,20.1,39.9,0.1485,344,38.44,7.88,17.86,0.6,2,85.5,20.5,62.3,66.64,19.5,0,0.0,0.0,5.11
2026-09-02T12:00:00+00:00,cow_16,50.41,21.25,38.75,0.1622,411,38.63,6.33,16.07,0.64,2,85.5,20.5,62.3,66.64,19.5,0,0.0,0.0,5.17
2026-09-02T13:00:00+00:00,cow_01,46.57,24.88,35.12,0.1902,377,38.61,5.85,17.63,0.4,1,88.4,21.58,61.0,68.09,20.58,0,0.0,0.0,5.17
2026-09-02T13:00:00+00:00,cow_02,59.4,24.92,35.08,0.1853,479,38.59,6.56,19.51,0.9,2,88.4,21.58,61.0,68.09,20.58,0,0.0,0.0,5.24
2026-09-02T13:00:00+00:00,cow_03,44.0,22.88,37.12,0.1583,335,38.48,7.93,18.23,0.68,1,88.4,21.58,61.0,68.09,20.58,0,0.0,0.0,5.2
2026-09-02T13:00:00+00:00,cow_04,44.52,22.57,37.43,0.1693,371,38.49,7.04,17.39,0.64,2,88.4,21.58,61.0,68.09,20.58,0,0.0,0.0,5.17
2026-09-02T13:00:00+00:00,cow_05,50.88,23.32,36.68,0.1766,413,38.53,7.52,14.46,0.9,2,88.4,21.58,61.0,68.09,20.58,0,0.0,0.0,5.15
2026-09-02T13:00:00+00:00,cow_06,54.38,20.19,39.81,0.1875,451,38.34,9.28,16.2,0.75,2,88.4,21.58,61.0,68.09,20.58,0,0.0,0.0,5.2
2026-09-02T13:00:00+00:00,cow_07,42.09,27.04,32.96,0.1434,345,38.54,8.95,19.41,0.79,3,88.4,21.58,61.0,68.09,20.58,0,0.0,0.0,5.19
2026-09-02T13:00:00+00:00,cow_08,48.04,25.49,34.51,0.1626,403,38.62,7.61,18.48,0.68,3,88.4,21.58,61.0,68.09,20.58,0,0.0,0.0,5.21
2026-09-02T13:00:00+00:00,cow_09,46.71,19.79,40.21,0.1596,369,38.42,7.37,17.78,0.66,2,88.4,21.58,61.0,68.09,20.58,0,0.0,0.0,5.2
2026-09-02T13:00:00+00:00,cow_10,45.39,22.06,37.94,0.1603,360,38.58,6.84,18.19,0.69,1,88.4,21.58,61.0,68.09,20.58,0,0.0,0.0,5.14
2026-09-02T13:00:00+00:00,cow_11,61.31,20.29,39.71,0.1768,501,38.31,8.43,20.88,0.71,1,88.4,21.58,61.0,68.09,20.58,0,0.0,0.0,5.08
2026-09-02T13:00:00+00:00,cow_12,45.43,24.29,35.71,0.1566,373,38.52,10.59,17.65,0.72,2,88.4,21.58,61.0,68.09,20.58,0,0.0,0.0,5.17
2026-09-02T13:00:00+00:00,cow_13,46.33,22.16,37.84,0.1746,389,38.62,9.26,19.5,0.84,3,88.4,21.58,61.0,68.09,20.58,0,0.0,0.0,5.21
2026-09-02T13:00:00+00:00,cow_14,58.56,22.36,37.64,0.1802,466,38.6,9.81,17.37,0.79,3,88.4,21.58,61.0,68.09,20.58,0,0.0,0.0,5.26
2026-09-02T13:00:00+00:00,cow_15,37.55,21.41,38.59,0.1317,290,38.38,8.97,16.78,0.75,3,88.4,21.58,61.0,68.09,20.58,0,0.0,0.0,5.09
2026-09-02T13:00:00+00:00,cow_16,46.81,21.63,38.37,0.1606,382,38.66,8.35,15.53,0.83,2,88.4,21.58,61.0,68.09,20.58,0,0.0,0.0,5.21
2026-09-02T14:00:00+00:00,cow_01,46.36,24.87,35.13,0.1731,391,38.69,8.1,15.68,0.68,2,90.4,21.68,57.9,68.0,20.68,0,0.0,0.0,5.07
2026-09-02T14:00:00+00:00,cow_02,57.29,22.46,37.54,0.169,433,38.65,5.55,16.63,0.71,1,90.4,21.68,57.9,68.0,20.68,0,0.0,0.0,5.19
2026-09-02T14:00:00+00:00,cow_03,43.34,24.52,35.48,0.1632,339,38.54,9.44,18.28,0.75,2,90.4,21.68,57.9,68.0,20.68,0,0.0,0.0,5.14
2026-09-02T14:00:00+00:00,cow_04,43.13,21.39,38.61,0.158,356,38.61,7.5,16.68,0.59,2,90.4,21.68,57.9,68.0,20.68,0,0.0,0.0,5.1
2026-09-02T14:00:00+00:00,cow_05,54.33,19.35,40.65,0.184,409,38.67,6.86,17.39,0.81,1,90.4,21.68,57.9,68.0,20.68,0,0.0,0.0,5.17
2026-09-02T14:00:00+00:00,cow_06,54.55,21.83,38.17,0.1749,431,38.38,9.48,20.6,0.74,2,90.4,21.68,57.9,68.0,20.68,0,0.0,0.0,5.12
2026-09-02T14:00:00+00:00,cow_07,44.08,25.8,34.2,0.1565,363,38.42,9.18,16.91,0.78,2,90.4,21.68,57.9,68.0,20.68,0,0.0,0.0,5.21
2026-09-02T14:00:00+00:00,cow_08,48.48,25.16,34.84,0.1587,390,38.77,9.66,19.75,0.89,3,90.4,21.68,57.9,68.0,20.68,0,0.0,0.0,5.14
2026-09-02T14:00:00+00:00,cow_09,39.05,20.45,39.55,0.1393,322,38.5,7.62,15.43,0.8,2,90.4,21.68,57.9,68.0,20.68,0,0.0,0.0,5.25
2026-09-02T14:00:00+00:00,cow_10,47.83,22.55,37.45,0.1718,372,38.68,5.34,17.46,0.56,2,90.4,21.68,57.9,68.0,20.68,0,0.0,0.0,5.4
2026-09-02T14:00:00+00:00,cow_11,54.53,24.39,35.61,0.1596,415,38.5,7.13,18.07,0.72,2,90.4,21.68,57.9,68.0,20.68,0,0.0,0.0,5.2
2026-09-02T14:00:00+00:00,cow_12,42.06,22.91,37.09,0.1615,326,38.5,10.08,17.68,0.8,3,90.4,21.68,57.9,68.0,20.68,0,0.0,0.0,5.24
2026-09-02T14:00:00+00:00,cow_13,49.17,20.92,39.08,0.1632,385,38.62,6.55,15.17,0.65,1,90.4,21.68,57.9,68.0,20.68,0,0.0,0.0,5.33
2026-09-02T14:00:00+00:00,cow_14,55.26,23.91,36.09,0.1856,448,38.56,8.72,16.22,0.8,2,90.4,21.68,57.9,68.0,20.68,0,0.0,0.0,5.19
2026-09-02T14:00:00+00:00,cow_15,42.06,21.59,38.41,0.1723,332,38.52,8.83,18.34,0.79,3,90.4,21.68,57.9,68.0,20.68,0,0.0,0.0,5.2
2026-09-02T14:00:00+00:00,cow_16,38.52,21.21,38.79,0.1552,315,38.61,7.39,16.23,0.72,2,90.4,21.68,57.9,68.0,20.68,0,0.0,0.0,5.25
2026-09-02T15:00:00+00:00,cow_01,48.39,27.15,32.85,0.161,371,38.72,6.54,15.62,0.54,2,91.5,21.37,55.9,67.44,20.37,0,0.0,0.0,5.08
2026-09-02T15:00:00+00:00,cow_02,59.84,23.91,36.09,0.202,474,38.66,6.91,19.16,0.84,2,91.5,21.37,55.9,67.44,20.37,0,0.0,0.0,5.15
2026-09-02T15:00:00+00:00,cow_03,40.31,23.76,36.24,0.1475,313,38.49,9.86,15.59,0.86,3,91.5,21.37,55.9,67.44,20.37,0,0.0,0.0,5.23
2026-09-02T15:00:00+00:00,cow_04,44.08,19.74,40.26,0.1513,355,38.56,8.12,19.46,0.75,1,91.5,21.37,55.9,67.44,20.37,0,0.0,0.0,5.38
2026-09-02T15:00:00+00:00,cow_05,53.4,21.12,38.88,0.187,462,38.6,6.86,12.72,0.88,2,91.5,21.37,55.9,67.44,20.37,0,0.0,0.0,5.2
2026-09-02T15:00:00+00:00,cow_06,53.3,19.27,40.73,0.1797,448,38.49,9.03,15.29,0.71,2,91.5,21.37,55.9,67.44,20.37,0,0.0,0.0,5.14
2026-09-02T15:00:00+00:00,cow_07,40.65,24.63,35.37,0.157,305,38.55,8.48,15.31,0.86,2,91.5,21.37,55.9,67.44,20.37,0,0.0,0.0,5.15
2026-09-02T15:00:00+00:00,cow_08,42.51,28.2,31.8,0.1621,326,38.78,9.54,19.41,0.8,2,91.5,21.37,55.9,67.44,20.37,0,0.0,0.0,5.23
2026-09-02T15:00:00+00:00,cow_09,42.05,24.56,35.44,0.143,359,38.5,7.84,17.95,0.7,2,91.5,21.37,55.9,67.44,20.37,0,0.0,0.0,4.98
2026-09-02T15:00:00+00:00,cow_10,45.91,20.85,39.15,0.1501,364,38.67,7.7,19.0,0.68,2,91.5,21.37,55.9,67.44,20.37,0,0.0,0.0,5.21
2026-09-02T15:00:00+00:00,cow_11,56.7,23.01,36.99,0.1824,440,38.46,8.42,17.93,0.8,2,91.5,21.37,55.9,67.44,20.37,0,0.0,0.0,5.2
2026-09-02T15:00:00+00:00,cow_12,43.23,22.82,37.18,0.1526,331,38.44,8.42,18.52,0.63,2,91.5,21.37,55.9,67.44,20.37,0,0.0,0.0,5.24
2026-09-02T15:00:00+00:00,cow_13,48.28,20.83,39.17,0.1769,403,38.65,7.63,20.5,0.68,1,91.5,21.37,55.9,67.44,20.37,0,0.0,0.0,5.09
2026-09-02T15:00:00+00:00,cow_14,52.79,22.77,37.23,0.1709,422,38.73,8.55,18.69,0.82,3,91.5,21.37,55.9,67.44,20.37,0,0.0,0.0,5.22
2026-09-02T15:00:00+00:00,cow_15,37.5,22.1,37.9,0.158,298,38.59,9.31,17.32,0.9,2,91.5,21.37,55.9,67.44,20.37,0,0.0,0.0,5.0
2026-09-02T15:00:00+00:00,cow_16,44.74,24.65,35.35,0.1525,354,38.66,9.04,17.64,0.84,2,91.5,21.37,55.9,67.44,20.37,0,0.0,0.0,5.15
2026-09-02T16:00:00+00:00,cow_01,65.52,18.5,41.5,0.1975,539,38.79,18.85,15.82,1.56,4,86.7,21.28,55.5,67.29,20.28,0,0.0,0.0,5.08
2026-09-02T16:00:00+00:00,cow_02,71.63,15.06,44.94,0.2155,566,38.75,14.47,18.84,1.83,4,86.7,21.28,55.5,67.29,20.28,0,0.0,0.0,5.19
2026-09-02T16:00:00+00:00,cow_03,61.66,15.33,44.67,0.189,470,38.67,18.2,17.23,1.66,5,86.7,21.28,55.5,67.29,20.28,0,0.0,0.0,5.24
2026-09-02T16:00:00+00:00,cow_04,59.71,15.23,44.77,0.1899,483,38.72,20.31,18.99,1.64,5,86.7,21.28,55.5,67.29,20.28,0,0.0,0.0,5.34
2026-09-02T16:00:00+00:00,cow_05,71.29,15.09,44.91,0.2067,552,38.79,15.13,16.45,1.86,4,86.7,21.28,55.5,67.29,20.28,0,0.0,0.0,5.28
2026-09-02T16:00:00+00:00,cow_06,73.54,14.74,45.26,0.2125,568,38.48,20.05,16.66,1.57,6,86.7,21.28,55.5,67.29,20.28,0,0.0,0.0,5.3
2026-09-02T16:00:00+00:00,cow_07,53.39,16.21,43.79,0.1815,435,38.72,18.28,18.03,1.68,4,86.7,21.28,55.5,67.29,20.28,0,0.0,0.0,5.16
2026-09-02T16:00:00+00:00,cow_08,61.35,14.89,45.11,0.1697,464,38.77,20.53,18.36,1.72,4,86.7,21.28,55.5,67.29,20.28,0,0.0,0.0,5.16
2026-09-02T16:00:00+00:00,cow_09,54.06,16.72,43.28,0.1942,397,38.52,16.57,16.74,1.59,4,86.7,21.28,55.5,67.29,20.28,0,0.0,0.0,5.19
2026-09-02T16:00:00+00:00,cow_10,71.85,15.05,44.95,0.227,582,38.66,15.03,18.7,1.33,3,86.7,21.28,55.5,67.29,20.28,0,0.0,0.0,5.17
2026-09-02T16:00:00+00:00,cow_11,74.11,17.68,42.32,0.2086,599,38.45,21.26,16.24,2.02,5,86.7,21.28,55.5,67.29,20.28,0,0.0,0.0,5.19
2026-09-02T16:00:00+00:00,cow_12,57.55,13.51,46.49,0.1711,472,38.56,20.21,18.48,1.6,5,86.7,21.28,55.5,67.29,20.28,0,0.0,0.0,5.4
2026-09-02T16:00:00+00:00,cow_13,65.27,15.55,44.45,0.1923,536,38.7,18.16,21.1,1.63,4,86.7,21.28,55.5,67.29,20.28,0,0.0,0.0,5.2
2026-09-02T16:00:00+00:00,cow_14,74.23,17.7,42.3,0.2234,575,38.74,19.73,17.51,1.79,5,86.7,21.28,55.5,67.29,20.28,0,0.0,0.0,5.23
2026-09-02T16:00:00+00:00,cow_15,52.29,14.58,45.42,0.1663,428,38.58,18.72,15.84,1.79,4,86.7,21.28,55.5,67.29,20.28,0,0.0,0.0,5.1
2026-09-02T16:00:00+00:00,cow_16,60.0,14.8,45.2,0.1794,492,38.64,15.45,15.57,1.52,5,86.7,21.28,55.5,67.29,20.28,0,0.0,0.0,5.32
2026-09-02T17:00:00+00:00,cow_01,67.32,22.68,37.32,0.1887,545,38.74,17.98,15.1,1.38,4,85.5,19.83,51.8,65.13,18.83,0,13.2,7.53,5.28
2026-09-02T17:00:00+00:00,cow_02,76.47,15.55,44.45,0.214,616,38.71,14.4,18.39,1.83,3,85.5,19.83,51.8,65.13,18.83,0,15.79,8.08,5.15
2026-09-02T17:00:00+00:00,cow_03,63.3,12.97,47.03,0.1831,544,38.73,18.01,17.44,1.54,5,85.5,19.83,51.8,65.13,18.83,0,15.95,6.84,5.04
2026-09-02T17:00:00+00:00,cow_04,59.77,13.55,46.45,0.1869,462,38.63,18.45,18.93,1.58,5,85.5,19.83,51.8,65.13,18.83,0,16.39,7.27,5.32
2026-09-02T17:00:00+00:00,cow_05,68.42,12.5,47.5,0.1989,561,38.8,16.7,13.42,2.17,3,85.5,19.83,51.8,65.13,18.83,0,18.49,7.85,5.17
2026-09-02T17:00:00+00:00,cow_06,70.83,17.05,42.95,0.1928,556,38.54,17.32,17.28,1.42,6,85.5,19.83,51.8,65.13,18.83,0,16.05,7.62,5.29
2026-09-02T17:00:00+00:00,cow_07,58.69,16.74,43.26,0.1876,477,38.6,18.86,16.55,1.75,4,85.5,19.83,51.8,65.13,18.83,0,16.15,8.08,5.35
2026-09-02T17:00:00+00:00,cow_08,64.07,17.49,42.51,0.1985,527,38.87,18.78,17.52,1.67,5,85.5,19.83,51.8,65.13,18.83,0,17.22,7.22,5.1
2026-09-02T17:00:00+00:00,cow_09,55.11,18.07,41.93,0.179,439,38.6,17.7,18.09,1.7,4,85.5,19.83,51.8,65.13,18.83,0,17.11,7.24,5.26
2026-09-02T17:00:00+00:00,cow_10,64.39,15.81,44.19,0.2038,488,38.75,15.31,19.56,1.45,5,85.5,19.83,51.8,65.13,18.83,0,18.89,8.22,5.31
2026-09-02T17:00:00+00:00,cow_11,74.11,14.99,45.01,0.2221,603,38.54,20.33,18.26,1.85,6,85.5,19.83,51.8,65.13,18.83,0,17.12,6.69,5.36
2026-09-02T17:00:00+00:00,cow_12,56.91,15.51,44.49,0.1938,461,38.61,19.11,16.56,1.52,4,85.5,19.83,51.8,65.13,18.83,0,13.88,7.01,5.24
2026-09-02T17:00:00+00:00,cow_13,67.43,17.19,42.81,0.1857,525,38.66,17.99,19.99,1.6,5,85.5,19.83,51.8,65.13,18.83,0,13.41,7.22,5.26
2026-09-02T17:00:00+00:00,cow_14,72.14,16.63,43.37,0.1971,559,38.77,20.04,18.66,1.77,5,85.5,19.83,51.8,65.13,18.83,0,14.5,7.49,5.18
2026-09-02T17:00:00+00:00,cow_15,62.13,15.68,44.32,0.2072,506,38.53,18.88,16.92,1.68,5,85.5,19.83,51.8,65.13,18.83,0,17.49,6.46,5.33
2026-09-02T17:00:00+00:00,cow_16,65.1,14.23,45.77,0.1835,538,38.82,17.37,16.59,1.8,5,85.5,19.83,51.8,65.13,18.83,0,14.54,8.12,5.23
2026-09-02T18:00:00+00:00,cow_01,60.1,17.07,42.93,0.1755,481,38.89,19.34,18.36,1.5,4,88.4,19.44,52.2,64.62,18.44,0,0.0,0.0,5.12
2026-09-02T18:00:00+00:00,cow_02,75.25,20.34,39.66,0.1988,611,38.76,15.03,17.91,2.0,4,88.4,19.44,52.2,64.62,18.44,0,0.0,0.0,5.29
2026-09-02T18:00:00+00:00,cow_03,61.07,12.0,48.0,0.2009,458,38.58,17.73,16.05,1.61,4,88.4,19.44,52.2,64.62,18.44,0,0.0,0.0,5.3
2026-09-02T18:00:00+00:00,cow_04,58.29,15.73,44.27,0.1897,476,38.67,17.8,18.28,1.45,4,88.4,19.44,52.2,64.62,18.44,0,0.0,0.0,5.17
2026-09-02T18:00:00+00:00,cow_05,70.95,14.59,45.41,0.2211,568,38.73,16.32,16.45,1.98,4,88.4,19.44,52.2,64.62,18.44,0,0.0,0.0,5.14
2026-09-02T18:00:00+00:00,cow_06,75.19,16.08,43.92,0.2164,564,38.53,19.48,16.57,1.49,5,88.4,19.44,52.2,64.62,18.44,0,0.0,0.0,5.32
2026-09-02T18:00:00+00:00,cow_07,51.71,17.71,42.29,0.1814,424,38.7,20.5,15.9,1.81,4,88.4,19.44,52.2,64.62,18.44,0,0.0,0.0,5.17
2026-09-02T18:00:00+00:00,cow_08,58.75,19.19,40.81,0.1829,454,38.75,23.42,19.08,1.96,6,88.4,19.44,52.2,64.62,18.44,0,0.0,0.0,5.35
2026-09-02T18:00:00+00:00,cow_09,57.64,15.97,44.03,0.1956,432,38.56,18.36,16.11,1.73,4,88.4,19.44,52.2,64.62,18.44,0,0.0,0.0,5.16
2026-09-02T18:00:00+00:00,cow_10,62.99,16.17,43.83,0.1954,505,38.87,17.8,16.33,1.62,6,88.4,19.44,52.2,64.62,18.44,0,0.0,0.0,5.15
2026-09-02T18:00:00+00:00,cow_11,78.6,14.31,45.69,0.2191,641,38.58,21.09,20.19,2.0,5,88.4,19.44,52.2,64.62,18.44,0,0.0,0.0,5.33
2026-09-02T18:00:00+00:00,cow_12,60.49,14.36,45.64,0.2087,493,38.6,18.9,16.3,1.58,6,88.4,19.44,52.2,64.62,18.44,0,0.0,0.0,5.21
2026-09-02T18:00:00+00:00,cow_13,58.99,13.73,46.27,0.1699,447,38.9,21.46,17.73,1.93,5,88.4,19.44,52.2,64.62,18.44,0,0.0,0.0,5.2
2026-09-02T18:00:00+00:00,cow_14,76.2,18.39,41.61,0.2253,606,38.81,20.94,17.88,1.83,5,88.4,19.44,52.2,64.62,18.44,0,0.0,0.0,5.22
2026-09-02T18:00:00+00:00,cow_15,55.9,13.49,46.51,0.1706,433,38.58,19.04,15.89,1.7,5,88.4,19.44,52.2,64.62,18.44,0,0.0,0.0,5.31
2026-09-02T18:00:00+00:00,cow_16,62.06,15.52,44.48,0.1824,493,38.87,17.69,16.79,1.77,5,88.4,19.44,52.2,64.62,18.44,0,0.0,0.0,5.23
2026-09-02T19:00:00+00:00,cow_01,66.59,20.12,39.88,0.199,542,38.79,22.93,18.34,1.84,6,94.6,19.0,51.8,64.03,18.0,0,0.0,0.0,5.31
2026-09-02T19:00:00+00:00,cow_02,75.04,15.27,44.73,0.2238,601,38.82,15.49,17.36,2.03,4,94.6,19.0,51.8,64.03,18.0,0,0.0,0.0,5.18
2026-09-02T19:00:00+00:00,cow_03,64.22,13.84,46.16,0.185,512,38.68,20.72,16.21,1.87,6,94.6,19.0,51.8,64.03,18.0,0,0.0,0.0,5.2
2026-09-02T19:00:00+00:00,cow_04,62.84,13.66,46.34,0.2039,518,38.75,19.44,15.09,1.64,5,94.6,19.0,51.8,64.03,18.0,0,0.0,0.0,5.12
2026-09-02T19:00:00+00:00,cow_05,69.8,13.82,46.18,0.1974,542,38.74,18.52,14.78,2.33,4,94.6,19.0,51.8,64.03,18.0,0,0.0,0.0,5.23
2026-09-02T19:00:00+00:00,cow_06,75.3,10.72,49.28,0.2258,623,38.57,20.12,16.63,1.5,5,94.6,19.0,51.8,64.03,18.0,0,0.0,0.0,5.04
2026-09-02T19:00:00+00:00,cow_07,54.65,19.56,40.44,0.1691,455,38.69,19.13,17.39,1.73,5,94.6,19.0,51.8,64.03,18.0,0,0.0,0.0,5.22
2026-09-02T19:00:00+00:00,cow_08,61.88,18.51,41.49,0.2032,501,38.76,22.46,22.63,1.95,7,94.6,19.0,51.8,64.03,18.0,0,0.0,0.0,5.31
2026-09-02T19:00:00+00:00,cow_09,59.22,15.39,44.61,0.1862,447,38.61,19.73,16.23,1.86,5,94.6,19.0,51.8,64.03,18.0,0,0.0,0.0,5.13
2026-09-02T19:00:00+00:00,cow_10,63.28,13.69,46.31,0.1857,486,38.71,18.61,17.61,1.72,4,94.6,19.0,51.8,64.03,18.0,0,0.0,0.0,5.29
2026-09-02T19:00:00+00:00,cow_11,76.66,16.24,43.76,0.221,609,38.54,23.98,17.39,2.27,7,94.6,19.0,51.8,64.03,18.0,0,0.0,0.0,5.16
2026-09-02T19:00:00+00:00,cow_12,60.89,16.61,43.39,0.2069,480,38.57,21.88,18.2,1.73,5,94.6,19.0,51.8,64.03,18.0,0,0.0,0.0,5.05
2026-09-02T19:00:00+00:00,cow_13,64.59,18.32,41.68,0.2009,525,38.84,21.16,20.19,1.92,5,94.6,19.0,51.8,64.03,18.0,0,0.0,0.0,5.14
2026-09-02T19:00:00+00:00,cow_14,71.48,17.24,42.76,0.2055,576,38.79,22.55,18.94,1.98,5,94.6,19.0,51.8,64.03,18.0,0,0.0,0.0,5.17
2026-09-02T19:00:00+00:00,cow_15,57.36,11.9,48.1,0.1971,461,38.62,22.12,15.88,2.05,5,94.6,19.0,51.8,64.03,18.0,0,0.0,0.0,5.19
2026-09-02T19:00:00+00:00,cow_16,60.15,18.13,41.87,0.1845,491,38.73,19.0,16.89,1.86,5,94.6,19.0,51.8,64.03,18.0,0,0.0,0.0,5.23
2026-09-02T20:00:00+00:00,cow_01,46.07,27.57,32.43,0.154,323,38.85,6.85,14.93,0.52,1,94.5,18.92,50.2,63.85,17.92,0,0.0,0.0,5.16
2026-09-02T20:00:00+00:00,cow_02,52.35,24.0,36.0,0.1619,419,38.87,7.65,19.32,0.95,2,94.5,18.92,50.2,63.85,17.92,0,0.0,0.0,5.14
2026-09-02T20:00:00+00:00,cow_03,45.41,19.2,40.8,0.1698,363,38.8,9.7,17.82,0.84,2,94.5,18.92,50.2,63.85,17.92,0,0.0,0.0,5.28
2026-09-02T20:00:00+00:00,cow_04,43.66,24.04,35.96,0.1626,355,38.74,7.26,17.41,0.57,2,94.5,18.92,50.2,63.85,17.92,0,0.0,0.0,5.12
2026-09-02T20:00:00+00:00,cow_05,49.43,21.93,38.07,0.1664,389,38.76,4.99,14.42,0.69,1,94.5,18.92,50.2,63.85,17.92,0,0.0,0.0,5.05
2026-09-02T20:00:00+00:00,cow_06,52.41,22.89,37.11,0.1777,414,38.59,7.47,17.61,0.61,3,94.5,18.92,50.2,63.85,17.92,0,0.0,0.0,5.11
2026-09-02T20:00:00+00:00,cow_07,45.96,25.13,34.87,0.163,381,38.65,6.64,17.47,0.62,1,94.5,18.92,50.2,63.85,17.92,0,0.0,0.0,5.25
2026-09-02T20:00:00+00:00,cow_08,47.03,23.24,36.76,0.1649,342,38.83,9.27,19.69,0.74,2,94.5,18.92,50.2,63.85,17.92,0,0.0,0.0,4.94
2026-09-02T20:00:00+00:00,cow_09,44.81,21.7,38.3,0.1615,336,38.63,9.44,16.73,0.91,2,94.5,18.92,50.2,63.85,17.92,0,0.0,0.0,5.19
2026-09-02T20:00:00+00:00,cow_10,43.88,23.42,36.58,0.1606,332,38.72,7.29,19.82,0.74,2,94.5,18.92,50.2,63.85,17.92,0,0.0,0.0,5.09
2026-09-02T20:00:00+00:00,cow_11,54.95,24.52,35.48,0.1627,425,38.63,9.42,17.65,0.89,3,94.5,18.92,50.2,63.85,17.92,0,0.0,0.0,5.19
2026-09-02T20:00:00+00:00,cow_12,42.72,23.49,36.51,0.1542,358,38.74,8.52,16.45,0.69,1,94.5,18.92,50.2,63.85,17.92,0,0.0,0.0,5.1
2026-09-02T20:00:00+00:00,cow_13,41.85,21.87,38.13,0.155,327,38.89,10.05,21.39,0.91,3,94.5,18.92,50.2,63.85,17.92,0,0.0,0.0,5.22
2026-09-02T20:00:00+00:00,cow_14,53.93,23.81,36.19,0.1544,441,38.83,7.61,17.39,0.72,2,94.5,18.92,50.2,63.85,17.92,0,0.0,0.0,5.3
2026-09-02T20:00:00+00:00,cow_15,42.06,20.62,39.38,0.1682,322,38.57,7.83,15.26,0.72,2,94.5,18.92,50.2,63.85,17.92,0,0.0,0.0,5.24
2026-09-02T20:00:00+00:00,cow_16,41.65,21.17,38.83,0.1555,355,38.85,6.91,13.84,0.64,2,94.5,18.92,50.2,63.85,17.92,0,0.0,0.0,5.01
2026-09-02T21:00:00+00:00,cow_01,50.97,26.42,33.58,0.1715,428,38.85,7.29,14.72,0.62,2,89.0,16.61,51.5,60.86,15.61,0,0.0,0.0,5.21
2026-09-02T21:00:00+00:00,cow_02,53.74,24.67,35.33,0.1692,428,38.88,5.8,17.53,0.7,2,89.0,16.61,51.5,60.86,15.61,0,0.0,0.0,5.22
2026-09-02T21:00:00+00:00,cow_03,44.59,21.01,38.99,0.1651,343,38.7,7.17,16.06,0.59,2,89.0,16.61,51.5,60.86,15.61,0,0.0,0.0,5.2
2026-09-02T21:00:00+00:00,cow_04,44.82,16.76,43.24,0.1526,352,38.78,6.63,18.83,0.64,1,89.0,16.61,51.5,60.86,15.61,0,0.0,0.0,5.23
2026-09-02T21:00:00+00:00,cow_05,49.47,20.36,39.64,0.161,384,38.91,7.74,16.9,1.01,1,89.0,16.61,51.5,60.86,15.61,0,0.0,0.0,5.23
2026-09-02T21:00:00+00:00,cow_06,57.62,21.07,38.93,0.1934,471,38.72,7.94,15.85,0.59,3,89.0,16.61,51.5,60.86,15.61,0,0.0,0.0,5.05
2026-09-02T21:00:00+00:00,cow_07,37.38,25.35,34.65,0.1429,299,38.72,7.74,14.38,0.81,1,89.0,16.61,51.5,60.86,15.61,0,0.0,0.0,5.12
2026-09-02T21:00:00+00:00,cow_08,47.72,24.93,35.07,0.1653,388,38.88,8.75,20.93,0.64,3,89.0,16.61,51.5,60.86,15.61,0,0.0,0.0,5.13
2026-09-02T21:00:00+00:00,cow_09,46.85,22.04,37.96,0.1576,384,38.65,7.98,15.72,0.72,2,89.0,16.61,51.5,60.86,15.61,0,0.0,0.0,5.2
2026-09-02T21:00:00+00:00,cow_10,49.58,19.21,40.79,0.1726,392,38.72,6.07,18.45,0.38,1,89.0,16.61,51.5,60.86,15.61,0,0.0,0.0,5.13
2026-09-02T21:00:00+00:00,cow_11,55.69,20.64,39.36,0.1781,468,38.65,9.63,17.7,0.92,2,89.0,16.61,51.5,60.86,15.61,0,0.0,0.0,5.18
2026-09-02T21:00:00+00:00,cow_12,44.21,21.71,38.29,0.1745,351,38.66,10.32,19.19,0.74,3,89.0,16.61,51.5,60.86,15.61,0,0.0,0.0,5.27
2026-09-02T21:00:00+00:00,cow_13,49.21,20.77,39.23,0.162,408,38.78,7.92,20.96,0.71,2,89.0,16.61,51.5,60.86,15.61,0,0.0,0.0,5.13
2026-09-02T21:00:00+00:00,cow_14,54.24,22.51,37.49,0.1752,438,38.83,9.27,16.54,0.87,2,89.0,16.61,51.5,60.86,15.61,0,0.0,0.0,5.1
2026-09-02T21:00:00+00:00,cow_15,41.98,23.57,36.43,0.1572,336,38.69,6.79,15.09,0.54,2,89.0,16.61,51.5,60.86,15.61,0,0.0,0.0,5.21
2026-09-02T21:00:00+00:00,cow_16,49.85,23.21,36.79,0.1657,398,38.83,5.39,18.88,0.55,1,89.0,16.61,51.5,60.86,15.61,0,0.0,0.0,5.25
2026-09-02T22:00:00+00:00,cow_01,25.53,38.37,21.63,0.1324,232,38.83,3.47,21.33,0.28,1,92.8,16.53,52.7,60.78,15.53,0,0.0,0.0,5.26
2026-09-02T22:00:00+00:00,cow_02,32.71,38.71,21.29,0.1173,252,38.86,0.71,28.39,0.15,0,92.8,16.53,52.7,60.78,15.53,0,0.0,0.0,5.09
2026-09-02T22:00:00+00:00,cow_03,24.4,35.42,24.58,0.1393,198,38.62,4.31,25.18,0.33,1,92.8,16.53,52.7,60.78,15.53,0,0.0,0.0,5.22
2026-09-02T22:00:00+00:00,cow_04,22.74,34.54,25.46,0.132,177,38.75,0.76,28.97,0.07,1,92.8,16.53,52.7,60.78,15.53,0,0.0,0.0,5.22
2026-09-02T22:00:00+00:00,cow_05,26.25,32.18,27.82,0.1082,220,38.77,2.06,22.89,0.26,1,92.8,16.53,52.7,60.78,15.53,0,0.0,0.0,5.28
2026-09-02T22:00:00+00:00,cow_06,28.84,32.86,27.14,0.1147,232,38.63,1.4,25.95,0.07,0,92.8,16.53,52.7,60.78,15.53,0,0.0,0.0,5.32
2026-09-02T22:00:00+00:00,cow_07,18.47,39.94,20.06,0.1205,152,38.63,3.21,24.73,0.24,1,92.8,16.53,52.7,60.78,15.53,0,0.0,0.0,5.27
2026-09-02T22:00:00+00:00,cow_08,25.46,38.12,21.88,0.1352,211,38.76,2.59,27.95,0.23,1,92.8,16.53,52.7,60.78,15.53,0,0.0,0.0,5.17
2026-09-02T22:00:00+00:00,cow_09,21.38,36.61,23.39,0.1017,163,38.61,3.38,24.71,0.43,1,92.8,16.53,52.7,60.78,15.53,0,0.0,0.0,5.13
2026-09-02T22:00:00+00:00,cow_10,25.69,33.46,26.54,0.1256,190,38.78,2.59,24.9,0.29,0,92.8,16.53,52.7,60.78,15.53,0,0.0,0.0,5.11
2026-09-02T22:00:00+00:00,cow_11,30.11,30.7,29.3,0.1401,198,38.53,4.42,25.02,0.39,2,92.8,16.53,52.7,60.78,15.53,0,0.0,0.0,5.14
2026-09-02T22:00:00+00:00,cow_12,25.66,36.26,23.74,0.131,183,38.58,5.6,24.75,0.59,2,92.8,16.53,52.7,60.78,15.53,0,0.0,0.0,5.24
2026-09-02T22:00:00+00:00,cow_13,26.58,33.56,26.44,0.127,202,38.8,1.32,25.22,0.18,0,92.8,16.53,52.7,60.78,15.53,0,0.0,0.0,5.27
2026-09-02T22:00:00+00:00,cow_14,24.64,38.36,21.64,0.1223,216,38.73,0.8,24.34,0.08,0,92.8,16.53,52.7,60.78,15.53,0,0.0,0.0,5.25
2026-09-02T22:00:00+00:00,cow_15,21.91,30.79,29.21,0.1094,167,38.56,5.09,24.99,0.5,1,92.8,16.53,52.7,60.78,15.53,0,0.0,0.0,5.22
2026-09-02T22:00:00+00:00,cow_16,26.06,35.12,24.88,0.1273,177,38.79,2.06,21.16,0.17,1,92.8,16.53,52.7,60.78,15.53,0,0.0,0.0,5.26
2026-09-02T23:00:00+00:00,cow_01,25.6,39.69,20.31,0.117,206,38.79,1.03,23.27,0.15,0,88.4,15.64,54.5,59.62,14.64,0,0.0,0.0,5.31
2026-09-02T23:00:00+00:00,cow_02,30.25,37.53,22.47,0.1123,278,38.84,1.72,25.05,0.24,0,88.4,15.64,54.5,59.62,14.64,0,0.0,0.0,5.24
2026-09-02T23:00:00+00:00,cow_03,25.73,31.82,28.18,0.1375,217,38.7,2.46,22.49,0.26,0,88.4,15.64,54.5,59.62,14.64,0,0.0,0.0,5.09
2026-09-02T23:00:00+00:00,cow_04,27.71,37.17,22.83,0.1295,254,38.67,2.01,25.55,0.25,0,88.4,15.64,54.5,59.62,14.64,0,0.0,0.0,5.26
2026-09-02T23:00:00+00:00,cow_05,26.92,31.55,28.45,0.1388,209,38.72,3.27,23.91,0.45,0,88.4,15.64,54.5,59.62,14.64,0,0.0,0.0,5.16
2026-09-02T23:00:00+00:00,cow_06,30.41,34.59,25.41,0.1249,254,38.59,0.88,23.13,0.04,0,88.4,15.64,54.5,59.62,14.64,0,0.0,0.0,5.35
2026-09-02T23:00:00+00:00,cow_07,24.0,37.23,22.77,0.1254,186,38.65,3.16,24.92,0.29,2,88.4,15.64,54.5,59.62,14.64,0,0.0,0.0,5.27
2026-09-02T23:00:00+00:00,cow_08,22.96,42.24,17.76,0.1246,171,38.87,4.9,26.93,0.39,1,88.4,15.64,54.5,59.62,14.64,0,0.0,0.0,5.26
2026-09-02T23:00:00+00:00,cow_09,27.07,34.18,25.82,0.1297,239,38.55,3.31,23.59,0.33,1,88.4,15.64,54.5,59.62,14.64,0,0.0,0.0,5.2
2026-09-02T23:00:00+00:00,cow_10,25.3,35.95,24.05,0.1182,191,38.82,3.09,23.55,0.26,0,88.4,15.64,54.5,59.62,14.64,0,0.0,0.0,5.12
2026-09-02T23:00:00+00:00,cow_11,22.05,33.14,26.86,0.1083,177,38.48,2.79,25.34,0.34,1,88.4,15.64,54.5,59.62,14.64,0,0.0,0.0,5.26
2026-09-02T23:00:00+00:00,cow_12,22.94,37.48,22.52,0.1058,162,38.59,5.01,25.1,0.39,1,88.4,15.64,54.5,59.62,14.64,0,0.0,0.0,5.28
2026-09-02T23:00:00+00:00,cow_13,28.22,35.44,24.56,0.1245,215,38.71,2.64,25.63,0.18,0,88.4,15.64,54.5,59.62,14.64,0,0.0,0.0,5.16
2026-09-02T23:00:00+00:00,cow_14,28.03,38.12,21.88,0.1312,219,38.73,1.68,24.69,0.15,0,88.4,15.64,54.5,59.62,14.64,0,0.0,0.0,5.28
2026-09-02T23:00:00+00:00,cow_15,21.12,32.82,27.18,0.1297,182,38.57,2.19,24.62,0.23,0,88.4,15.64,54.5,59.62,14.64,0,0.0,0.0,5.14
2026-09-02T23:00:00+00:00,cow_16,20.11,35.11,24.89,0.1154,177,38.8,3.53,21.23,0.4,1,88.4,15.64,54.5,59.62,14.64,0,0.0,0.0,5.26
2026-09-03T00:00:00+00:00,cow_01,23.54,37.46,22.54,0.129,186,38.75,2.38,23.83,0.19,1,89.8,14.39,55.2,57.92,13.39,0,0.0,0.0,5.15
2026-09-03T00:00:00+00:00,cow_02,33.6,38.09,21.91,0.1401,260,38.66,1.17,24.82,0.11,0,89.8,14.39,55.2,57.92,13.39,0,0.0,0.0,5.2
2026-09-03T00:00:00+00:00,cow_03,30.51,32.67,27.33,0.1304,260,38.52,1.01,24.99,0.08,0,89.8,14.39,55.2,57.92,13.39,0,0.0,0.0,5.13
2026-09-03T00:00:00+00:00,cow_04,24.93,32.81,27.19,0.1256,182,38.63,4.45,25.8,0.38,1,89.8,14.39,55.2,57.92,13.39,0,0.0,0.0,5.21
2026-09-03T00:00:00+00:00,cow_05,29.48,32.62,27.38,0.1359,233,38.71,1.96,19.82,0.38,1,89.8,14.39,55.2,57.92,13.39,0,0.0,0.0,5.12
2026-09-03T00:00:00+00:00,cow_06,30.79,32.09,27.91,0.1305,224,38.55,1.05,24.71,0.11,0,89.8,14.39,55.2,57.92,13.39,0,0.0,0.0,5.21
2026-09-03T00:00:00+00:00,cow_07,21.2,39.26,20.74,0.1113,181,38.51,1.61,22.14,0.16,1,89.8,14.39,55.2,57.92,13.39,0,0.0,0.0,5.22
2026-09-03T00:00:00+00:00,cow_08,23.45,34.74,25.26,0.1226,199,38.89,2.44,26.17,0.22,0,89.8,14.39,55.2,57.92,13.39,0,0.0,0.0,5.3
2026-09-03T00:00:00+00:00,cow_09,21.86,32.95,27.05,0.1281,179,38.6,1.87,25.45,0.09,0,89.8,14.39,55.2,57.92,13.39,0,0.0,0.0,5.3
2026-09-03T00:00:00+00:00,cow_10,26.26,35.32,24.68,0.1283,209,38.62,2.12,28.05,0.2,1,89.8,14.39,55.2,57.92,13.39,0,0.0,0.0,5.25
2026-09-03T00:00:00+00:00,cow_11,27.36,34.63,25.37,0.1261,215,38.63,3.35,25.07,0.31,1,89.8,14.39,55.2,57.92,13.39,0,0.0,0.0,5.33
2026-09-03T00:00:00+00:00,cow_12,23.85,37.81,22.19,0.11,190,38.52,2.3,24.77,0.15,1,89.8,14.39,55.2,57.92,13.39,0,0.0,0.0,5.31
2026-09-03T00:00:00+00:00,cow_13,26.84,33.55,26.45,0.1215,225,38.76,2.45,27.57,0.26,1,89.8,14.39,55.2,57.92,13.39,0,0.0,0.0,5.14
2026-09-03T00:00:00+00:00,cow_14,26.07,37.79,22.21,0.1486,191,38.75,2.04,23.99,0.22,0,89.8,14.39,55.2,57.92,13.39,0,0.0,0.0,5.22
2026-09-03T00:00:00+00:00,cow_15,23.9,31.67,28.33,0.132,190,38.47,1.7,19.75,0.16,1,89.8,14.39,55.2,57.92,13.39,0,0.0,0.0,5.12
2026-09-03T00:00:00+00:00,cow_16,26.76,35.52,24.48,0.1206,237,38.74,4.24,20.1,0.4,1,89.8,14.39,55.2,57.92,13.39,0,0.0,0.0,5.2
2026-09-03T01:00:00+00:00,cow_01,25.37,37.21,22.79,0.1069,187,38.71,4.0,23.88,0.33,1,90.3,14.91,59.8,58.65,13.91,0,0.0,0.0,5.22
2026-09-03T01:00:00+00:00,cow_02,29.43,38.84,21.16,0.1311,234,38.59,1.85,28.42,0.19,0,90.3,14.91,59.8,58.65,13.91,0,0.0,0.0,5.26
2026-09-03T01:00:00+00:00,cow_03,21.01,34.82,25.18,0.1125,162,38.52,2.88,27.14,0.29,0,90.3,14.91,59.8,58.65,13.91,0,0.0,0.0,5.29
2026-09-03T01:00:00+00:00,cow_04,23.54,36.08,23.92,0.1304,144,38.55,3.39,26.49,0.24,1,90.3,14.91,59.8,58.65,13.91,0,0.0,0.0,5.05
2026-09-03T01:00:00+00:00,cow_05,28.09,35.55,24.45,0.1386,257,38.72,3.21,24.36,0.43,1,90.3,14.91,59.8,58.65,13.91,0,0.0,0.0,5.28
2026-09-03T01:00:00+00:00,cow_06,33.85,33.39,26.61,0.1337,272,38.56,3.45,22.53,0.36,1,90.3,14.91,59.8,58.65,13.91,0,0.0,0.0,5.18
2026-09-03T01:00:00+00:00,cow_07,21.15,42.54,17.46,0.1205,156,38.61,3.4,23.24,0.35,0,90.3,14.91,59.8,58.65,13.91,0,0.0,0.0,5.16
2026-09-03T01:00:00+00:00,cow_08,19.7,36.94,23.06,0.1335,182,38.72,4.54,26.78,0.38,1,90.3,14.91,59.8,58.65,13.91,0,0.0,0.0,5.19
2026-09-03T01:00:00+00:00,cow_09,23.34,35.04,24.96,0.1235,197,38.55,2.71,22.77,0.18,1,90.3,14.91,59.8,58.65,13.91,0,0.0,0.0,5.19
2026-09-03T01:00:00+00:00,cow_10,26.46,33.91,26.09,0.1535,191,38.55,2.49,25.96,0.24,1,90.3,14.91,59.8,58.65,13.91,0,0.0,0.0,5.3
2026-09-03T01:00:00+00:00,cow_11,26.13,32.51,27.49,0.1313,220,38.6,3.72,25.77,0.3,1,90.3,14.91,59.8,58.65,13.91,0,0.0,0.0,5.15
2026-09-03T01:00:00+00:00,cow_12,25.39,34.88,25.12,0.1125,196,38.57,3.16,26.02,0.27,2,90.3,14.91,59.8,58.65,13.91,0,0.0,0.0,5.22
2026-09-03T01:00:00+00:00,cow_13,24.87,32.88,27.12,0.1273,162,38.7,2.4,25.29,0.17,1,90.3,14.91,59.8,58.65,13.91,0,0.0,0.0,5.22
2026-09-03T01:00:00+00:00,cow_14,29.63,37.88,22.12,0.1343,255,38.66,1.27,26.52,0.13,0,90.3,14.91,59.8,58.65,13.91,0,0.0,0.0,5.1
2026-09-03T01:00:00+00:00,cow_15,24.31,32.51,27.49,0.1395,189,38.46,3.5,24.6,0.33,1,90.3,14.91,59.8,58.65,13.91,0,0.0,0.0,5.2
2026-09-03T01:00:00+00:00,cow_16,25.88,36.62,23.38,0.1328,204,38.78,0.0,24.52,0.0,0,90.3,14.91,59.8,58.65,13.91,0,0.0,0.0,5.2
2026-09-03T02:00:00+00:00,cow_01,28.44,37.27,22.73,0.1248,218,38.69,2.91,21.09,0.26,1,90.9,14.44,59.0,58.0,13.44,0,0.0,0.0,5.05
2026-09-03T02:00:00+00:00,cow_02,29.64,38.75,21.25,0.1293,209,38.7,1.14,27.68,0.14,1,90.9,14.44,59.0,58.0,13.44,0,0.0,0.0,5.19
2026-09-03T02:00:00+00:00,cow_03,21.84,32.53,27.47,0.107,171,38.63,3.77,26.64,0.35,1,90.9,14.44,59.0,58.0,13.44,0,0.0,0.0,5.12
2026-09-03T02:00:00+00:00,cow_04,25.0,33.82,26.18,0.1328,183,38.56,0.89,26.72,0.11,0,90.9,14.44,59.0,58.0,13.44,0,0.0,0.0,5.09
2026-09-03T02:00:00+00:00,cow_05,25.07,31.97,28.03,0.1112,221,38.65,2.8,20.08,0.42,1,90.9,14.44,59.0,58.0,13.44,0,0.0,0.0,5.15
2026-09-03T02:00:00+00:00,cow_06,26.36,33.99,26.01,0.1228,204,38.44,3.39,21.12,0.33,1,90.9,14.44,59.0,58.0,13.44,0,0.0,0.0,5.22
2026-09-03T02:00:00+00:00,cow_07,23.04,40.12,19.88,0.1211,180,38.58,4.74,22.31,0.45,1,90.9,14.44,59.0,58.0,13.44,0,0.0,0.0,5.24
2026-09-03T02:00:00+00:00,cow_08,22.78,40.75,19.25,0.12,182,38.76,2.17,27.79,0.15,1,90.9,14.44,59.0,58.0,13.44,0,0.0,0.0,5.34
2026-09-03T02:00:00+00:00,cow_09,23.22,30.03,29.97,0.1149,222,38.43,4.11,23.2,0.35,1,90.9,14.44,59.0,58.0,13.44,0,0.0,0.0,5.25
2026-09-03T02:00:00+00:00,cow_10,28.37,33.94,26.06,0.1414,241,38.67,1.55,27.65,0.12,0,90.9,14.44,59.0,58.0,13.44,0,0.0,0.0,5.19
2026-09-03T02:00:00+00:00,cow_11,27.4,30.74,29.26,0.1416,208,38.44,2.06,25.53,0.17,1,90.9,14.44,59.0,58.0,13.44,0,0.0,0.0,5.15
2026-09-03T02:00:00+00:00,cow_12,28.04,36.21,23.79,0.1257,229,38.51,3.67,26.47,0.3,0,90.9,14.44,59.0,58.0,13.44,0,0.0,0.0,5.25
2026-09-03T02:00:00+00:00,cow_13,25.25,30.07,29.93,0.1293,190,38.65,2.63,25.06,0.24,0,90.9,14.44,59.0,58.0,13.44,0,0.0,0.0,5.13
2026-09-03T02:00:00+00:00,cow_14,29.49,34.88,25.12,0.1338,242,38.63,3.53,25.96,0.31,1,90.9,14.44,59.0,58.0,13.44,0,0.0,0.0,5.19
2026-09-03T02:00:00+00:00,cow_15,21.58,32.09,27.91,0.1215,188,38.46,1.95,25.22,0.11,0,90.9,14.44,59.0,58.0,13.44,0,0.0,0.0,5.27
2026-09-03T02:00:00+00:00,cow_16,29.71,35.6,24.4,0.136,233,38.7,2.38,21.16,0.22,0,90.9,14.44,59.0,58.0,13.44,0,0.0,0.0,5.2
2026-09-03T03:00:00+00:00,cow_01,26.83,37.87,22.13,0.1121,224,38.62,3.08,24.77,0.14,0,88.7,14.68,61.2,58.34,13.68,0,0.0,0.0,5.18
2026-09-03T03:00:00+00:00,cow_02,34.36,33.8,26.2,0.1612,276,38.62,1.82,26.9,0.29,0,88.7,14.68,61.2,58.34,13.68,0,0.0,0.0,5.23
2026-09-03T03:00:00+00:00,cow_03,23.74,32.09,27.91,0.1486,196,38.53,3.6,22.49,0.4,0,88.7,14.68,61.2,58.34,13.68,0,0.0,0.0,5.14
2026-09-03T03:00:00+00:00,cow_04,23.18,34.89,25.11,0.1239,182,38.52,1.42,24.51,0.16,1,88.7,14.68,61.2,58.34,13.68,0,0.0,0.0,5.33
2026-09-03T03:00:00+00:00,cow_05,26.34,33.28,26.72,0.1246,228,38.64,2.36,21.58,0.35,1,88.7,14.68,61.2,58.34,13.68,0,0.0,0.0,5.15
2026-09-03T03:00:00+00:00,cow_06,26.89,33.68,26.32,0.1436,232,38.38,1.43,25.77,0.05,1,88.7,14.68,61.2,58.34,13.68,0,0.0,0.0,5.15
2026-09-03T03:00:00+00:00,cow_07,27.45,37.34,22.66,0.1408,222,38.5,0.61,20.83,0.04,0,88.7,14.68,61.2,58.34,13.68,0,0.0,0.0,5.11
2026-09-03T03:00:00+00:00,cow_08,22.0,39.77,20.23,0.1252,173,38.68,1.65,26.54,0.22,0,88.7,14.68,61.2,58.34,13.68,0,0.0,0.0,5.21
2026-09-03T03:00:00+00:00,cow_09,29.64,31.22,28.78,0.1413,262,38.41,3.14,22.75,0.26,1,88.7,14.68,61.2,58.34,13.68,0,0.0,0.0,5.26
2026-09-03T03:00:00+00:00,cow_10,29.04,36.29,23.71,0.1316,250,38.56,3.02,26.66,0.3,1,88.7,14.68,61.2,58.34,13.68,0,0.0,0.0,5.07
2026-09-03T03:00:00+00:00,cow_11,27.09,33.49,26.51,0.1119,229,38.46,3.05,24.5,0.35,2,88.7,14.68,61.2,58.34,13.68,0,0.0,0.0,5.21
2026-09-03T03:00:00+00:00,cow_12,25.03,34.8,25.2,0.1304,198,38.44,3.67,28.15,0.22,1,88.7,14.68,61.2,58.34,13.68,0,0.0,0.0,5.11
2026-09-03T03:00:00+00:00,cow_13,29.82,33.38,26.62,0.1192,248,38.72,3.22,27.17,0.31,2,88.7,14.68,61.2,58.34,13.68,0,0.0,0.0,5.13
2026-09-03T03:00:00+00:00,cow_14,29.1,36.74,23.26,0.1207,227,38.63,3.25,25.34,0.29,1,88.7,14.68,61.2,58.34,13.68,0,0.0,0.0,5.14
2026-09-03T03:00:00+00:00,cow_15,22.55,32.97,27.03,0.1234,185,38.41,2.18,27.28,0.24,1,88.7,14.68,61.2,58.34,13.68,0,0.0,0.0,5.18
2026-09-03T03:00:00+00:00,cow_16,24.17,34.68,25.32,0.1264,165,38.56,1.56,22.31,0.14,1,88.7,14.68,61.2,58.34,13.68,0,0.0,0.0,5.08
2026-09-03T04:00:00+00:00,cow_01,22.05,41.95,18.05,0.1239,178,38.58,0.63,23.91,0.0,0,94.0,14.67,62.5,58.32,13.67,0,0.0,0.0,5.26
2026-09-03T04:00:00+00:00,cow_02,31.56,36.96,23.04,0.1503,240,38.6,1.91,25.21,0.26,1,94.0,14.67,62.5,58.32,13.67,0,0.0,0.0,5.31
2026-09-03T04:00:00+00:00,cow_03,29.34,30.57,29.43,0.1491,237,38.55,2.21,23.55,0.13,1,94.0,14.67,62.5,58.32,13.67,0,0.0,0.0,5.24
2026-09-03T04:00:00+00:00,cow_04,21.54,30.77,29.23,0.1229,180,38.44,1.36,27.1,0.21,0,94.0,14.67,62.5,58.32,13.67,0,0.0,0.0,5.13
2026-09-03T04:00:00+00:00,cow_05,29.06,33.19,26.81,0.1287,262,38.6,1.9,20.08,0.31,1,94.0,14.67,62.5,58.32,13.67,0,0.0,0.0,5.18
2026-09-03T04:00:00+00:00,cow_06,31.09,33.88,26.12,0.1412,233,38.35,3.57,25.37,0.25,1,94.0,14.67,62.5,58.32,13.67,0,0.0,0.0,5.29
2026-09-03T04:00:00+00:00,cow_07,21.61,38.58,21.42,0.1182,150,38.46,2.83,23.9,0.27,2,94.0,14.67,62.5,58.32,13.67,0,0.0,0.0,5.29
2026-09-03T04:00:00+00:00,cow_08,24.82,39.12,20.88,0.1423,211,38.55,3.95,28.46,0.42,1,94.0,14.67,62.5,58.32,13.67,0,0.0,0.0,5.16
2026-09-03T04:00:00+00:00,cow_09,21.52,33.78,26.22,0.1261,164,38.38,0.37,25.74,0.0,0,94.0,14.67,62.5,58.32,13.67,0,0.0,0.0,5.22
2026-09-03T04:00:00+00:00,cow_10,26.35,34.04,25.96,0.1173,205,38.59,3.51,25.91,0.25,0,94.0,14.67,62.5,58.32,13.67,0,0.0,0.0,5.35
2026-09-03T04:00:00+00:00,cow_11,28.1,33.19,26.81,0.1447,216,38.37,3.68,27.9,0.31,2,94.0,14.67,62.5,58.32,13.67,0,0.0,0.0,5.18
2026-09-03T04:00:00+00:00,cow_12,21.54,34.87,25.13,0.1072,179,38.57,4.03,25.21,0.37,1,94.0,14.67,62.5,58.32,13.67,0,0.0,0.0,5.14
2026-09-03T04:00:00+00:00,cow_13,25.64,34.39,25.61,0.1132,200,38.59,4.26,25.37,0.31,1,94.0,14.67,62.5,58.32,13.67,0,0.0,0.0,5.29
2026-09-03T04:00:00+00:00,cow_14,30.76,37.87,22.13,0.1325,256,38.58,2.58,23.42,0.18,1,94.0,14.67,62.5,58.32,13.67,0,0.0,0.0,5.08
2026-09-03T04:00:00+00:00,cow_15,27.52,32.0,28.0,0.1326,230,38.35,2.25,23.64,0.16,0,94.0,14.67,62.5,58.32,13.67,0,0.0,0.0,5.12
2026-09-03T04:00:00+00:00,cow_16,28.32,35.47,24.53,0.123,239,38.56,0.38,22.9,0.12,0,94.0,14.67,62.5,58.32,13.67,0,0.0,0.0,5.05
2026-09-03T05:00:00+00:00,cow_01,45.2,26.38,33.62,0.1478,357,38.51,8.0,15.52,0.65,2,86.3,15.52,62.0,59.52,14.52,0,0.0,0.0,5.12
2026-09-03T05:00:00+00:00,cow_02,57.43,23.68,36.32,0.1735,493,38.58,6.12,21.12,0.89,1,86.3,15.52,62.0,59.52,14.52,0,0.0,0.0,5.23
2026-09-03T05:00:00+00:00,cow_03,42.44,21.55,38.45,0.1544,342,38.45,8.22,17.42,0.66,2,86.3,15.52,62.0,59.52,14.52,0,0.0,0.0,5.16
2026-09-03T05:00:00+00:00,cow_04,43.53,23.86,36.14,0.1467,342,38.5,7.17,19.19,0.61,2,86.3,15.52,62.0,59.52,14.52,0,0.0,0.0,5.18
2026-09-03T05:00:00+00:00,cow_05,53.15,18.8,41.2,0.172,429,38.55,8.18,15.11,1.11,2,86.3,15.52,62.0,59.52,14.52,0,0.0,0.0,5.31
2026-09-03T05:00:00+00:00,cow_06,56.98,20.98,39.02,0.1856,455,38.4,7.88,16.8,0.67,2,86.3,15.52,62.0,59.52,14.52,0,0.0,0.0,5.27
2026-09-03T05:00:00+00:00,cow_07,41.99,27.72,32.28,0.1488,326,38.5,7.6,18.55,0.73,2,86.3,15.52,62.0,59.52,14.52,0,0.0,0.0,5.05
2026-09-03T05:00:00+00:00,cow_08,44.91,25.66,34.34,0.1725,383,38.54,9.61,20.02,0.87,3,86.3,15.52,62.0,59.52,14.52,0,0.0,0.0,5.04
2026-09-03T05:00:00+00:00,cow_09,43.03,20.1,39.9,0.1554,358,38.37,8.26,17.36,0.7,1,86.3,15.52,62.0,59.52,14.52,0,0.0,0.0,5.21
2026-09-03T05:00:00+00:00,cow_10,47.17,20.77,39.23,0.1479,366,38.5,7.27,18.94,0.75,1,86.3,15.52,62.0,59.52,14.52,0,0.0,0.0,5.27
2026-09-03T05:00:00+00:00,cow_11,54.47,22.89,37.11,0.1737,451,38.36,7.79,18.29,0.71,2,86.3,15.52,62.0,59.52,14.52,0,0.0,0.0,5.11
2026-09-03T05:00:00+00:00,cow_12,43.11,23.2,36.8,0.1579,365,38.42,8.59,18.21,0.69,2,86.3,15.52,62.0,59.52,14.52,0,0.0,0.0,5.05
2026-09-03T05:00:00+00:00,cow_13,46.22,20.22,39.78,0.176,368,38.55,8.87,19.58,0.74,2,86.3,15.52,62.0,59.52,14.52,0,0.0,0.0,5.17
2026-09-03T05:00:00+00:00,cow_14,49.05,23.48,36.52,0.1665,390,38.44,9.5,17.28,0.83,3,86.3,15.52,62.0,59.52,14.52,0,0.0,0.0,5.14
2026-09-03T05:00:00+00:00,cow_15,43.55,20.86,39.14,0.1494,356,38.43,8.7,17.74,0.77,1,86.3,15.52,62.0,59.52,14.52,0,0.0,0.0,5.32
2026-09-03T05:00:00+00:00,cow_16,51.12,25.16,34.84,0.1687,391,38.52,5.16,15.5,0.58,1,86.3,15.52,62.0,59.52,14.52,0,0.0,0.0,5.22
2026-09-03T06:00:00+00:00,cow_01,63.16,17.49,42.51,0.1785,495,38.56,20.33,16.63,1.53,5,90.5,16.8,62.8,61.37,15.8,0,13.56,7.44,5.18
2026-09-03T06:00:00+00:00,cow_02,78.08,16.7,43.3,0.2347,614,38.46,17.07,19.94,2.19,4,90.5,16.8,62.8,61.37,15.8,0,15.43,7.14,5.21
2026-09-03T06:00:00+00:00,cow_03,59.52,15.33,44.67,0.1891,494,38.4,18.11,20.23,1.59,5,90.5,16.8,62.8,61.37,15.8,0,16.81,7.39,5.21
2026-09-03T06:00:00+00:00,cow_04,52.7,13.65,46.35,0.1782,380,38.43,19.27,19.64,1.68,5,90.5,16.8,62.8,61.37,15.8,0,17.18,7.6,5.29
2026-09-03T06:00:00+00:00,cow_05,69.16,14.62,45.38,0.2017,570,38.53,16.26,17.17,2.05,4,90.5,16.8,62.8,61.37,15.8,0,17.86,7.97,5.13
2026-09-03T06:00:00+00:00,cow_06,72.05,15.12,44.88,0.2191,565,38.37,19.2,17.46,1.5,5,90.5,16.8,62.8,61.37,15.8,0,16.0,7.36,5.24
2026-09-03T06:00:00+00:00,cow_07,59.67,19.31,40.69,0.1781,503,38.38,22.02,16.28,2.03,6,90.5,16.8,62.8,61.37,15.8,0,15.92,8.22,5.21
2026-09-03T06:00:00+00:00,cow_08,59.89,16.82,43.18,0.1763,502,38.53,23.13,18.38,2.03,6,90.5,16.8,62.8,61.37,15.8,0,17.53,7.17,5.14
2026-09-03T06:00:00+00:00,cow_09,56.95,16.53,43.47,0.1841,438,38.32,17.57,14.39,1.63,5,90.5,16.8,62.8,61.37,15.8,0,17.22,7.74,5.22
2026-09-03T06:00:00+00:00,cow_10,63.55,16.31,43.69,0.209,485,38.47,18.77,18.91,1.72,5,90.5,16.8,62.8,61.37,15.8,0,18.84,7.96,5.12
2026-09-03T06:00:00+00:00,cow_11,72.69,13.82,46.18,0.2085,580,38.3,22.19,17.41,2.07,6,90.5,16.8,62.8,61.37,15.8,0,17.18,7.28,5.26
2026-09-03T06:00:00+00:00,cow_12,59.86,16.44,43.56,0.1974,450,38.38,22.3,17.46,1.73,5,90.5,16.8,62.8,61.37,15.8,0,13.53,8.64,5.25
2026-09-03T06:00:00+00:00,cow_13,62.03,14.66,45.34,0.1918,472,38.5,19.79,18.0,1.84,4,90.5,16.8,62.8,61.37,15.8,0,15.11,7.69,5.32
2026-09-03T06:00:00+00:00,cow_14,71.76,17.14,42.86,0.2048,543,38.44,20.76,16.27,1.8,5,90.5,16.8,62.8,61.37,15.8,0,15.81,7.65,5.28
2026-09-03T06:00:00+00:00,cow_15,58.13,13.58,46.42,0.1713,458,38.29,19.68,15.36,1.84,5,90.5,16.8,62.8,61.37,15.8,0,17.38,8.06,5.2
2026-09-03T06:00:00+00:00,cow_16,66.48,18.37,41.63,0.1868,526,38.52,17.41,16.0,1.67,4,90.5,16.8,62.8,61.37,15.8,0,13.95,6.85,4.99
2026-09-03T07:00:00+00:00,cow_01,62.29,18.94,41.06,0.1856,470,38.5,20.2,15.41,1.6,6,91.4,17.44,65.3,62.36,16.44,0,0.0,0.0,5.21
2026-09-03T07:00:00+00:00,cow_02,73.3,17.31,42.69,0.2139,548,38.54,16.17,19.45,2.15,4,91.4,17.44,65.3,62.36,16.44,0,0.0,0.0,5.23
2026-09-03T07:00:00+00:00,cow_03,56.71,15.51,44.49,0.2016,438,38.36,18.57,17.29,1.56,5,91.4,17.44,65.3,62.36,16.44,0,0.0,0.0,5.27
2026-09-03T07:00:00+00:00,cow_04,61.05,12.6,47.4,0.1998,502,38.46,19.18,18.9,1.7,6,91.4,17.44,65.3,62.36,16.44,0,0.0,0.0,5.12
2026-09-03T07:00:00+00:00,cow_05,72.19,14.32,45.68,0.2086,554,38.47,15.82,15.02,1.95,4,91.4,17.44,65.3,62.36,16.44,0,0.0,0.0,5.17
2026-09-03T07:00:00+00:00,cow_06,74.4,12.87,47.13,0.1995,600,38.29,21.47,17.44,1.67,6,91.4,17.44,65.3,62.36,16.44,0,0.0,0.0,5.18
2026-09-03T07:00:00+00:00,cow_07,56.01,18.56,41.44,0.1859,445,38.45,20.03,16.66,1.82,5,91.4,17.44,65.3,62.36,16.44,0,0.0,0.0,5.21
2026-09-03T07:00:00+00:00,cow_08,64.18,18.12,41.88,0.1958,511,38.55,22.92,19.83,1.94,6,91.4,17.44,65.3,62.36,16.44,0,0.0,0.0,5.24
2026-09-03T07:00:00+00:00,cow_09,56.09,15.19,44.81,0.1594,455,38.35,18.65,16.48,1.75,5,91.4,17.44,65.3,62.36,16.44,0,0.0,0.0,5.31
2026-09-03T07:00:00+00:00,cow_10,64.33,15.42,44.58,0.2069,492,38.45,17.95,19.88,1.67,4,91.4,17.44,65.3,62.36,16.44,0,0.0,0.0,5.2
2026-09-03T07:00:00+00:00,cow_11,71.91,15.44,44.56,0.2013,559,38.2,22.53,17.82,2.11,6,91.4,17.44,65.3,62.36,16.44,0,0.0,0.0,5.11
2026-09-03T07:00:00+00:00,cow_12,55.15,13.96,46.04,0.172,446,38.3,23.38,19.18,1.88,6,91.4,17.44,65.3,62.36,16.44,0,0.0,0.0,5.32
2026-09-03T07:00:00+00:00,cow_13,62.87,15.31,44.69,0.1949,513,38.56,19.59,18.43,1.79,5,91.4,17.44,65.3,62.36,16.44,0,0.0,0.0,5.17
2026-09-03T07:00:00+00:00,cow_14,68.14,16.46,43.54,0.2089,572,38.41,20.57,16.93,1.87,5,91.4,17.44,65.3,62.36,16.44,0,0.0,0.0,5.13
2026-09-03T07:00:00+00:00,cow_15,58.65,14.04,45.96,0.1733,455,38.4,20.44,16.77,1.85,5,91.4,17.44,65.3,62.36,16.44,0,0.0,0.0,5.22
2026-09-03T07:00:00+00:00,cow_16,62.82,15.81,44.19,0.2018,502,38.48,16.61,13.25,1.72,5,91.4,17.44,65.3,62.36,16.44,0,0.0,0.0,5.13
2026-09-03T08:00:00+00:00,cow_01,62.13,17.96,42.04,0.1902,513,38.52,20.08,15.13,1.59,5,88.9,17.89,63.4,62.95,16.89,0,0.0,0.0,5.19
2026-09-03T08:00:00+00:00,cow_02,74.81,14.95,45.05,0.1988,607,38.54,14.72,19.88,1.91,4,88.9,17.89,63.4,62.95,16.89,0,0.0,0.0,5.1
2026-09-03T08:00:00+00:00,cow_03,60.31,14.59,45.41,0.1902,505,38.39,19.48,16.96,1.75,5,88.9,17.89,63.4,62.95,16.89,0,0.0,0.0,5.17
2026-09-03T08:00:00+00:00,cow_04,58.7,15.98,44.02,0.1791,472,38.39,18.65,18.44,1.57,5,88.9,17.89,63.4,62.95,16.89,0,0.0,0.0,5.22
2026-09-03T08:00:00+00:00,cow_05,69.36,15.08,44.92,0.1881,586,38.48,14.39,17.01,1.79,4,88.9,17.89,63.4,62.95,16.89,0,0.0,0.0,5.21
2026-09-03T08:00:00+00:00,cow_06,70.24,15.68,44.32,0.2083,579,38.36,18.58,18.37,1.4,6,88.9,17.89,63.4,62.95,16.89,0,0.0,0.0,5.17
2026-09-03T08:00:00+00:00,cow_07,56.91,16.02,43.98,0.1775,443,38.44,18.34,17.59,1.71,5,88.9,17.89,63.4,62.95,16.89,0,0.0,0.0,5.2
2026-09-03T08:00:00+00:00,cow_08,58.13,17.19,42.81,0.1906,466,38.55,22.91,19.8,1.97,5,88.9,17.89,63.4,62.95,16.89,0,0.0,0.0,5.14
2026-09-03T08:00:00+00:00,cow_09,57.6,11.97,48.03,0.1726,456,38.31,17.9,16.71,1.68,4,88.9,17.89,63.4,62.95,16.89,0,0.0,0.0,5.2
2026-09-03T08:00:00+00:00,cow_10,65.53,17.42,42.58,0.1928,526,38.51,14.71,21.11,1.41,3,88.9,17.89,63.4,62.95,16.89,0,0.0,0.0,5.23
2026-09-03T08:00:00+00:00,cow_11,71.97,14.35,45.65,0.213,591,38.28,20.25,18.75,1.91,5,88.9,17.89,63.4,62.95,16.89,0,0.0,0.0,5.34
2026-09-03T08:00:00+00:00,cow_12,56.69,16.91,43.09,0.1866,462,38.3,19.3,17.92,1.52,4,88.9,17.89,63.4,62.95,16.89,0,0.0,0.0,5.27
2026-09-03T08:00:00+00:00,cow_13,63.29,14.14,45.86,0.1998,515,38.48,20.74,21.76,1.81,5,88.9,17.89,63.4,62.95,16.89,0,0.0,0.0,5.23
2026-09-03T08:00:00+00:00,cow_14,77.81,15.67,44.33,0.2107,608,38.53,19.7,16.38,1.74,5,88.9,17.89,63.4,62.95,16.89,0,0.0,0.0,5.29
2026-09-03T08:00:00+00:00,cow_15,57.48,15.02,44.98,0.1824,440,38.3,19.56,16.1,1.71,4,88.9,17.89,63.4,62.95,16.89,0,0.0,0.0,5.2
2026-09-03T08:00:00+00:00,cow_16,64.42,18.16,41.84,0.1941,504,38.51,15.7,16.57,1.64,4,88.9,17.89,63.4,62.95,16.89,0,0.0,0.0,5.1
2026-09-03T09:00:00+00:00,cow_01,59.64,18.59,41.41,0.1961,472,38.59,21.17,16.09,1.67,5,92.5,19.31,64.1,65.03,18.31,0,0.0,0.0,5.2
2026-09-03T09:00:00+00:00,cow_02,76.83,15.77,44.23,0.1963,633,38.53,15.59,20.45,2.11,2,92.5,19.31,64.1,65.03,18.31,0,0.0,0.0,5.23
2026-09-03T09:00:00+00:00,cow_03,57.06,15.64,44.36,0.184,466,38.37,17.64,16.6,1.56,5,92.5,19.31,64.1,65.03,18.31,0,0.0,0.0,5.11
2026-09-03T09:00:00+00:00,cow_04,62.28,14.28,45.72,0.1957,490,38.42,19.92,17.16,1.68,5,92.5,19.31,64.1,65.03,18.31,0,0.0,0.0,5.39
2026-09-03T09:00:00+00:00,cow_05,67.34,17.51,42.49,0.2213,537,38.47,16.33,15.49,2.0,4,92.5,19.31,64.1,65.03,18.31,0,0.0,0.0,5.32
2026-09-03T09:00:00+00:00,cow_06,72.63,14.93,45.07,0.1937,586,38.35,20.7,16.91,1.57,5,92.5,19.31,64.1,65.03,18.31,0,0.0,0.0,5.2
2026-09-03T09:00:00+00:00,cow_07,58.23,17.58,42.42,0.196,475,38.39,22.0,17.13,2.06,6,92.5,19.31,64.1,65.03,18.31,0,0.0,0.0,5.05
2026-09-03T09:00:00+00:00,cow_08,63.95,17.65,42.35,0.1946,515,38.52,22.66,18.39,2.0,6,92.5,19.31,64.1,65.03,18.31,0,0.0,0.0,5.17
2026-09-03T09:00:00+00:00,cow_09,56.3,15.34,44.66,0.1832,456,38.27,16.51,17.7,1.61,4,92.5,19.31,64.1,65.03,18.31,0,0.0,0.0,5.33
2026-09-03T09:00:00+00:00,cow_10,65.12,15.2,44.8,0.1932,500,38.52,16.04,17.77,1.53,3,92.5,19.31,64.1,65.03,18.31,0,0.0,0.0,5.08
2026-09-03T09:00:00+00:00,cow_11,73.34,15.39,44.61,0.2169,582,38.43,21.33,18.03,1.95,5,92.5,19.31,64.1,65.03,18.31,0,0.0,0.0,5.25
2026-09-03T09:00:00+00:00,cow_12,61.31,13.23,46.77,0.1879,497,38.37,21.9,18.6,1.69,6,92.5,19.31,64.1,65.03,18.31,0,0.0,0.0,5.28
2026-09-03T09:00:00+00:00,cow_13,60.05,13.74,46.26,0.1776,490,38.46,19.98,19.62,1.79,5,92.5,19.31,64.1,65.03,18.31,0,0.0,0.0,5.11
2026-09-03T09:00:00+00:00,cow_14,73.59,15.85,44.15,0.2092,592,38.48,21.27,16.5,1.85,5,92.5,19.31,64.1,65.03,18.31,0,0.0,0.0,5.09
2026-09-03T09:00:00+00:00,cow_15,56.09,15.23,44.77,0.1682,466,38.38,19.05,18.27,1.73,5,92.5,19.31,64.1,65.03,18.31,0,0.0,0.0,5.16
2026-09-03T09:00:00+00:00,cow_16,64.39,16.24,43.76,0.1878,497,38.46,17.62,16.31,1.75,4,92.5,19.31,64.1,65.03,18.31,0,0.0,0.0,5.11
2026-09-03T10:00:00+00:00,cow_01,48.32,24.6,35.4,0.1698,382,38.47,7.44,13.99,0.53,2,91.3,19.48,64.3,65.28,18.48,0,0.0,0.0,5.18
2026-09-03T10:00:00+00:00,cow_02,56.44,26.48,33.52,0.1786,461,38.53,9.4,15.8,1.19,3,91.3,19.48,64.3,65.28,18.48,0,0.0,0.0,5.14
2026-09-03T10:00:00+00:00,cow_03,46.32,21.68,38.32,0.172,353,38.42,8.58,17.29,0.75,3,91.3,19.48,64.3,65.28,18.48,0,0.0,0.0,5.07
2026-09-03T10:00:00+00:00,cow_04,44.54,20.47,39.53,0.1678,343,38.31,8.69,18.31,0.76,3,91.3,19.48,64.3,65.28,18.48,0,0.0,0.0,5.23
2026-09-03T10:00:00+00:00,cow_05,51.9,21.05,38.95,0.162,411,38.6,6.7,15.39,0.91,1,91.3,19.48,64.3,65.28,18.48,0,0.0,0.0,5.25
2026-09-03T10:00:00+00:00,cow_06,50.96,22.95,37.05,0.1715,416,38.3,8.04,17.97,0.59,2,91.3,19.48,64.3,65.28,18.48,0,0.0,0.0,5.22
2026-09-03T10:00:00+00:00,cow_07,41.44,24.75,35.25,0.1546,328,38.43,8.14,15.94,0.78,2,91.3,19.48,64.3,65.28,18.48,0,0.0,0.0,5.16
2026-09-03T10:00:00+00:00,cow_08,38.74,23.95,36.05,0.1414,301,38.52,10.3,18.17,0.84,3,91.3,19.48,64.3,65.28,18.48,0,0.0,0.0,5.11
2026-09-03T10:00:00+00:00,cow_09,47.33,23.03,36.97,0.1535,393,38.39,6.38,15.55,0.56,1,91.3,19.48,64.3,65.28,18.48,0,0.0,0.0,5.14
2026-09-03T10:00:00+00:00,cow_10,46.71,22.99,37.01,0.1649,371,38.46,5.68,19.42,0.55,1,91.3,19.48,64.3,65.28,18.48,0,0.0,0.0,5.11
2026-09-03T10:00:00+00:00,cow_11,58.25,22.21,37.79,0.1888,472,38.26,10.46,17.82,1.01,3,91.3,19.48,64.3,65.28,18.48,0,0.0,0.0,5.21
2026-09-03T10:00:00+00:00,cow_12,40.23,18.86,41.14,0.152,325,38.33,9.23,18.47,0.78,2,91.3,19.48,64.3,65.28,18.48,0,0.0,0.0,5.2
2026-09-03T10:00:00+00:00,cow_13,46.53,22.5,37.5,0.1586,364,38.52,8.6,18.05,0.75,3,91.3,19.48,64.3,65.28,18.48,0,0.0,0.0,5.27
2026-09-03T10:00:00+00:00,cow_14,51.02,25.81,34.19,0.1781,406,38.45,8.01,17.67,0.66,3,91.3,19.48,64.3,65.28,18.48,0,0.0,0.0,5.31
2026-09-03T10:00:00+00:00,cow_15,42.3,23.12,36.88,0.152,327,38.38,10.02,18.99,0.93,3,91.3,19.48,64.3,65.28,18.48,0,0.0,0.0,5.22
2026-09-03T10:00:00+00:00,cow_16,49.5,23.5,36.5,0.1771,378,38.54,8.06,16.5,0.83,2,91.3,19.48,64.3,65.28,18.48,0,0.0,0.0,5.15
2026-09-03T11:00:00+00:00,cow_01,43.7,26.99,33.01,0.1591,341,38.52,7.62,16.79,0.64,2,86.2,20.45,62.3,66.57,19.45,0,0.0,0.0,5.13
2026-09-03T11:00:00+00:00,cow_02,57.5,22.67,37.33,0.1841,461,38.57,7.12,17.91,0.83,1,86.2,20.45,62.3,66.57,19.45,0,0.0,0.0,5.34
2026-09-03T11:00:00+00:00,cow_03,49.96,24.52,35.48,0.168,372,38.32,7.04,16.9,0.68,2,86.2,20.45,62.3,66.57,19.45,0,0.0,0.0,5.22
2026-09-03T11:00:00+00:00,cow_04,42.01,20.85,39.15,0.1582,346,38.47,6.43,19.42,0.57,1,86.2,20.45,62.3,66.57,19.45,0,0.0,0.0,5.14
2026-09-03T11:00:00+00:00,cow_05,53.2,20.77,39.23,0.1917,433,38.5,6.67,15.65,0.81,1,86.2,20.45,62.3,66.57,19.45,0,0.0,0.0,5.26
2026-09-03T11:00:00+00:00,cow_06,57.05,23.25,36.75,0.1978,448,38.46,7.19,15.96,0.46,2,86.2,20.45,62.3,66.57,19.45,0,0.0,0.0,5.16
2026-09-03T11:00:00+00:00,cow_07,43.87,25.59,34.41,0.147,345,38.4,6.26,15.45,0.53,2,86.2,20.45,62.3,66.57,19.45,0,0.0,0.0,5.22
2026-09-03T11:00:00+00:00,cow_08,46.61,23.26,36.74,0.1758,392,38.48,8.09,19.7,0.72,2,86.2,20.45,62.3,66.57,19.45,0,0.0,0.0,5.18
2026-09-03T11:00:00+00:00,cow_09,41.92,22.0,38.0,0.1674,323,38.41,6.32,15.93,0.63,2,86.2,20.45,62.3,66.57,19.45,0,0.0,0.0,5.27
2026-09-03T11:00:00+00:00,cow_10,44.42,21.54,38.46,0.1682,355,38.45,7.05,17.85,0.74,3,86.2,20.45,62.3,66.57,19.45,0,0.0,0.0,5.25
2026-09-03T11:00:00+00:00,cow_11,57.76,21.94,38.06,0.1916,484,38.36,8.2,16.26,0.76,2,86.2,20.45,62.3,66.57,19.45,0,0.0,0.0,5.28
2026-09-03T11:00:00+00:00,cow_12,44.45,21.79,38.21,0.1402,348,38.36,8.28,18.69,0.75,2,86.2,20.45,62.3,66.57,19.45,0,0.0,0.0,5.18
2026-09-03T11:00:00+00:00,cow_13,46.33,22.63,37.37,0.1551,372,38.59,8.18,19.62,0.76,1,86.2,20.45,62.3,66.57,19.45,0,0.0,0.0,5.25
2026-09-03T11:00:00+00:00,cow_14,51.73,22.87,37.13,0.1621,420,38.5,6.65,17.97,0.51,2,86.2,20.45,62.3,66.57,19.45,0,0.0,0.0,5.22
2026-09-03T11:00:00+00:00,cow_15,44.62,24.09,35.91,0.1467,356,38.34,8.4,16.89,0.75,2,86.2,20.45,62.3,66.57,19.45,0,0.0,0.0,5.11
2026-09-03T11:00:00+00:00,cow_16,48.46,23.54,36.46,0.1764,383,38.54,5.76,16.06,0.51,2,86.2,20.45,62.3,66.57,19.45,0,0.0,0.0,5.1
2026-09-03T12:00:00+00:00,cow_01,47.56,25.97,34.03,0.1792,367,38.54,8.73,15.26,0.59,2,91.3,21.14,62.6,67.57,20.14,0,0.0,0.0,5.18
2026-09-03T12:00:00+00:00,cow_02,55.98,23.87,36.13,0.2008,444,38.6,5.01,19.38,0.67,1,91.3,21.14,62.6,67.57,20.14,0,0.0,0.0,5.13
2026-09-03T12:00:00+00:00,cow_03,46.13,20.95,39.05,0.162,377,38.57,7.88,19.26,0.59,2,91.3,21.14,62.6,67.57,20.14,0,0.0,0.0,5.17
2026-09-03T12:00:00+00:00,cow_04,42.9,23.27,36.73,0.1551,312,38.41,8.63,16.67,0.78,2,91.3,21.14,62.6,67.57,20.14,0,0.0,0.0,5.19
2026-09-03T12:00:00+00:00,cow_05,51.27,21.89,38.11,0.1605,410,38.5,7.23,16.35,0.93,2,91.3,21.14,62.6,67.57,20.14,0,0.0,0.0,5.14
2026-09-03T12:00:00+00:00,cow_06,54.78,21.99,38.01,0.1756,426,38.38,7.46,15.14,0.54,2,91.3,21.14,62.6,67.57,20.14,0,0.0,0.0,5.22
2026-09-03T12:00:00+00:00,cow_07,39.41,24.61,35.39,0.1579,308,38.38,10.76,16.42,0.92,3,91.3,21.14,62.6,67.57,20.14,0,0.0,0.0,5.19
2026-09-03T12:00:00+00:00,cow_08,41.1,25.65,34.35,0.1638,325,38.5,9.66,19.83,0.8,2,91.3,21.14,62.6,67.57,20.14,0,0.0,0.0,5.38
2026-09-03T12:00:00+00:00,cow_09,41.77,20.15,39.85,0.1554,342,38.42,5.05,16.16,0.53,1,91.3,21.14,62.6,67.57,20.14,0,0.0,0.0,5.1
2026-09-03T12:00:00+00:00,cow_10,50.81,23.68,36.32,0.1685,419,38.64,5.93,19.38,0.64,2,91.3,21.14,62.6,67.57,20.14,0,0.0,0.0,5.14
2026-09-03T12:00:00+00:00,cow_11,54.95,23.9,36.1,0.1688,439,38.36,8.32,18.59,0.77,2,91.3,21.14,62.6,67.57,20.14,0,0.0,0.0,5.29
2026-09-03T12:00:00+00:00,cow_12,40.0,22.7,37.3,0.1515,323,38.41,8.11,19.69,0.73,2,91.3,21.14,62.6,67.57,20.14,0,0.0,0.0,5.25
2026-09-03T12:00:00+00:00,cow_13,47.3,23.9,36.1,0.1407,378,38.57,8.58,20.38,0.77,2,91.3,21.14,62.6,67.57,20.14,0,0.0,0.0,5.09
2026-09-03T12:00:00+00:00,cow_14,53.14,25.52,34.48,0.1672,395,38.66,9.16,17.13,0.87,2,91.3,21.14,62.6,67.57,20.14,0,0.0,0.0,5.31
2026-09-03T12:00:00+00:00,cow_15,45.52,19.5,40.5,0.1665,390,38.33,7.44,15.66,0.72,2,91.3,21.14,62.6,67.57,20.14,0,0.0,0.0,5.05
2026-09-03T12:00:00+00:00,cow_16,46.84,22.47,37.53,0.1632,362,38.62,8.29,14.86,0.72,2,91.3,21.14,62.6,67.57,20.14,0,0.0,0.0,5.26
2026-09-03T13:00:00+00:00,cow_01,44.66,26.36,33.64,0.1684,357,38.6,9.41,16.6,0.71,2,92.3,21.21,58.1,67.37,20.21,0,0.0,0.0,5.09
2026-09-03T13:00:00+00:00,cow_02,57.57,23.36,36.64,0.1793,460,38.63,7.6,20.13,0.98,2,92.3,21.21,58.1,67.37,20.21,0,0.0,0.0,5.23
2026-09-03T13:00:00+00:00,cow_03,43.84,21.58,38.42,0.1574,358,38.48,7.81,19.5,0.73,2,92.3,21.21,58.1,67.37,20.21,0,0.0,0.0,5.25
2026-09-03T13:00:00+00:00,cow_04,44.53,22.88,37.12,0.1615,374,38.54,7.93,19.89,0.69,2,92.3,21.21,58.1,67.37,20.21,0,0.0,0.0,5.23
2026-09-03T13:00:00+00:00,cow_05,51.24,21.13,38.87,0.1664,398,38.54,5.76,14.52,0.72,1,92.3,21.21,58.1,67.37,20.21,0,0.0,0.0,5.18
2026-09-03T13:00:00+00:00,cow_06,49.05,24.71,35.29,0.1791,399,38.54,7.69,19.44,0.54,2,92.3,21.21,58.1,67.37,20.21,0,0.0,0.0,5.1
2026-09-03T13:00:00+00:00,cow_07,42.59,25.8,34.2,0.1551,351,38.49,8.08,15.94,0.77,2,92.3,21.21,58.1,67.37,20.21,0,0.0,0.0,5.27
2026-09-03T13:00:00+00:00,cow_08,48.01,23.0,37.0,0.1778,415,38.66,10.02,20.35,0.84,3,92.3,21.21,58.1,67.37,20.21,0,0.0,0.0,5.09
2026-09-03T13:00:00+00:00,cow_09,43.76,22.58,37.42,0.1639,366,38.39,7.07,19.23,0.65,2,92.3,21.21,58.1,67.37,20.21,0,0.0,0.0,5.19
2026-09-03T13:00:00+00:00,cow_10,45.65,24.67,35.33,0.1569,348,38.55,5.06,17.93,0.42,2,92.3,21.21,58.1,67.37,20.21,0,0.0,0.0,5.15
2026-09-03T13:00:00+00:00,cow_11,56.58,23.94,36.06,0.1896,449,38.42,7.53,18.14,0.66,2,92.3,21.21,58.1,67.37,20.21,0,0.0,0.0,5.41
2026-09-03T13:00:00+00:00,cow_12,44.43,19.62,40.38,0.1564,357,38.45,8.46,18.24,0.61,2,92.3,21.21,58.1,67.37,20.21,0,0.0,0.0,5.25
2026-09-03T13:00:00+00:00,cow_13,44.44,23.25,36.75,0.1463,381,38.59,8.31,19.47,0.72,2,92.3,21.21,58.1,67.37,20.21,0,0.0,0.0,5.25
2026-09-03T13:00:00+00:00,cow_14,55.81,25.7,34.3,0.1787,444,38.7,9.87,16.29,0.87,2,92.3,21.21,58.1,67.37,20.21,0,0.0,0.0,5.19
2026-09-03T13:00:00+00:00,cow_15,39.33,20.79,39.21,0.1689,323,38.3,9.74,17.94,0.87,3,92.3,21.21,58.1,67.37,20.21,0,0.0,0.0,5.13
2026-09-03T13:00:00+00:00,cow_16,44.81,25.1,34.9,0.1579,330,38.63,7.24,17.07,0.71,2,92.3,21.21,58.1,67.37,20.21,0,0.0,0.0,5.28
2026-09-03T14:00:00+00:00,cow_01,42.59,25.59,34.41,0.1858,347,38.67,9.57,16.22,0.8,2,90.6,21.55,57.2,67.78,20.55,0,0.0,0.0,5.22
2026-09-03T14:00:00+00:00,cow_02,56.93,25.05,34.95,0.1781,448,38.57,6.19,20.57,0.83,1,90.6,21.55,57.2,67.78,20.55,0,0.0,0.0,5.05
2026-09-03T14:00:00+00:00,cow_03,44.55,23.16,36.84,0.1554,334,38.51,8.37,18.63,0.72,3,90.6,21.55,57.2,67.78,20.55,0,0.0,0.0,5.28
2026-09-03T14:00:00+00:00,cow_04,41.29,24.16,35.84,0.1573,312,38.65,7.72,16.3,0.63,1,90.6,21.55,57.2,67.78,20.55,0,0.0,0.0,5.15
2026-09-03T14:00:00+00:00,cow_05,50.37,20.73,39.27,0.1677,401,38.66,6.27,16.99,0.74,2,90.6,21.55,57.2,67.78,20.55,0,0.0,0.0,5.33
2026-09-03T14:00:00+00:00,cow_06,54.49,22.64,37.36,0.1684,428,38.56,9.25,17.67,0.61,2,90.6,21.55,57.2,67.78,20.55,0,0.0,0.0,5.34
2026-09-03T14:00:00+00:00,cow_07,43.58,26.02,33.98,0.1601,339,38.54,6.91,14.7,0.59,2,90.6,21.55,57.2,67.78,20.55,0,0.0,0.0,5.07
2026-09-03T14:00:00+00:00,cow_08,45.28,24.01,35.99,0.1529,381,38.68,8.34,19.33,0.64,2,90.6,21.55,57.2,67.78,20.55,0,0.0,0.0,5.29
2026-09-03T14:00:00+00:00,cow_09,45.07,25.07,34.93,0.1417,362,38.4,7.29,16.95,0.79,2,90.6,21.55,57.2,67.78,20.55,0,0.0,0.0,5.19
2026-09-03T14:00:00+00:00,cow_10,50.22,22.16,37.84,0.1887,411,38.65,5.06,21.09,0.43,1,90.6,21.55,57.2,67.78,20.55,0,0.0,0.0,5.15
2026-09-03T14:00:00+00:00,cow_11,51.8,20.04,39.96,0.1743,384,38.44,9.94,19.06,0.95,2,90.6,21.55,57.2,67.78,20.55,0,0.0,0.0,5.07
2026-09-03T14:00:00+00:00,cow_12,45.79,21.93,38.07,0.1616,363,38.52,10.87,19.7,0.74,3,90.6,21.55,57.2,67.78,20.55,0,0.0,0.0,5.09
2026-09-03T14:00:00+00:00,cow_13,49.32,22.45,37.55,0.1748,388,38.62,7.5,17.23,0.61,1,90.6,21.55,57.2,67.78,20.55,0,0.0,0.0,5.12
2026-09-03T14:00:00+00:00,cow_14,50.68,25.1,34.9,0.1748,411,38.68,8.68,16.46,0.87,3,90.6,21.55,57.2,67.78,20.55,0,0.0,0.0,5.21
2026-09-03T14:00:00+00:00,cow_15,42.61,21.85,38.15,0.1547,342,38.48,7.64,14.68,0.59,2,90.6,21.55,57.2,67.78,20.55,0,0.0,0.0,5.07
2026-09-03T14:00:00+00:00,cow_16,47.15,21.12,38.88,0.1535,366,38.69,5.9,14.89,0.57,1,90.6,21.55,57.2,67.78,20.55,0,0.0,0.0,5.31
2026-09-03T15:00:00+00:00,cow_01,50.06,25.9,34.1,0.1741,394,38.69,7.69,15.87,0.66,2,88.4,20.69,56.2,66.54,19.69,0,0.0,0.0,5.24
2026-09-03T15:00:00+00:00,cow_02,57.11,25.08,34.92,0.1857,462,38.76,5.76,18.4,0.69,2,88.4,20.69,56.2,66.54,19.69,0,0.0,0.0,5.05
2026-09-03T15:00:00+00:00,cow_03,46.06,21.61,38.39,0.1743,358,38.57,8.98,18.8,0.75,2,88.4,20.69,56.2,66.54,19.69,0,0.0,0.0,5.22
2026-09-03T15:00:00+00:00,cow_04,45.17,21.89,38.11,0.1741,332,38.58,8.11,19.19,0.76,3,88.4,20.69,56.2,66.54,19.69,0,0.0,0.0,5.18
2026-09-03T15:00:00+00:00,cow_05,54.73,20.05,39.95,0.1878,464,38.73,6.96,15.18,0.81,2,88.4,20.69,56.2,66.54,19.69,0,0.0,0.0,5.11
2026-09-03T15:00:00+00:00,cow_06,52.95,20.56,39.44,0.1707,423,38.53,7.7,18.45,0.58,2,88.4,20.69,56.2,66.54,19.69,0,0.0,0.0,5.22
2026-09-03T15:00:00+00:00,cow_07,47.46,25.72,34.28,0.1618,356,38.56,8.48,16.16,0.69,2,88.4,20.69,56.2,66.54,19.69,0,0.0,0.0,5.32
2026-09-03T15:00:00+00:00,cow_08,48.54,24.18,35.82,0.1741,370,38.79,9.27,20.24,0.71,3,88.4,20.69,56.2,66.54,19.69,0,0.0,0.0,5.2
2026-09-03T15:00:00+00:00,cow_09,45.55,23.2,36.8,0.1626,355,38.54,7.23,15.9,0.63,1,88.4,20.69,56.2,66.54,19.69,0,0.0,0.0,5.16
2026-09-03T15:00:00+00:00,cow_10,50.46,22.5,37.5,0.1655,415,38.61,6.86,18.49,0.67,1,88.4,20.69,56.2,66.54,19.69,0,0.0,0.0,5.13
2026-09-03T15:00:00+00:00,cow_11,50.26,21.45,38.55,0.1826,394,38.46,9.55,19.59,0.88,3,88.4,20.69,56.2,66.54,19.69,0,0.0,0.0,5.11
2026-09-03T15:00:00+00:00,cow_12,46.63,25.83,34.17,0.1691,341,38.5,9.42,17.44,0.81,3,88.4,20.69,56.2,66.54,19.69,0,0.0,0.0,5.14
2026-09-03T15:00:00+00:00,cow_13,47.06,21.1,38.9,0.1629,368,38.77,10.29,17.35,0.83,2,88.4,20.69,56.2,66.54,19.69,0,0.0,0.0,5.08
2026-09-03T15:00:00+00:00,cow_14,53.53,25.64,34.36,0.1913,431,38.65,6.57,17.43,0.58,2,88.4,20.69,56.2,66.54,19.69,0,0.0,0.0,5.14
2026-09-03T15:00:00+00:00,cow_15,41.32,19.2,40.8,0.1315,313,38.42,8.51,16.01,0.75,2,88.4,20.69,56.2,66.54,19.69,0,0.0,0.0,4.94
2026-09-03T15:00:00+00:00,cow_16,49.76,21.35,38.65,0.1654,376,38.76,7.16,14.64,0.68,3,88.4,20.69,56.2,66.54,19.69,0,0.0,0.0,5.19
2026-09-03T16:00:00+00:00,cow_01,64.74,16.6,43.4,0.2047,510,38.69,20.67,15.87,1.53,6,85.2,20.96,54.1,66.76,19.96,0,0.0,0.0,5.3
2026-09-03T16:00:00+00:00,cow_02,76.55,17.2,42.8,0.2394,597,38.74,16.67,22.04,2.15,5,85.2,20.96,54.1,66.76,19.96,0,0.0,0.0,5.26
2026-09-03T16:00:00+00:00,cow_03,64.37,16.05,43.95,0.1989,548,38.59,19.86,19.61,1.8,5,85.2,20.96,54.1,66.76,19.96,0,0.0,0.0,5.22
2026-09-03T16:00:00+00:00,cow_04,56.53,14.57,45.43,0.188,430,38.62,19.46,18.45,1.72,5,85.2,20.96,54.1,66.76,19.96,0,0.0,0.0,5.18
2026-09-03T16:00:00+00:00,cow_05,69.11,14.7,45.3,0.1839,567,38.7,16.65,16.04,2.11,4,85.2,20.96,54.1,66.76,19.96,0,0.0,0.0,5.22
2026-09-03T16:00:00+00:00,cow_06,77.85,15.38,44.62,0.223,603,38.55,20.45,17.69,1.51,5,85.2,20.96,54.1,66.76,19.96,0,0.0,0.0,5.14
2026-09-03T16:00:00+00:00,cow_07,59.94,18.57,41.43,0.1534,478,38.61,17.89,16.16,1.69,5,85.2,20.96,54.1,66.76,19.96,0,0.0,0.0,5.16
2026-09-03T16:00:00+00:00,cow_08,60.22,17.11,42.89,0.1912,460,38.72,21.68,19.02,1.81,5,85.2,20.96,54.1,66.76,19.96,0,0.0,0.0,5.26
2026-09-03T16:00:00+00:00,cow_09,57.32,15.7,44.3,0.1769,441,38.55,16.57,17.77,1.59,4,85.2,20.96,54.1,66.76,19.96,0,0.0,0.0,5.23
2026-09-03T16:00:00+00:00,cow_10,63.43,16.16,43.84,0.1965,498,38.65,15.75,20.1,1.49,3,85.2,20.96,54.1,66.76,19.96,0,0.0,0.0,5.13
2026-09-03T16:00:00+00:00,cow_11,71.65,14.05,45.95,0.1908,585,38.5,20.31,17.93,1.89,5,85.2,20.96,54.1,66.76,19.96,0,0.0,0.0,5.2
2026-09-03T16:00:00+00:00,cow_12,56.12,15.43,44.57,0.1956,456,38.57,18.83,18.63,1.52,5,85.2,20.96,54.1,66.76,19.96,0,0.0,0.0,5.22
2026-09-03T16:00:00+00:00,cow_13,63.07,16.33,43.67,0.2075,509,38.7,17.8,19.94,1.55,5,85.2,20.96,54.1,66.76,19.96,0,0.0,0.0,5.17
2026-09-03T16:00:00+00:00,cow_14,69.43,18.02,41.98,0.212,535,38.72,19.89,18.4,1.75,6,85.2,20.96,54.1,66.76,19.96,0,0.0,0.0,5.19
2026-09-03T16:00:00+00:00,cow_15,56.57,13.19,46.81,0.1725,437,38.55,18.42,17.03,1.62,4,85.2,20.96,54.1,66.76,19.96,0,0.0,0.0,5.13
2026-09-03T16:00:00+00:00,cow_16,67.51,15.39,44.61,0.2009,538,38.83,14.43,15.56,1.32,2,85.2,20.96,54.1,66.76,19.96,0,0.0,0.0,5.14
2026-09-03T17:00:00+00:00,cow_01,68.85,15.35,44.65,0.2209,546,38.78,19.47,15.04,1.53,4,94.9,20.64,53.0,66.27,19.64,0,14.09,8.43,5.17
2026-09-03T17:00:00+00:00,cow_02,72.49,16.41,43.59,0.213,563,38.8,15.98,16.43,2.11,3,94.9,20.64,53.0,66.27,19.64,0,14.12,7.33,5.26
2026-09-03T17:00:00+00:00,cow_03,62.92,16.71,43.29,0.1868,515,38.61,22.25,16.3,1.99,6,94.9,20.64,53.0,66.27,19.64,0,16.67,7.42,5.15
2026-09-03T17:00:00+00:00,cow_04,54.33,15.59,44.41,0.1813,436,38.52,18.26,17.74,1.58,5,94.9,20.64,53.0,66.27,19.64,0,15.94,6.99,5.25
2026-09-03T17:00:00+00:00,cow_05,71.02,15.16,44.84,0.2116,565,38.83,17.96,14.41,2.29,5,94.9,20.64,53.0,66.27,19.64,0,17.45,7.69,5.29
2026-09-03T17:00:00+00:00,cow_06,68.31,15.74,44.26,0.1989,554,38.63,21.36,19.17,1.63,6,94.9,20.64,53.0,66.27,19.64,0,16.54,7.89,5.19
2026-09-03T17:00:00+00:00,cow_07,55.96,16.62,43.38,0.1676,451,38.65,22.19,17.57,2.0,5,94.9,20.64,53.0,66.27,19.64,0,16.49,7.88,5.29
2026-09-03T17:00:00+00:00,cow_08,63.4,17.13,42.87,0.1895,496,38.79,22.93,19.35,1.95,6,94.9,20.64,53.0,66.27,19.64,0,17.14,7.54,5.28
2026-09-03T17:00:00+00:00,cow_09,58.18,13.82,46.18,0.1714,485,38.6,16.96,17.87,1.62,4,94.9,20.64,53.0,66.27,19.64,0,18.43,6.79,5.22
2026-09-03T17:00:00+00:00,cow_10,65.32,15.58,44.42,0.1915,531,38.64,18.24,17.66,1.63,5,94.9,20.64,53.0,66.27,19.64,0,18.25,7.13,5.21
2026-09-03T17:00:00+00:00,cow_11,72.12,13.25,46.75,0.2076,593,38.56,22.98,20.05,2.11,6,94.9,20.64,53.0,66.27,19.64,0,18.6,6.66,5.32
2026-09-03T17:00:00+00:00,cow_12,59.27,15.47,44.53,0.1949,462,38.55,21.78,17.26,1.76,5,94.9,20.64,53.0,66.27,19.64,0,13.82,8.0,5.06
2026-09-03T17:00:00+00:00,cow_13,66.59,14.87,45.13,0.1969,539,38.85,21.24,18.23,1.83,5,94.9,20.64,53.0,66.27,19.64,0,14.53,7.6,5.15
2026-09-03T17:00:00+00:00,cow_14,70.72,15.19,44.81,0.1955,589,38.77,23.53,18.05,2.04,7,94.9,20.64,53.0,66.27,19.64,0,15.69,7.48,5.22
2026-09-03T17:00:00+00:00,cow_15,49.88,17.06,42.94,0.1747,404,38.56,20.99,15.92,1.95,5,94.9,20.64,53.0,66.27,19.64,0,17.76,7.4,5.24
2026-09-03T17:00:00+00:00,cow_16,63.01,14.15,45.85,0.1838,507,38.82,16.01,16.25,1.53,4,94.9,20.64,53.0,66.27,19.64,0,13.71,7.98,5.13
2026-09-03T18:00:00+00:00,cow_01,61.4,14.62,45.38,0.1954,516,38.82,21.1,14.88,1.74,6,94.6,19.76,52.4,65.07,18.76,0,0.0,0.0,5.14
2026-09-03T18:00:00+00:00,cow_02,76.77,13.6,46.4,0.2254,605,38.73,16.72,17.3,2.2,4,94.6,19.76,52.4,65.07,18.76,0,0.0,0.0,5.09
2026-09-03T18:00:00+00:00,cow_03,60.78,14.64,45.36,0.204,466,38.74,18.8,18.24,1.69,5,94.6,19.76,52.4,65.07,18.76,0,0.0,0.0,5.14
2026-09-03T18:00:00+00:00,cow_04,55.91,12.32,47.68,0.1992,442,38.63,18.31,18.84,1.55,4,94.6,19.76,52.4,65.07,18.76,0,0.0,0.0,5.27
2026-09-03T18:00:00+00:00,cow_05,70.33,17.21,42.79,0.218,516,38.83,18.6,14.69,2.34,5,94.6,19.76,52.4,65.07,18.76,0,0.0,0.0,5.12
2026-09-03T18:00:00+00:00,cow_06,73.55,16.79,43.21,0.2176,578,38.66,21.39,17.49,1.61,5,94.6,19.76,52.4,65.07,18.76,0,0.0,0.0,5.14
2026-09-03T18:00:00+00:00,cow_07,52.59,16.84,43.16,0.1734,422,38.72,20.28,16.18,1.88,5,94.6,19.76,52.4,65.07,18.76,0,0.0,0.0,5.21
2026-09-03T18:00:00+00:00,cow_08,59.67,17.09,42.91,0.195,471,38.85,20.97,17.39,1.67,5,94.6,19.76,52.4,65.07,18.76,0,0.0,0.0,5.35
2026-09-03T18:00:00+00:00,cow_09,58.57,13.85,46.15,0.1932,482,38.53,21.01,17.28,1.97,6,94.6,19.76,52.4,65.07,18.76,0,0.0,0.0,5.24
2026-09-03T18:00:00+00:00,cow_10,62.85,18.38,41.62,0.1903,517,38.72,16.53,20.99,1.52,4,94.6,19.76,52.4,65.07,18.76,0,0.0,0.0,5.22
2026-09-03T18:00:00+00:00,cow_11,79.88,18.2,41.8,0.2366,681,38.53,22.69,18.4,2.02,6,94.6,19.76,52.4,65.07,18.76,0,0.0,0.0,5.16
2026-09-03T18:00:00+00:00,cow_12,62.13,14.87,45.13,0.1873,520,38.61,23.54,18.46,1.88,6,94.6,19.76,52.4,65.07,18.76,0,0.0,0.0,5.24
2026-09-03T18:00:00+00:00,cow_13,63.09,14.15,45.85,0.1925,524,38.83,21.52,19.07,1.84,5,94.6,19.76,52.4,65.07,18.76,0,0.0,0.0,5.18
2026-09-03T18:00:00+00:00,cow_14,69.27,15.99,44.01,0.1991,546,38.82,21.66,18.52,1.91,6,94.6,19.76,52.4,65.07,18.76,0,0.0,0.0,5.28
2026-09-03T18:00:00+00:00,cow_15,55.77,17.59,42.41,0.1758,449,38.61,21.23,17.59,1.9,6,94.6,19.76,52.4,65.07,18.76,0,0.0,0.0,5.25
2026-09-03T18:00:00+00:00,cow_16,62.09,15.35,44.65,0.1837,503,38.77,18.05,15.51,1.69,4,94.6,19.76,52.4,65.07,18.76,0,0.0,0.0,5.23
2026-09-03T19:00:00+00:00,cow_01,63.48,15.34,44.66,0.1864,537,38.85,19.85,17.38,1.68,4,87.4,18.7,51.6,63.62,17.7,0,0.0,0.0,5.1
2026-09-03T19:00:00+00:00,cow_02,73.4,15.55,44.45,0.2091,580,38.82,15.12,18.55,1.86,3,87.4,18.7,51.6,63.62,17.7,0,0.0,0.0,5.16
2026-09-03T19:00:00+00:00,cow_03,60.01,13.2,46.8,0.1831,463,38.68,17.36,16.12,1.45,4,87.4,18.7,51.6,63.62,17.7,0,0.0,0.0,5.13
2026-09-03T19:00:00+00:00,cow_04,61.98,15.86,44.14,0.1909,483,38.72,18.66,18.81,1.68,5,87.4,18.7,51.6,63.62,17.7,0,0.0,0.0,5.27
2026-09-03T19:00:00+00:00,cow_05,69.83,15.46,44.54,0.1977,551,38.79,16.42,16.19,2.14,3,87.4,18.7,51.6,63.62,17.7,0,0.0,0.0,5.12
2026-09-03T19:00:00+00:00,cow_06,74.74,14.2,45.8,0.2483,605,38.62,18.97,16.59,1.45,5,87.4,18.7,51.6,63.62,17.7,0,0.0,0.0,5.16
2026-09-03T19:00:00+00:00,cow_07,56.76,19.27,40.73,0.196,457,38.61,19.88,18.49,1.87,5,87.4,18.7,51.6,63.62,17.7,0,0.0,0.0,5.31
2026-09-03T19:00:00+00:00,cow_08,60.83,18.39,41.61,0.1827,490,38.89,20.59,18.07,1.76,5,87.4,18.7,51.6,63.62,17.7,0,0.0,0.0,5.25
2026-09-03T19:00:00+00:00,cow_09,57.48,17.51,42.49,0.1706,478,38.57,15.31,17.24,1.41,3,87.4,18.7,51.6,63.62,17.7,0,0.0,0.0,5.07
2026-09-03T19:00:00+00:00,cow_10,64.38,16.68,43.32,0.2017,515,38.78,15.85,16.99,1.39,4,87.4,18.7,51.6,63.62,17.7,0,0.0,0.0,5.19
2026-09-03T19:00:00+00:00,cow_11,75.51,16.08,43.92,0.222,599,38.53,20.77,18.93,1.81,5,87.4,18.7,51.6,63.62,17.7,0,0.0,0.0,5.14
2026-09-03T19:00:00+00:00,cow_12,58.6,14.26,45.74,0.1851,465,38.62,19.96,17.18,1.52,5,87.4,18.7,51.6,63.62,17.7,0,0.0,0.0,5.25
2026-09-03T19:00:00+00:00,cow_13,61.49,17.64,42.36,0.1875,514,38.78,17.15,19.55,1.56,4,87.4,18.7,51.6,63.62,17.7,0,0.0,0.0,5.15
2026-09-03T19:00:00+00:00,cow_14,72.02,16.01,43.99,0.2066,588,38.77,20.67,17.12,1.79,5,87.4,18.7,51.6,63.62,17.7,0,0.0,0.0,5.17
2026-09-03T19:00:00+00:00,cow_15,48.95,13.77,46.23,0.1673,400,38.59,19.52,14.02,1.78,4,87.4,18.7,51.6,63.62,17.7,0,0.0,0.0,5.1
2026-09-03T19:00:00+00:00,cow_16,61.62,17.55,42.45,0.1946,493,38.82,15.75,14.97,1.56,3,87.4,18.7,51.6,63.62,17.7,0,0.0,0.0,5.25
2026-09-03T20:00:00+00:00,cow_01,44.93,25.99,34.01,0.1545,334,38.84,5.88,17.56,0.57,1,88.3,17.84,52.8,62.53,16.84,0,0.0,0.0,5.28
2026-09-03T20:00:00+00:00,cow_02,56.73,23.01,36.99,0.1776,463,38.81,3.82,21.91,0.52,1,88.3,17.84,52.8,62.53,16.84,0,0.0,0.0,5.14
2026-09-03T20:00:00+00:00,cow_03,44.44,23.67,36.33,0.1626,361,38.63,7.49,17.2,0.69,2,88.3,17.84,52.8,62.53,16.84,0,0.0,0.0,5.27
2026-09-03T20:00:00+00:00,cow_04,41.37,22.39,37.61,0.1535,308,38.71,7.06,20.33,0.59,2,88.3,17.84,52.8,62.53,16.84,0,0.0,0.0,5.1
2026-09-03T20:00:00+00:00,cow_05,52.07,20.5,39.5,0.166,459,38.76,6.63,16.66,0.8,2,88.3,17.84,52.8,62.53,16.84,0,0.0,0.0,5.24
2026-09-03T20:00:00+00:00,cow_06,55.55,25.79,34.21,0.1719,467,38.65,9.2,17.58,0.8,2,88.3,17.84,52.8,62.53,16.84,0,0.0,0.0,5.24
2026-09-03T20:00:00+00:00,cow_07,45.81,24.38,35.62,0.1725,366,38.62,6.78,16.52,0.67,1,88.3,17.84,52.8,62.53,16.84,0,0.0,0.0,5.22
2026-09-03T20:00:00+00:00,cow_08,47.19,23.59,36.41,0.1586,386,38.87,10.62,18.4,0.87,3,88.3,17.84,52.8,62.53,16.84,0,0.0,0.0,5.14
2026-09-03T20:00:00+00:00,cow_09,44.68,25.11,34.89,0.168,369,38.68,7.8,17.9,0.71,3,88.3,17.84,52.8,62.53,16.84,0,0.0,0.0,5.23
2026-09-03T20:00:00+00:00,cow_10,44.01,22.6,37.4,0.1375,362,38.75,8.66,19.3,0.84,2,88.3,17.84,52.8,62.53,16.84,0,0.0,0.0,5.25
2026-09-03T20:00:00+00:00,cow_11,52.75,23.48,36.52,0.1638,423,38.54,8.79,20.73,0.85,2,88.3,17.84,52.8,62.53,16.84,0,0.0,0.0,5.0
2026-09-03T20:00:00+00:00,cow_12,41.85,23.31,36.69,0.1502,356,38.64,9.87,18.19,0.77,2,88.3,17.84,52.8,62.53,16.84,0,0.0,0.0,5.12
2026-09-03T20:00:00+00:00,cow_13,49.72,21.8,38.2,0.1747,389,38.76,8.71,18.17,0.76,2,88.3,17.84,52.8,62.53,16.84,0,0.0,0.0,5.16
2026-09-03T20:00:00+00:00,cow_14,53.47,24.08,35.92,0.1844,429,38.92,8.96,15.32,0.77,2,88.3,17.84,52.8,62.53,16.84,0,0.0,0.0,5.15
2026-09-03T20:00:00+00:00,cow_15,42.59,20.45,39.55,0.16,312,38.67,6.58,16.32,0.56,2,88.3,17.84,52.8,62.53,16.84,0,0.0,0.0,5.19
2026-09-03T20:00:00+00:00,cow_16,46.62,24.52,35.48,0.1716,373,38.85,8.96,16.59,0.86,3,88.3,17.84,52.8,62.53,16.84,0,0.0,0.0,5.23
2026-09-03T21:00:00+00:00,cow_01,53.44,22.68,37.32,0.1688,418,38.94,9.95,17.76,0.78,4,89.3,16.71,52.0,61.0,15.71,0,0.0,0.0,5.23
2026-09-03T21:00:00+00:00,cow_02,58.3,24.02,35.98,0.1844,462,38.8,7.1,19.86,0.92,3,89.3,16.71,52.0,61.0,15.71,0,0.0,0.0,4.96
2026-09-03T21:00:00+00:00,cow_03,46.18,22.85,37.15,0.1746,368,38.7,8.92,18.93,0.76,2,89.3,16.71,52.0,61.0,15.71,0,0.0,0.0,5.33
2026-09-03T21:00:00+00:00,cow_04,38.92,21.25,38.75,0.1647,327,38.73,7.29,17.58,0.6,3,89.3,16.71,52.0,61.0,15.71,0,0.0,0.0,5.15
2026-09-03T21:00:00+00:00,cow_05,51.73,19.99,40.01,0.1815,405,38.77,5.24,13.64,0.67,1,89.3,16.71,52.0,61.0,15.71,0,0.0,0.0,5.37
2026-09-03T21:00:00+00:00,cow_06,49.78,21.15,38.85,0.1698,392,38.57,7.43,15.98,0.55,3,89.3,16.71,52.0,61.0,15.71,0,0.0,0.0,5.21
2026-09-03T21:00:00+00:00,cow_07,45.51,25.98,34.02,0.1731,322,38.66,9.63,15.94,0.96,3,89.3,16.71,52.0,61.0,15.71,0,0.0,0.0,5.16
2026-09-03T21:00:00+00:00,cow_08,43.7,23.99,36.01,0.1524,331,38.85,7.66,19.83,0.69,1,89.3,16.71,52.0,61.0,15.71,0,0.0,0.0,5.32
2026-09-03T21:00:00+00:00,cow_09,44.7,22.96,37.04,0.1529,366,38.66,7.26,19.35,0.68,2,89.3,16.71,52.0,61.0,15.71,0,0.0,0.0,5.22
2026-09-03T21:00:00+00:00,cow_10,49.17,19.73,40.27,0.1722,382,38.72,8.58,18.45,0.74,2,89.3,16.71,52.0,61.0,15.71,0,0.0,0.0,5.1
2026-09-03T21:00:00+00:00,cow_11,57.94,20.8,39.2,0.1896,483,38.57,9.3,17.07,0.99,3,89.3,16.71,52.0,61.0,15.71,0,0.0,0.0,5.18
2026-09-03T21:00:00+00:00,cow_12,41.25,22.43,37.57,0.1509,359,38.57,9.03,17.93,0.71,2,89.3,16.71,52.0,61.0,15.71,0,0.0,0.0,5.19
2026-09-03T21:00:00+00:00,cow_13,49.16,23.36,36.64,0.1727,347,38.83,6.6,19.85,0.67,1,89.3,16.71,52.0,61.0,15.71,0,0.0,0.0,5.18
2026-09-03T21:00:00+00:00,cow_14,51.91,26.37,33.63,0.1744,441,38.78,8.88,17.48,0.82,1,89.3,16.71,52.0,61.0,15.71,0,0.0,0.0,5.21
2026-09-03T21:00:00+00:00,cow_15,42.23,22.5,37.5,0.1541,322,38.6,7.17,14.33,0.69,2,89.3,16.71,52.0,61.0,15.71,0,0.0,0.0,5.24
2026-09-03T21:00:00+00:00,cow_16,49.25,21.85,38.15,0.1543,392,38.8,6.24,15.53,0.58,1,89.3,16.71,52.0,61.0,15.71,0,0.0,0.0,5.16
2026-09-03T22:00:00+00:00,cow_01,28.74,36.21,23.79,0.1377,234,38.82,3.77,22.62,0.18,1,92.8,15.8,53.0,59.8,14.8,0,0.0,0.0,5.23
2026-09-03T22:00:00+00:00,cow_02,30.11,35.0,25.0,0.1306,262,38.75,0.37,25.66,0.05,1,92.8,15.8,53.0,59.8,14.8,0,0.0,0.0,5.38
2026-09-03T22:00:00+00:00,cow_03,26.33,31.76,28.24,0.1186,223,38.74,1.93,25.9,0.16,1,92.8,15.8,53.0,59.8,14.8,0,0.0,0.0,5.29
2026-09-03T22:00:00+00:00,cow_04,20.62,34.7,25.3,0.1314,156,38.64,3.01,26.47,0.24,1,92.8,15.8,53.0,59.8,14.8,0,0.0,0.0,5.07
2026-09-03T22:00:00+00:00,cow_05,29.32,34.63,25.37,0.1256,222,38.77,5.09,23.31,0.64,1,92.8,15.8,53.0,59.8,14.8,0,0.0,0.0,5.3
2026-09-03T22:00:00+00:00,cow_06,27.94,35.03,24.97,0.1191,237,38.59,2.92,23.81,0.26,1,92.8,15.8,53.0,59.8,14.8,0,0.0,0.0,5.37
2026-09-03T22:00:00+00:00,cow_07,26.95,36.54,23.46,0.1304,226,38.63,3.92,24.78,0.35,1,92.8,15.8,53.0,59.8,14.8,0,0.0,0.0,5.01
2026-09-03T22:00:00+00:00,cow_08,28.12,40.26,19.74,0.1197,228,38.71,2.2,28.28,0.19,1,92.8,15.8,53.0,59.8,14.8,0,0.0,0.0,5.2
2026-09-03T22:00:00+00:00,cow_09,23.7,34.8,25.2,0.1165,195,38.54,3.13,23.55,0.29,1,92.8,15.8,53.0,59.8,14.8,0,0.0,0.0,5.18
2026-09-03T22:00:00+00:00,cow_10,23.73,34.43,25.57,0.1283,169,38.71,2.25,25.69,0.2,1,92.8,15.8,53.0,59.8,14.8,0,0.0,0.0,5.12
2026-09-03T22:00:00+00:00,cow_11,24.12,32.44,27.56,0.1201,185,38.6,1.82,24.43,0.14,0,92.8,15.8,53.0,59.8,14.8,0,0.0,0.0,5.37
2026-09-03T22:00:00+00:00,cow_12,27.63,31.99,28.01,0.1104,219,38.71,3.56,25.3,0.26,1,92.8,15.8,53.0,59.8,14.8,0,0.0,0.0,5.21
2026-09-03T22:00:00+00:00,cow_13,30.17,31.73,28.27,0.1385,232,38.82,2.93,27.53,0.31,1,92.8,15.8,53.0,59.8,14.8,0,0.0,0.0,5.36
2026-09-03T22:00:00+00:00,cow_14,29.42,36.6,23.4,0.1207,241,38.79,1.46,25.94,0.12,0,92.8,15.8,53.0,59.8,14.8,0,0.0,0.0,5.13
2026-09-03T22:00:00+00:00,cow_15,20.97,31.29,28.71,0.1234,180,38.67,1.98,23.9,0.15,1,92.8,15.8,53.0,59.8,14.8,0,0.0,0.0,5.08
2026-09-03T22:00:00+00:00,cow_16,22.49,36.08,23.92,0.1056,189,38.77,0.38,19.02,0.11,0,92.8,15.8,53.0,59.8,14.8,0,0.0,0.0,5.19
2026-09-03T23:00:00+00:00,cow_01,24.31,40.39,19.61,0.1239,195,38.72,1.66,21.55,0.13,0,92.9,15.67,52.4,59.62,14.67,0,0.0,0.0,5.32
2026-09-03T23:00:00+00:00,cow_02,31.68,32.2,27.8,0.1397,231,38.72,1.3,26.62,0.1,0,92.9,15.67,52.4,59.62,14.67,0,0.0,0.0,5.09
2026-09-03T23:00:00+00:00,cow_03,25.59,36.59,23.41,0.1128,200,38.52,2.28,24.96,0.23,1,92.9,15.67,52.4,59.62,14.67,0,0.0,0.0,5.27
2026-09-03T23:00:00+00:00,cow_04,30.69,36.59,23.41,0.13,223,38.65,1.57,26.85,0.08,0,92.9,15.67,52.4,59.62,14.67,0,0.0,0.0,5.27
2026-09-03T23:00:00+00:00,cow_05,28.06,30.82,29.18,0.1423,196,38.72,2.21,22.01,0.29,1,92.9,15.67,52.4,59.62,14.67,0,0.0,0.0,5.2
2026-09-03T23:00:00+00:00,cow_06,29.29,33.5,26.5,0.1266,246,38.55,3.57,24.26,0.25,1,92.9,15.67,52.4,59.62,14.67,0,0.0,0.0,5.14
2026-09-03T23:00:00+00:00,cow_07,25.0,38.81,21.19,0.119,207,38.66,3.86,24.63,0.38,0,92.9,15.67,52.4,59.62,14.67,0,0.0,0.0,5.4
2026-09-03T23:00:00+00:00,cow_08,21.22,40.35,19.65,0.1225,152,38.78,2.88,28.54,0.21,1,92.9,15.67,52.4,59.62,14.67,0,0.0,0.0,5.01
2026-09-03T23:00:00+00:00,cow_09,28.22,31.72,28.28,0.1341,224,38.56,3.2,25.94,0.31,1,92.9,15.67,52.4,59.62,14.67,0,0.0,0.0,5.23
2026-09-03T23:00:00+00:00,cow_10,28.78,33.24,26.76,0.1426,246,38.77,1.56,26.21,0.16,0,92.9,15.67,52.4,59.62,14.67,0,0.0,0.0,5.33
2026-09-03T23:00:00+00:00,cow_11,29.87,33.77,26.23,0.128,219,38.53,3.07,26.65,0.29,1,92.9,15.67,52.4,59.62,14.67,0,0.0,0.0,5.17
2026-09-03T23:00:00+00:00,cow_12,24.99,36.72,23.28,0.132,212,38.61,1.39,24.09,0.13,0,92.9,15.67,52.4,59.62,14.67,0,0.0,0.0,5.24
2026-09-03T23:00:00+00:00,cow_13,30.03,35.35,24.65,0.1466,241,38.73,2.62,25.96,0.31,1,92.9,15.67,52.4,59.62,14.67,0,0.0,0.0,5.24
2026-09-03T23:00:00+00:00,cow_14,32.47,34.39,25.61,0.1443,240,38.72,2.49,25.36,0.23,1,92.9,15.67,52.4,59.62,14.67,0,0.0,0.0,5.15
2026-09-03T23:00:00+00:00,cow_15,25.1,32.93,27.07,0.1088,186,38.56,3.79,24.04,0.29,1,92.9,15.67,52.4,59.62,14.67,0,0.0,0.0,5.36
2026-09-03T23:00:00+00:00,cow_16,25.57,34.38,25.62,0.1309,216,38.76,2.8,21.67,0.31,1,92.9,15.67,52.4,59.62,14.67,0,0.0,0.0,5.24
2026-09-04T00:00:00+00:00,cow_01,25.03,40.07,19.93,0.1059,184,38.75,3.96,23.74,0.39,1,89.7,14.67,54.2,58.3,13.67,0,0.0,0.0,5.18
2026-09-04T00:00:00+00:00,cow_02,32.83,34.91,25.09,0.1293,245,38.79,1.2,28.62,0.16,1,89.7,14.67,54.2,58.3,13.67,0,0.0,0.0,5.11
2026-09-04T00:00:00+00:00,cow_03,23.14,33.91,26.09,0.1173,147,38.55,1.37,22.94,0.15,1,89.7,14.67,54.2,58.3,13.67,0,0.0,0.0,5.21
2026-09-04T00:00:00+00:00,cow_04,29.35,35.78,24.22,0.1408,212,38.64,2.73,25.81,0.32,1,89.7,14.67,54.2,58.3,13.67,0,0.0,0.0,5.1
2026-09-04T00:00:00+00:00,cow_05,25.82,35.66,24.34,0.1223,175,38.68,0.34,23.09,0.0,0,89.7,14.67,54.2,58.3,13.67,0,0.0,0.0,5.2
2026-09-04T00:00:00+00:00,cow_06,32.99,34.0,26.0,0.1268,266,38.53,3.76,25.27,0.26,1,89.7,14.67,54.2,58.3,13.67,0,0.0,0.0,5.22
2026-09-04T00:00:00+00:00,cow_07,26.82,39.6,20.4,0.1337,234,38.6,1.84,23.71,0.15,1,89.7,14.67,54.2,58.3,13.67,0,0.0,0.0,5.2
2026-09-04T00:00:00+00:00,cow_08,25.73,37.12,22.88,0.1314,186,38.81,3.82,27.39,0.34,1,89.7,14.67,54.2,58.3,13.67,0,0.0,0.0,5.15
2026-09-04T00:00:00+00:00,cow_09,23.84,36.29,23.71,0.1252,170,38.45,0.87,23.48,0.14,0,89.7,14.67,54.2,58.3,13.67,0,0.0,0.0,5.31
2026-09-04T00:00:00+00:00,cow_10,26.69,34.66,25.34,0.1326,222,38.67,0.0,25.71,0.0,0,89.7,14.67,54.2,58.3,13.67,0,0.0,0.0,5.22
2026-09-04T00:00:00+00:00,cow_11,29.21,35.97,24.03,0.1262,200,38.53,3.94,26.19,0.35,1,89.7,14.67,54.2,58.3,13.67,0,0.0,0.0,5.35
2026-09-04T00:00:00+00:00,cow_12,21.56,34.55,25.45,0.1255,176,38.55,2.37,25.0,0.21,1,89.7,14.67,54.2,58.3,13.67,0,0.0,0.0,5.37
2026-09-04T00:00:00+00:00,cow_13,21.99,36.89,23.11,0.1175,174,38.79,3.44,28.31,0.38,1,89.7,14.67,54.2,58.3,13.67,0,0.0,0.0,5.31
2026-09-04T00:00:00+00:00,cow_14,27.8,36.96,23.04,0.1282,214,38.7,3.61,25.34,0.29,1,89.7,14.67,54.2,58.3,13.67,0,0.0,0.0,5.13
2026-09-04T00:00:00+00:00,cow_15,23.55,30.31,29.69,0.1135,181,38.59,2.46,24.69,0.23,0,89.7,14.67,54.2,58.3,13.67,0,0.0,0.0,5.17
2026-09-04T00:00:00+00:00,cow_16,22.38,38.48,21.52,0.1314,188,38.69,1.77,20.89,0.18,0,89.7,14.67,54.2,58.3,13.67,0,0.0,0.0,5.15
2026-09-04T01:00:00+00:00,cow_01,29.21,41.2,18.8,0.1424,252,38.69,1.79,21.6,0.18,1,85.3,14.26,56.2,57.75,13.26,0,0.0,0.0,5.19
2026-09-04T01:00:00+00:00,cow_02,33.96,36.87,23.13,0.1327,261,38.74,2.98,28.08,0.48,2,85.3,14.26,56.2,57.75,13.26,0,0.0,0.0,5.24
2026-09-04T01:00:00+00:00,cow_03,22.6,31.26,28.74,0.1168,192,38.67,2.78,25.59,0.23,1,85.3,14.26,56.2,57.75,13.26,0,0.0,0.0,5.27
2026-09-04T01:00:00+00:00,cow_04,19.38,33.4,26.6,0.1244,159,38.54,0.0,25.87,0.0,0,85.3,14.26,56.2,57.75,13.26,0,0.0,0.0,5.21
2026-09-04T01:00:00+00:00,cow_05,29.58,33.24,26.76,0.1097,216,38.66,2.64,22.58,0.36,0,85.3,14.26,56.2,57.75,13.26,0,0.0,0.0,5.17
2026-09-04T01:00:00+00:00,cow_06,28.39,35.26,24.74,0.1219,239,38.53,2.46,23.45,0.12,0,85.3,14.26,56.2,57.75,13.26,0,0.0,0.0,5.17
2026-09-04T01:00:00+00:00,cow_07,17.48,38.2,21.8,0.1207,148,38.54,2.53,22.8,0.24,1,85.3,14.26,56.2,57.75,13.26,0,0.0,0.0,5.28
2026-09-04T01:00:00+00:00,cow_08,26.03,38.19,21.81,0.1344,182,38.71,3.3,27.86,0.32,1,85.3,14.26,56.2,57.75,13.26,0,0.0,0.0,5.18
2026-09-04T01:00:00+00:00,cow_09,25.22,31.89,28.11,0.117,202,38.51,0.37,24.48,0.07,0,85.3,14.26,56.2,57.75,13.26,0,0.0,0.0,5.39
2026-09-04T01:00:00+00:00,cow_10,24.53,33.4,26.6,0.1202,195,38.64,0.63,25.76,0.05,1,85.3,14.26,56.2,57.75,13.26,0,0.0,0.0,5.38
2026-09-04T01:00:00+00:00,cow_11,33.23,32.18,27.82,0.1329,263,38.58,2.45,24.25,0.2,1,85.3,14.26,56.2,57.75,13.26,0,0.0,0.0,5.26
2026-09-04T01:00:00+00:00,cow_12,23.25,35.52,24.48,0.0991,187,38.57,1.82,24.34,0.05,1,85.3,14.26,56.2,57.75,13.26,0,0.0,0.0,5.14
2026-09-04T01:00:00+00:00,cow_13,26.44,35.16,24.84,0.1427,209,38.68,2.64,28.46,0.23,0,85.3,14.26,56.2,57.75,13.26,0,0.0,0.0,5.08
2026-09-04T01:00:00+00:00,cow_14,26.32,38.71,21.29,0.1242,201,38.62,2.66,24.28,0.22,1,85.3,14.26,56.2,57.75,13.26,0,0.0,0.0,5.32
2026-09-04T01:00:00+00:00,cow_15,19.3,33.17,26.83,0.107,150,38.51,2.25,23.76,0.24,1,85.3,14.26,56.2,57.75,13.26,0,0.0,0.0,5.15
2026-09-04T01:00:00+00:00,cow_16,23.72,32.72,27.28,0.1142,219,38.68,0.92,22.45,0.08,0,85.3,14.26,56.2,57.75,13.26,0,0.0,0.0,5.31
2026-09-04T02:00:00+00:00,cow_01,24.99,36.97,23.03,0.1248,184,38.7,0.8,19.94,0.0,0,86.6,14.72,57.5,58.38,13.72,0,0.0,0.0,5.18
2026-09-04T02:00:00+00:00,cow_02,31.06,35.41,24.59,0.1275,270,38.72,2.95,27.79,0.4,0,86.6,14.72,57.5,58.38,13.72,0,0.0,0.0,5.21
2026-09-04T02:00:00+00:00,cow_03,22.35,31.65,28.35,0.1041,184,38.55,2.1,23.67,0.09,1,86.6,14.72,57.5,58.38,13.72,0,0.0,0.0,5.17
2026-09-04T02:00:00+00:00,cow_04,26.57,34.24,25.76,0.1349,212,38.57,3.27,26.08,0.3,1,86.6,14.72,57.5,58.38,13.72,0,0.0,0.0,5.19
2026-09-04T02:00:00+00:00,cow_05,32.3,33.2,26.8,0.1327,264,38.57,1.87,20.85,0.26,0,86.6,14.72,57.5,58.38,13.72,0,0.0,0.0,5.22
2026-09-04T02:00:00+00:00,cow_06,32.15,33.42,26.58,0.1336,256,38.44,2.53,24.29,0.21,1,86.6,14.72,57.5,58.38,13.72,0,0.0,0.0,5.07
2026-09-04T02:00:00+00:00,cow_07,20.19,36.74,23.26,0.1173,157,38.41,4.47,21.08,0.41,1,86.6,14.72,57.5,58.38,13.72,0,0.0,0.0,5.14
2026-09-04T02:00:00+00:00,cow_08,26.33,37.42,22.58,0.1291,177,38.74,2.76,25.06,0.27,2,86.6,14.72,57.5,58.38,13.72,0,0.0,0.0,5.13
2026-09-04T02:00:00+00:00,cow_09,23.35,32.55,27.45,0.1143,173,38.43,1.64,23.5,0.13,1,86.6,14.72,57.5,58.38,13.72,0,0.0,0.0,5.25
2026-09-04T02:00:00+00:00,cow_10,22.41,33.05,26.95,0.1328,183,38.63,2.31,26.1,0.21,0,86.6,14.72,57.5,58.38,13.72,0,0.0,0.0,5.27
2026-09-04T02:00:00+00:00,cow_11,28.91,33.17,26.83,0.1394,226,38.45,2.3,25.73,0.2,0,86.6,14.72,57.5,58.38,13.72,0,0.0,0.0,5.14
2026-09-04T02:00:00+00:00,cow_12,23.32,36.03,23.97,0.1282,162,38.46,2.06,23.47,0.18,0,86.6,14.72,57.5,58.38,13.72,0,0.0,0.0,5.36
2026-09-04T02:00:00+00:00,cow_13,25.0,33.09,26.91,0.1163,193,38.7,3.2,30.43,0.23,1,86.6,14.72,57.5,58.38,13.72,0,0.0,0.0,5.15
2026-09-04T02:00:00+00:00,cow_14,30.25,39.49,20.51,0.1431,223,38.65,0.5,21.71,0.03,0,86.6,14.72,57.5,58.38,13.72,0,0.0,0.0,5.23
2026-09-04T02:00:00+00:00,cow_15,28.09,32.85,27.15,0.1295,242,38.44,2.89,24.02,0.21,1,86.6,14.72,57.5,58.38,13.72,0,0.0,0.0,5.37
2026-09-04T02:00:00+00:00,cow_16,28.14,33.62,26.38,0.154,235,38.7,2.05,22.88,0.21,1,86.6,14.72,57.5,58.38,13.72,0,0.0,0.0,5.19
2026-09-04T03:00:00+00:00,cow_01,25.19,38.75,21.25,0.1182,200,38.51,3.11,22.39,0.23,1,94.0,15.01,60.4,58.79,14.01,0,0.0,0.0,5.09
2026-09-04T03:00:00+00:00,cow_02,35.55,36.1,23.9,0.1425,269,38.62,3.52,28.66,0.5,1,94.0,15.01,60.4,58.79,14.01,0,0.0,0.0,5.17
2026-09-04T03:00:00+00:00,cow_03,21.07,32.93,27.07,0.1156,184,38.52,4.22,25.63,0.34,0,94.0,15.01,60.4,58.79,14.01,0,0.0,0.0,5.31
2026-09-04T03:00:00+00:00,cow_04,27.73,31.97,28.03,0.145,227,38.53,4.16,27.92,0.39,1,94.0,15.01,60.4,58.79,14.01,0,0.0,0.0,5.25
2026-09-04T03:00:00+00:00,cow_05,27.31,32.15,27.85,0.1201,213,38.58,1.64,22.15,0.19,1,94.0,15.01,60.4,58.79,14.01,0,0.0,0.0,5.07
2026-09-04T03:00:00+00:00,cow_06,29.93,34.31,25.69,0.1308,236,38.36,3.12,25.02,0.26,1,94.0,15.01,60.4,58.79,14.01,0,0.0,0.0,5.22
2026-09-04T03:00:00+00:00,cow_07,24.6,38.73,21.27,0.1312,173,38.44,4.33,20.52,0.39,2,94.0,15.01,60.4,58.79,14.01,0,0.0,0.0,5.19
2026-09-04T03:00:00+00:00,cow_08,23.71,39.12,20.88,0.1192,190,38.61,4.11,28.68,0.34,0,94.0,15.01,60.4,58.79,14.01,0,0.0,0.0,5.16
2026-09-04T03:00:00+00:00,cow_09,23.42,34.08,25.92,0.1121,175,38.45,3.36,23.19,0.25,2,94.0,15.01,60.4,58.79,14.01,0,0.0,0.0,5.26
2026-09-04T03:00:00+00:00,cow_10,25.57,35.24,24.76,0.1248,217,38.58,2.34,26.28,0.14,2,94.0,15.01,60.4,58.79,14.01,0,0.0,0.0,5.12
2026-09-04T03:00:00+00:00,cow_11,26.5,33.02,26.98,0.1181,211,38.45,3.88,26.82,0.35,1,94.0,15.01,60.4,58.79,14.01,0,0.0,0.0,5.23
2026-09-04T03:00:00+00:00,cow_12,19.36,35.35,24.65,0.1003,185,38.43,2.74,24.42,0.18,2,94.0,15.01,60.4,58.79,14.01,0,0.0,0.0,5.28
2026-09-04T03:00:00+00:00,cow_13,21.96,36.51,23.49,0.1315,171,38.65,2.7,29.29,0.2,1,94.0,15.01,60.4,58.79,14.01,0,0.0,0.0,5.17
2026-09-04T03:00:00+00:00,cow_14,25.79,40.7,19.3,0.1146,209,38.49,2.44,25.07,0.17,1,94.0,15.01,60.4,58.79,14.01,0,0.0,0.0,5.18
2026-09-04T03:00:00+00:00,cow_15,26.22,34.72,25.28,0.1213,210,38.43,3.33,23.5,0.31,1,94.0,15.01,60.4,58.79,14.01,0,0.0,0.0,5.21
2026-09-04T03:00:00+00:00,cow_16,28.54,35.84,24.16,0.1384,239,38.63,2.65,20.76,0.32,0,94.0,15.01,60.4,58.79,14.01,0,0.0,0.0,5.19
2026-09-04T04:00:00+00:00,cow_01,27.32,39.26,20.74,0.1152,201,38.56,2.48,22.13,0.21,1,86.3,15.43,59.6,59.37,14.43,0,0.0,0.0,5.12
2026-09-04T04:00:00+00:00,cow_02,28.32,36.46,23.54,0.1302,237,38.59,3.7,25.51,0.52,1,86.3,15.43,59.6,59.37,14.43,0,0.0,0.0,5.09
2026-09-04T04:00:00+00:00,cow_03,19.53,31.54,28.46,0.1272,172,38.46,2.03,23.16,0.17,0,86.3,15.43,59.6,59.37,14.43,0,0.0,0.0,5.34
2026-09-04T04:00:00+00:00,cow_04,21.24,34.61,25.39,0.1358,181,38.43,0.79,26.64,0.08,1,86.3,15.43,59.6,59.37,14.43,0,0.0,0.0,5.24
2026-09-04T04:00:00+00:00,cow_05,27.1,31.41,28.59,0.1157,218,38.49,3.0,22.7,0.41,0,86.3,15.43,59.6,59.37,14.43,0,0.0,0.0,5.19
2026-09-04T04:00:00+00:00,cow_06,29.24,34.26,25.74,0.1379,226,38.38,3.21,22.89,0.21,1,86.3,15.43,59.6,59.37,14.43,0,0.0,0.0,5.27
2026-09-04T04:00:00+00:00,cow_07,20.98,41.18,18.82,0.1043,191,38.51,1.08,21.51,0.13,0,86.3,15.43,59.6,59.37,14.43,0,0.0,0.0,5.12
2026-09-04T04:00:00+00:00,cow_08,29.26,37.14,22.86,0.1254,224,38.47,2.84,25.88,0.28,1,86.3,15.43,59.6,59.37,14.43,0,0.0,0.0,5.22
2026-09-04T04:00:00+00:00,cow_09,24.49,33.57,26.43,0.1171,186,38.45,2.96,24.18,0.31,1,86.3,15.43,59.6,59.37,14.43,0,0.0,0.0,5.21
2026-09-04T04:00:00+00:00,cow_10,27.73,30.83,29.17,0.139,234,38.5,3.31,23.75,0.32,1,86.3,15.43,59.6,59.37,14.43,0,0.0,0.0,5.18
2026-09-04T04:00:00+00:00,cow_11,29.94,34.21,25.79,0.1158,254,38.36,3.66,26.61,0.32,1,86.3,15.43,59.6,59.37,14.43,0,0.0,0.0,5.2
2026-09-04T04:00:00+00:00,cow_12,27.77,32.79,27.21,0.1256,198,38.42,2.06,24.74,0.24,0,86.3,15.43,59.6,59.37,14.43,0,0.0,0.0,5.19
2026-09-04T04:00:00+00:00,cow_13,24.69,33.66,26.34,0.1522,171,38.63,4.92,28.22,0.44,1,86.3,15.43,59.6,59.37,14.43,0,0.0,0.0,5.3
2026-09-04T04:00:00+00:00,cow_14,31.72,35.12,24.88,0.1339,235,38.4,1.38,24.69,0.15,0,86.3,15.43,59.6,59.37,14.43,0,0.0,0.0,5.31
2026-09-04T04:00:00+00:00,cow_15,25.9,32.49,27.51,0.1241,212,38.38,1.07,23.13,0.13,1,86.3,15.43,59.6,59.37,14.43,0,0.0,0.0,5.28
2026-09-04T04:00:00+00:00,cow_16,26.13,37.06,22.94,0.1313,207,38.68,2.86,23.62,0.22,0,86.3,15.43,59.6,59.37,14.43,0,0.0,0.0,5.13
2026-09-04T05:00:00+00:00,cow_01,49.63,23.13,36.87,0.1905,378,38.61,7.38,15.22,0.63,2,91.8,15.6,64.1,59.67,14.6,0,0.0,0.0,5.1
2026-09-04T05:00:00+00:00,cow_02,58.58,25.32,34.68,0.1761,492,38.48,6.05,20.0,0.75,2,91.8,15.6,64.1,59.67,14.6,0,0.0,0.0,5.22
2026-09-04T05:00:00+00:00,cow_03,44.44,23.02,36.98,0.1577,359,38.49,8.94,18.08,0.72,2,91.8,15.6,64.1,59.67,14.6,0,0.0,0.0,5.13
2026-09-04T05:00:00+00:00,cow_04,41.03,22.18,37.82,0.1448,340,38.49,6.05,17.64,0.45,1,91.8,15.6,64.1,59.67,14.6,0,0.0,0.0,5.24
2026-09-04T05:00:00+00:00,cow_05,50.87,20.24,39.76,0.1846,372,38.59,6.57,15.48,0.81,2,91.8,15.6,64.1,59.67,14.6,0,0.0,0.0,5.1
2026-09-04T05:00:00+00:00,cow_06,54.96,23.14,36.86,0.1628,425,38.37,7.74,16.19,0.57,2,91.8,15.6,64.1,59.67,14.6,0,0.0,0.0,5.17
2026-09-04T05:00:00+00:00,cow_07,45.25,23.72,36.28,0.1489,390,38.39,7.25,14.53,0.71,2,91.8,15.6,64.1,59.67,14.6,0,0.0,0.0,5.18
2026-09-04T05:00:00+00:00,cow_08,44.56,27.02,32.98,0.1584,391,38.58,10.43,20.07,0.89,2,91.8,15.6,64.1,59.67,14.6,0,0.0,0.0,5.23
2026-09-04T05:00:00+00:00,cow_09,44.69,20.97,39.03,0.1621,376,38.46,8.42,19.19,0.75,2,91.8,15.6,64.1,59.67,14.6,0,0.0,0.0,5.31
2026-09-04T05:00:00+00:00,cow_10,45.47,21.51,38.49,0.1792,349,38.44,8.55,20.15,0.81,2,91.8,15.6,64.1,59.67,14.6,0,0.0,0.0,5.16
2026-09-04T05:00:00+00:00,cow_11,55.06,24.21,35.79,0.1815,472,38.3,8.99,17.86,0.78,2,91.8,15.6,64.1,59.67,14.6,0,0.0,0.0,5.23
2026-09-04T05:00:00+00:00,cow_12,44.5,25.86,34.14,0.1647,373,38.38,10.83,20.83,0.88,2,91.8,15.6,64.1,59.67,14.6,0,0.0,0.0,5.16
2026-09-04T05:00:00+00:00,cow_13,47.68,23.13,36.87,0.1728,388,38.56,7.85,19.55,0.8,2,91.8,15.6,64.1,59.67,14.6,0,0.0,0.0,5.24
2026-09-04T05:00:00+00:00,cow_14,55.99,23.96,36.04,0.1757,436,38.51,8.46,18.85,0.72,2,91.8,15.6,64.1,59.67,14.6,0,0.0,0.0,5.36
2026-09-04T05:00:00+00:00,cow_15,41.28,21.64,38.36,0.1588,313,38.42,9.12,18.51,0.8,2,91.8,15.6,64.1,59.67,14.6,0,0.0,0.0,5.2
2026-09-04T05:00:00+00:00,cow_16,46.65,20.67,39.33,0.1651,351,38.59,5.16,13.41,0.54,1,91.8,15.6,64.1,59.67,14.6,0,0.0,0.0,5.12
2026-09-04T06:00:00+00:00,cow_01,64.69,18.78,41.22,0.1934,558,38.56,20.95,15.13,1.66,5,89.2,16.76,63.5,61.33,15.76,0,15.96,7.09,5.18
2026-09-04T06:00:00+00:00,cow_02,78.66,16.34,43.66,0.2194,620,38.56,16.46,20.37,2.12,4,89.2,16.76,63.5,61.33,15.76,0,12.04,7.31,5.12
2026-09-04T06:00:00+00:00,cow_03,60.48,14.49,45.51,0.2169,491,38.35,19.47,17.61,1.64,5,89.2,16.76,63.5,61.33,15.76,0,16.82,6.61,5.28
2026-09-04T06:00:00+00:00,cow_04,61.33,17.36,42.64,0.2093,472,38.42,18.3,19.45,1.56,4,89.2,16.76,63.5,61.33,15.76,0,16.21,7.78,5.17
2026-09-04T06:00:00+00:00,cow_05,67.47,12.92,47.08,0.2146,573,38.59,16.34,16.84,2.04,4,89.2,16.76,63.5,61.33,15.76,0,17.45,8.06,5.3
2026-09-04T06:00:00+00:00,cow_06,79.35,14.95,45.05,0.2386,642,38.35,20.24,19.21,1.54,5,89.2,16.76,63.5,61.33,15.76,0,14.53,7.63,5.19
2026-09-04T06:00:00+00:00,cow_07,55.54,15.74,44.26,0.1615,435,38.47,18.27,17.57,1.7,6,89.2,16.76,63.5,61.33,15.76,0,16.91,7.68,5.28
2026-09-04T06:00:00+00:00,cow_08,60.69,18.73,41.27,0.2017,488,38.62,24.51,19.19,2.1,6,89.2,16.76,63.5,61.33,15.76,0,17.78,7.54,5.3
2026-09-04T06:00:00+00:00,cow_09,59.08,14.56,45.44,0.1912,465,38.27,17.91,19.33,1.65,4,89.2,16.76,63.5,61.33,15.76,0,18.66,7.97,5.2
2026-09-04T06:00:00+00:00,cow_10,62.58,15.23,44.77,0.2067,502,38.49,14.73,19.65,1.32,4,89.2,16.76,63.5,61.33,15.76,0,18.09,7.89,5.22
2026-09-04T06:00:00+00:00,cow_11,74.32,17.52,42.48,0.2294,576,38.31,21.63,17.17,1.93,5,89.2,16.76,63.5,61.33,15.76,0,17.0,6.94,4.87
2026-09-04T06:00:00+00:00,cow_12,53.85,17.19,42.81,0.1863,435,38.36,21.66,16.75,1.77,5,89.2,16.76,63.5,61.33,15.76,0,14.9,7.77,5.27
2026-09-04T06:00:00+00:00,cow_13,64.2,15.71,44.29,0.1949,520,38.55,19.1,19.8,1.73,5,89.2,16.76,63.5,61.33,15.76,0,13.21,7.14,5.2
2026-09-04T06:00:00+00:00,cow_14,70.81,17.61,42.39,0.1931,568,38.49,19.44,17.59,1.67,6,89.2,16.76,63.5,61.33,15.76,0,16.55,7.28,5.21
2026-09-04T06:00:00+00:00,cow_15,58.51,15.8,44.2,0.1879,452,38.32,19.65,16.98,1.81,5,89.2,16.76,63.5,61.33,15.76,0,18.57,7.8,5.28
2026-09-04T06:00:00+00:00,cow_16,58.94,17.41,42.59,0.1943,467,38.55,16.88,15.1,1.56,4,89.2,16.76,63.5,61.33,15.76,0,14.01,6.94,5.04
2026-09-04T07:00:00+00:00,cow_01,66.41,15.73,44.27,0.2064,535,38.64,19.45,15.79,1.51,4,88.0,17.55,64.3,62.49,16.55,0,0.0,0.0,5.13
2026-09-04T07:00:00+00:00,cow_02,78.84,16.28,43.72,0.2276,653,38.4,16.46,19.49,2.17,4,88.0,17.55,64.3,62.49,16.55,0,0.0,0.0,5.14
2026-09-04T07:00:00+00:00,cow_03,61.85,18.47,41.53,0.2014,513,38.39,17.95,16.2,1.54,3,88.0,17.55,64.3,62.49,16.55,0,0.0,0.0,5.14
2026-09-04T07:00:00+00:00,cow_04,58.31,14.99,45.01,0.1863,471,38.41,17.51,16.28,1.48,4,88.0,17.55,64.3,62.49,16.55,0,0.0,0.0,5.24
2026-09-04T07:00:00+00:00,cow_05,71.77,15.86,44.14,0.2168,572,38.46,15.44,13.77,2.01,4,88.0,17.55,64.3,62.49,16.55,0,0.0,0.0,5.1
2026-09-04T07:00:00+00:00,cow_06,72.1,13.99,46.01,0.2102,592,38.32,17.37,16.94,1.32,4,88.0,17.55,64.3,62.49,16.55,0,0.0,0.0,5.15
2026-09-04T07:00:00+00:00,cow_07,57.99,17.35,42.65,0.1841,470,38.36,18.99,18.28,1.75,5,88.0,17.55,64.3,62.49,16.55,0,0.0,0.0,5.3
2026-09-04T07:00:00+00:00,cow_08,62.01,18.84,41.16,0.1758,499,38.53,23.0,20.22,1.93,6,88.0,17.55,64.3,62.49,16.55,0,0.0,0.0,5.21
2026-09-04T07:00:00+00:00,cow_09,59.75,13.41,46.59,0.1911,474,38.33,16.49,16.25,1.59,4,88.0,17.55,64.3,62.49,16.55,0,0.0,0.0,5.12
2026-09-04T07:00:00+00:00,cow_10,64.28,14.06,45.94,0.1868,515,38.39,14.98,21.17,1.4,3,88.0,17.55,64.3,62.49,16.55,0,0.0,0.0,5.23
2026-09-04T07:00:00+00:00,cow_11,74.8,16.44,43.56,0.2134,613,38.2,19.44,18.5,1.83,4,88.0,17.55,64.3,62.49,16.55,0,0.0,0.0,5.22
2026-09-04T07:00:00+00:00,cow_12,56.74,15.05,44.95,0.1924,467,38.29,19.76,17.46,1.56,5,88.0,17.55,64.3,62.49,16.55,0,0.0,0.0,5.28
2026-09-04T07:00:00+00:00,cow_13,64.29,15.97,44.03,0.183,531,38.38,20.14,20.19,1.79,6,88.0,17.55,64.3,62.49,16.55,0,0.0,0.0,5.19
2026-09-04T07:00:00+00:00,cow_14,72.26,17.28,42.72,0.2419,598,38.51,19.28,17.57,1.65,5,88.0,17.55,64.3,62.49,16.55,0,0.0,0.0,5.21
2026-09-04T07:00:00+00:00,cow_15,54.44,14.77,45.23,0.1695,437,38.27,19.33,17.54,1.76,5,88.0,17.55,64.3,62.49,16.55,0,0.0,0.0,5.22
2026-09-04T07:00:00+00:00,cow_16,63.83,13.97,46.03,0.1975,530,38.56,16.63,16.39,1.64,5,88.0,17.55,64.3,62.49,16.55,0,0.0,0.0,5.04
2026-09-04T08:00:00+00:00,cow_01,63.39,16.77,43.23,0.208,496,38.52,20.48,15.03,1.65,5,90.7,17.38,65.0,62.26,16.38,0,0.0,0.0,5.27
2026-09-04T08:00:00+00:00,cow_02,77.06,17.19,42.81,0.2207,591,38.52,15.71,20.34,2.02,4,90.7,17.38,65.0,62.26,16.38,0,0.0,0.0,5.21
2026-09-04T08:00:00+00:00,cow_03,58.85,13.17,46.83,0.1897,485,38.36,18.91,18.13,1.69,5,90.7,17.38,65.0,62.26,16.38,0,0.0,0.0,5.23
2026-09-04T08:00:00+00:00,cow_04,61.04,16.32,43.68,0.1792,517,38.42,19.38,17.72,1.66,5,90.7,17.38,65.0,62.26,16.38,0,0.0,0.0,5.06
2026-09-04T08:00:00+00:00,cow_05,67.24,13.36,46.64,0.1883,539,38.48,18.11,14.23,2.31,4,90.7,17.38,65.0,62.26,16.38,0,0.0,0.0,5.06
2026-09-04T08:00:00+00:00,cow_06,75.63,16.3,43.7,0.2217,585,38.33,20.82,18.31,1.63,6,90.7,17.38,65.0,62.26,16.38,0,0.0,0.0,5.29
2026-09-04T08:00:00+00:00,cow_07,57.7,18.0,42.0,0.1939,467,38.44,20.95,15.87,1.84,5,90.7,17.38,65.0,62.26,16.38,0,0.0,0.0,5.11
2026-09-04T08:00:00+00:00,cow_08,60.9,17.44,42.56,0.2026,494,38.58,21.5,20.94,1.88,6,90.7,17.38,65.0,62.26,16.38,0,0.0,0.0,5.06
2026-09-04T08:00:00+00:00,cow_09,61.56,17.6,42.4,0.1909,492,38.29,16.12,16.28,1.58,5,90.7,17.38,65.0,62.26,16.38,0,0.0,0.0,5.14
2026-09-04T08:00:00+00:00,cow_10,62.96,18.42,41.58,0.1831,492,38.44,15.12,18.06,1.37,3,90.7,17.38,65.0,62.26,16.38,0,0.0,0.0,5.31
2026-09-04T08:00:00+00:00,cow_11,70.46,14.73,45.27,0.1981,560,38.26,21.21,18.69,2.04,5,90.7,17.38,65.0,62.26,16.38,0,0.0,0.0,5.33
2026-09-04T08:00:00+00:00,cow_12,56.28,15.11,44.89,0.199,493,38.42,21.24,18.57,1.71,5,90.7,17.38,65.0,62.26,16.38,0,0.0,0.0,5.12
2026-09-04T08:00:00+00:00,cow_13,64.0,14.6,45.4,0.1855,507,38.53,20.91,18.77,1.88,6,90.7,17.38,65.0,62.26,16.38,0,0.0,0.0,5.21
2026-09-04T08:00:00+00:00,cow_14,73.06,16.89,43.11,0.2135,568,38.47,22.25,17.6,1.91,6,90.7,17.38,65.0,62.26,16.38,0,0.0,0.0,5.26
2026-09-04T08:00:00+00:00,cow_15,59.17,15.76,44.24,0.1752,483,38.38,19.42,14.32,1.79,5,90.7,17.38,65.0,62.26,16.38,0,0.0,0.0,5.08
2026-09-04T08:00:00+00:00,cow_16,63.6,16.43,43.57,0.1798,537,38.56,15.2,16.61,1.52,5,90.7,17.38,65.0,62.26,16.38,0,0.0,0.0,5.15
2026-09-04T09:00:00+00:00,cow_01,65.9,14.71,45.29,0.1911,500,38.58,18.76,13.29,1.52,4,86.8,19.24,63.6,64.9,18.24,0,0.0,0.0,5.08
2026-09-04T09:00:00+00:00,cow_02,79.6,16.41,43.59,0.2204,630,38.44,13.67,20.96,1.76,3,86.8,19.24,63.6,64.9,18.24,0,0.0,0.0,5.04
2026-09-04T09:00:00+00:00,cow_03,57.33,15.81,44.19,0.187,484,38.46,18.07,17.7,1.56,6,86.8,19.24,63.6,64.9,18.24,0,0.0,0.0,5.29
2026-09-04T09:00:00+00:00,cow_04,60.14,15.55,44.45,0.2027,489,38.49,15.65,19.19,1.32,5,86.8,19.24,63.6,64.9,18.24,0,0.0,0.0,5.32
2026-09-04T09:00:00+00:00,cow_05,69.58,16.75,43.25,0.2231,557,38.61,15.93,15.32,2.07,4,86.8,19.24,63.6,64.9,18.24,0,0.0,0.0,5.21
2026-09-04T09:00:00+00:00,cow_06,77.68,15.32,44.68,0.2029,626,38.3,20.22,18.01,1.62,6,86.8,19.24,63.6,64.9,18.24,0,0.0,0.0,5.29
2026-09-04T09:00:00+00:00,cow_07,55.77,18.46,41.54,0.2001,435,38.47,18.66,15.6,1.71,5,86.8,19.24,63.6,64.9,18.24,0,0.0,0.0,5.27
2026-09-04T09:00:00+00:00,cow_08,58.29,18.1,41.9,0.1781,443,38.49,20.28,19.73,1.79,4,86.8,19.24,63.6,64.9,18.24,0,0.0,0.0,5.23
2026-09-04T09:00:00+00:00,cow_09,55.67,15.88,44.12,0.174,429,38.36,16.4,16.57,1.41,5,86.8,19.24,63.6,64.9,18.24,0,0.0,0.0,5.27
2026-09-04T09:00:00+00:00,cow_10,64.42,12.92,47.08,0.208,505,38.45,18.08,17.86,1.7,5,86.8,19.24,63.6,64.9,18.24,0,0.0,0.0,5.23
2026-09-04T09:00:00+00:00,cow_11,74.09,15.51,44.49,0.2161,591,38.38,18.9,19.53,1.8,5,86.8,19.24,63.6,64.9,18.24,0,0.0,0.0,5.29
2026-09-04T09:00:00+00:00,cow_12,58.07,12.66,47.34,0.1838,449,38.3,19.29,17.38,1.49,4,86.8,19.24,63.6,64.9,18.24,0,0.0,0.0,5.26
2026-09-04T09:00:00+00:00,cow_13,68.97,16.27,43.73,0.2021,550,38.5,19.13,19.03,1.68,6,86.8,19.24,63.6,64.9,18.24,0,0.0,0.0,5.08
2026-09-04T09:00:00+00:00,cow_14,73.9,16.62,43.38,0.232,596,38.46,19.67,17.45,1.67,5,86.8,19.24,63.6,64.9,18.24,0,0.0,0.0,5.06
2026-09-04T09:00:00+00:00,cow_15,54.94,14.79,45.21,0.1819,409,38.31,19.6,16.44,1.76,5,86.8,19.24,63.6,64.9,18.24,0,0.0,0.0,5.16
2026-09-04T09:00:00+00:00,cow_16,60.49,15.89,44.11,0.212,472,38.52,16.3,14.8,1.64,3,86.8,19.24,63.6,64.9,18.24,0,0.0,0.0,5.16
2026-09-04T10:00:00+00:00,cow_01,48.69,23.79,36.21,0.1709,399,38.52,6.53,17.38,0.53,0,91.9,20.08,62.9,66.07,19.08,0,0.0,0.0,5.37
2026-09-04T10:00:00+00:00,cow_02,54.66,27.41,32.59,0.1822,434,38.54,5.97,19.5,0.88,1,91.9,20.08,62.9,66.07,19.08,0,0.0,0.0,5.24
2026-09-04T10:00:00+00:00,cow_03,43.11,21.52,38.48,0.1774,352,38.45,8.23,20.37,0.67,1,91.9,20.08,62.9,66.07,19.08,0,0.0,0.0,5.33
2026-09-04T10:00:00+00:00,cow_04,43.28,22.9,37.1,0.1751,352,38.54,8.09,17.79,0.58,2,91.9,20.08,62.9,66.07,19.08,0,0.0,0.0,5.02
2026-09-04T10:00:00+00:00,cow_05,52.29,23.31,36.69,0.174,421,38.55,7.79,16.97,0.99,1,91.9,20.08,62.9,66.07,19.08,0,0.0,0.0,5.29
2026-09-04T10:00:00+00:00,cow_06,54.34,21.03,38.97,0.1812,437,38.31,7.34,17.73,0.52,2,91.9,20.08,62.9,66.07,19.08,0,0.0,0.0,5.23
2026-09-04T10:00:00+00:00,cow_07,44.97,28.4,31.6,0.1633,353,38.48,9.61,16.83,0.88,2,91.9,20.08,62.9,66.07,19.08,0,0.0,0.0,5.21
2026-09-04T10:00:00+00:00,cow_08,44.7,24.04,35.96,0.1606,383,38.51,9.11,18.03,0.84,3,91.9,20.08,62.9,66.07,19.08,0,0.0,0.0,5.1
2026-09-04T10:00:00+00:00,cow_09,38.37,23.13,36.87,0.1357,319,38.3,8.27,17.48,0.74,2,91.9,20.08,62.9,66.07,19.08,0,0.0,0.0,5.25
2026-09-04T10:00:00+00:00,cow_10,45.98,23.9,36.1,0.1544,373,38.46,7.04,17.87,0.64,0,91.9,20.08,62.9,66.07,19.08,0,0.0,0.0,5.13
2026-09-04T10:00:00+00:00,cow_11,52.89,21.74,38.26,0.1881,412,38.39,8.15,16.97,0.66,2,91.9,20.08,62.9,66.07,19.08,0,0.0,0.0,5.21
2026-09-04T10:00:00+00:00,cow_12,44.55,22.8,37.2,0.1601,360,38.46,8.68,20.41,0.73,2,91.9,20.08,62.9,66.07,19.08,0,0.0,0.0,5.24
2026-09-04T10:00:00+00:00,cow_13,38.99,22.05,37.95,0.1435,343,38.52,8.46,19.02,0.7,2,91.9,20.08,62.9,66.07,19.08,0,0.0,0.0,5.27
2026-09-04T10:00:00+00:00,cow_14,48.08,24.98,35.02,0.1575,404,38.51,7.36,16.9,0.67,2,91.9,20.08,62.9,66.07,19.08,0,0.0,0.0,5.21
2026-09-04T10:00:00+00:00,cow_15,42.36,22.71,37.29,0.1606,338,38.33,7.41,18.4,0.82,2,91.9,20.08,62.9,66.07,19.08,0,0.0,0.0,5.2
2026-09-04T10:00:00+00:00,cow_16,48.53,24.36,35.64,0.1691,373,38.64,7.97,15.89,0.74,2,91.9,20.08,62.9,66.07,19.08,0,0.0,0.0,5.05
2026-09-04T11:00:00+00:00,cow_01,49.04,25.54,34.46,0.1701,389,38.61,8.59,14.78,0.64,2,86.2,20.77,63.2,67.08,19.77,0,0.0,0.0,5.26
2026-09-04T11:00:00+00:00,cow_02,56.23,22.79,37.21,0.1838,444,38.6,6.6,19.04,0.87,2,86.2,20.77,63.2,67.08,19.77,0,0.0,0.0,5.15
2026-09-04T11:00:00+00:00,cow_03,45.92,21.67,38.33,0.1669,357,38.44,8.76,16.01,0.7,2,86.2,20.77,63.2,67.08,19.77,0,0.0,0.0,5.11
2026-09-04T11:00:00+00:00,cow_04,45.72,20.18,39.82,0.1593,375,38.47,7.08,18.87,0.61,2,86.2,20.77,63.2,67.08,19.77,0,0.0,0.0,5.18
2026-09-04T11:00:00+00:00,cow_05,57.07,22.33,37.67,0.2075,449,38.52,5.34,14.6,0.77,1,86.2,20.77,63.2,67.08,19.77,0,0.0,0.0,5.35
2026-09-04T11:00:00+00:00,cow_06,51.83,20.77,39.23,0.1699,413,38.42,8.54,16.67,0.65,2,86.2,20.77,63.2,67.08,19.77,0,0.0,0.0,5.13
2026-09-04T11:00:00+00:00,cow_07,40.33,26.76,33.24,0.1343,346,38.4,7.26,17.51,0.73,2,86.2,20.77,63.2,67.08,19.77,0,0.0,0.0,5.24
2026-09-04T11:00:00+00:00,cow_08,47.67,22.93,37.07,0.1606,367,38.64,8.41,20.12,0.75,2,86.2,20.77,63.2,67.08,19.77,0,0.0,0.0,5.15
2026-09-04T11:00:00+00:00,cow_09,46.65,20.67,39.33,0.1652,361,38.34,7.06,16.01,0.61,2,86.2,20.77,63.2,67.08,19.77,0,0.0,0.0,5.13
2026-09-04T11:00:00+00:00,cow_10,45.68,20.83,39.17,0.1614,379,38.58,5.87,21.29,0.49,2,86.2,20.77,63.2,67.08,19.77,0,0.0,0.0,5.14
2026-09-04T11:00:00+00:00,cow_11,52.18,20.73,39.27,0.1734,426,38.38,7.51,17.12,0.65,2,86.2,20.77,63.2,67.08,19.77,0,0.0,0.0,5.18
2026-09-04T11:00:00+00:00,cow_12,40.81,23.01,36.99,0.1761,318,38.36,9.15,17.28,0.75,2,86.2,20.77,63.2,67.08,19.77,0,0.0,0.0,5.35
2026-09-04T11:00:00+00:00,cow_13,47.84,21.51,38.49,0.1602,374,38.63,6.7,18.27,0.57,2,86.2,20.77,63.2,67.08,19.77,0,0.0,0.0,5.18
2026-09-04T11:00:00+00:00,cow_14,49.68,23.91,36.09,0.1684,388,38.55,9.25,17.3,0.82,1,86.2,20.77,63.2,67.08,19.77,0,0.0,0.0,5.17
2026-09-04T11:00:00+00:00,cow_15,44.92,20.78,39.22,0.1535,393,38.44,8.43,18.0,0.66,2,86.2,20.77,63.2,67.08,19.77,0,0.0,0.0,5.16
2026-09-04T11:00:00+00:00,cow_16,45.4,22.11,37.89,0.1362,368,38.6,8.44,14.68,0.78,1,86.2,20.77,63.2,67.08,19.77,0,0.0,0.0,5.18
2026-09-04T12:00:00+00:00,cow_01,45.29,26.22,33.78,0.1419,367,38.67,8.33,15.16,0.73,2,89.8,21.39,60.4,67.78,20.39,0,0.0,0.0,5.21
2026-09-04T12:00:00+00:00,cow_02,53.31,24.3,35.7,0.1691,431,38.59,7.61,18.73,0.98,2,89.8,21.39,60.4,67.78,20.39,0,0.0,0.0,5.18
2026-09-04T12:00:00+00:00,cow_03,44.86,21.16,38.84,0.1591,368,38.56,6.3,15.62,0.54,2,89.8,21.39,60.4,67.78,20.39,0,0.0,0.0,5.18
2026-09-04T12:00:00+00:00,cow_04,42.85,20.44,39.56,0.151,355,38.49,8.45,17.19,0.8,2,89.8,21.39,60.4,67.78,20.39,0,0.0,0.0,5.24
2026-09-04T12:00:00+00:00,cow_05,51.17,20.31,39.69,0.1764,418,38.69,7.6,16.33,1.02,2,89.8,21.39,60.4,67.78,20.39,0,0.0,0.0,5.2
2026-09-04T12:00:00+00:00,cow_06,55.75,23.63,36.37,0.1943,423,38.31,9.78,16.21,0.67,2,89.8,21.39,60.4,67.78,20.39,0,0.0,0.0,5.34
2026-09-04T12:00:00+00:00,cow_07,44.74,24.03,35.97,0.153,358,38.5,8.08,15.68,0.79,2,89.8,21.39,60.4,67.78,20.39,0,0.0,0.0,5.18
2026-09-04T12:00:00+00:00,cow_08,46.44,22.3,37.7,0.1683,377,38.54,7.23,18.43,0.63,2,89.8,21.39,60.4,67.78,20.39,0,0.0,0.0,5.34
2026-09-04T12:00:00+00:00,cow_09,43.87,19.73,40.27,0.1565,331,38.38,8.81,17.5,0.78,2,89.8,21.39,60.4,67.78,20.39,0,0.0,0.0,5.14
2026-09-04T12:00:00+00:00,cow_10,40.8,20.38,39.62,0.158,337,38.62,7.21,20.33,0.7,2,89.8,21.39,60.4,67.78,20.39,0,0.0,0.0,5.29
2026-09-04T12:00:00+00:00,cow_11,55.57,23.46,36.54,0.173,408,38.41,9.19,17.25,0.79,2,89.8,21.39,60.4,67.78,20.39,0,0.0,0.0,5.26
2026-09-04T12:00:00+00:00,cow_12,44.48,21.07,38.93,0.1521,365,38.41,10.01,17.56,0.83,2,89.8,21.39,60.4,67.78,20.39,0,0.0,0.0,5.14
2026-09-04T12:00:00+00:00,cow_13,49.3,20.96,39.04,0.1695,397,38.59,9.29,19.76,0.86,2,89.8,21.39,60.4,67.78,20.39,0,0.0,0.0,5.35
2026-09-04T12:00:00+00:00,cow_14,57.07,25.89,34.11,0.1903,447,38.54,9.32,18.66,0.86,3,89.8,21.39,60.4,67.78,20.39,0,0.0,0.0,5.36
2026-09-04T12:00:00+00:00,cow_15,42.07,22.93,37.07,0.1646,343,38.41,8.76,15.79,0.82,3,89.8,21.39,60.4,67.78,20.39,0,0.0,0.0,5.23
2026-09-04T12:00:00+00:00,cow_16,41.38,20.47,39.53,0.1463,329,38.56,7.77,17.06,0.82,2,89.8,21.39,60.4,67.78,20.39,0,0.0,0.0,5.29
2026-09-04T13:00:00+00:00,cow_01,47.05,22.39,37.61,0.1706,380,38.62,9.64,14.3,0.74,2,91.8,21.16,59.4,67.38,20.16,0,0.0,0.0,5.18
2026-09-04T13:00:00+00:00,cow_02,56.03,24.4,35.6,0.1774,435,38.71,9.08,19.59,1.14,3,91.8,21.16,59.4,67.38,20.16,0,0.0,0.0,5.08
2026-09-04T13:00:00+00:00,cow_03,44.07,20.73,39.27,0.1477,348,38.46,8.16,17.17,0.68,2,91.8,21.16,59.4,67.38,20.16,0,0.0,0.0,5.18
2026-09-04T13:00:00+00:00,cow_04,46.26,22.07,37.93,0.1715,378,38.55,9.34,17.29,0.78,3,91.8,21.16,59.4,67.38,20.16,0,0.0,0.0,5.18
2026-09-04T13:00:00+00:00,cow_05,44.44,20.82,39.18,0.1613,316,38.66,6.4,15.97,0.8,1,91.8,21.16,59.4,67.38,20.16,0,0.0,0.0,5.11
2026-09-04T13:00:00+00:00,cow_06,52.6,23.98,36.02,0.1732,412,38.39,9.81,18.93,0.81,3,91.8,21.16,59.4,67.38,20.16,0,0.0,0.0,5.22
2026-09-04T13:00:00+00:00,cow_07,39.51,24.85,35.15,0.1443,288,38.54,7.86,18.06,0.76,2,91.8,21.16,59.4,67.38,20.16,0,0.0,0.0,5.25
2026-09-04T13:00:00+00:00,cow_08,43.42,28.29,31.71,0.1586,351,38.61,8.44,19.68,0.73,2,91.8,21.16,59.4,67.38,20.16,0,0.0,0.0,5.08
2026-09-04T13:00:00+00:00,cow_09,40.24,23.63,36.37,0.1463,316,38.5,6.44,16.08,0.56,2,91.8,21.16,59.4,67.38,20.16,0,0.0,0.0,5.36
2026-09-04T13:00:00+00:00,cow_10,49.59,23.41,36.59,0.1635,425,38.59,7.87,18.58,0.71,3,91.8,21.16,59.4,67.38,20.16,0,0.0,0.0,5.24
2026-09-04T13:00:00+00:00,cow_11,57.98,22.23,37.77,0.1759,455,38.42,8.38,16.98,0.84,2,91.8,21.16,59.4,67.38,20.16,0,0.0,0.0,5.21
2026-09-04T13:00:00+00:00,cow_12,43.93,21.72,38.28,0.1736,334,38.46,9.39,17.88,0.68,3,91.8,21.16,59.4,67.38,20.16,0,0.0,0.0,5.26
2026-09-04T13:00:00+00:00,cow_13,45.29,23.51,36.49,0.1653,343,38.59,9.62,19.44,0.84,2,91.8,21.16,59.4,67.38,20.16,0,0.0,0.0,5.16
2026-09-04T13:00:00+00:00,cow_14,52.3,23.24,36.76,0.1567,435,38.63,7.6,17.56,0.62,2,91.8,21.16,59.4,67.38,20.16,0,0.0,0.0,5.17
2026-09-04T13:00:00+00:00,cow_15,41.34,24.42,35.58,0.15,318,38.38,9.52,14.65,0.83,3,91.8,21.16,59.4,67.38,20.16,0,0.0,0.0,5.22
2026-09-04T13:00:00+00:00,cow_16,46.47,26.05,33.95,0.1661,361,38.62,6.14,17.13,0.63,2,91.8,21.16,59.4,67.38,20.16,0,0.0,0.0,5.3
2026-09-04T14:00:00+00:00,cow_01,47.01,25.08,34.92,0.1762,374,38.64,7.86,13.42,0.59,3,85.4,21.33,57.1,67.47,20.33,0,0.0,0.0,5.19
2026-09-04T14:00:00+00:00,cow_02,54.66,24.01,35.99,0.1858,457,38.64,5.78,19.15,0.8,1,85.4,21.33,57.1,67.47,20.33,0,0.0,0.0,5.37
2026-09-04T14:00:00+00:00,cow_03,44.51,24.42,35.58,0.1512,335,38.54,8.72,16.56,0.73,3,85.4,21.33,57.1,67.47,20.33,0,0.0,0.0,5.26
2026-09-04T14:00:00+00:00,cow_04,42.25,21.01,38.99,0.1643,313,38.61,8.09,15.9,0.7,1,85.4,21.33,57.1,67.47,20.33,0,0.0,0.0,5.1
2026-09-04T14:00:00+00:00,cow_05,50.22,19.22,40.78,0.1926,414,38.7,6.48,15.61,0.9,2,85.4,21.33,57.1,67.47,20.33,0,0.0,0.0,5.25
2026-09-04T14:00:00+00:00,cow_06,52.66,20.97,39.03,0.1774,426,38.43,8.38,15.7,0.64,1,85.4,21.33,57.1,67.47,20.33,0,0.0,0.0,5.31
2026-09-04T14:00:00+00:00,cow_07,41.77,24.18,35.82,0.1437,315,38.55,8.97,17.71,0.88,3,85.4,21.33,57.1,67.47,20.33,0,0.0,0.0,5.28
2026-09-04T14:00:00+00:00,cow_08,43.7,25.76,34.24,0.1361,359,38.69,10.31,18.21,0.91,2,85.4,21.33,57.1,67.47,20.33,0,0.0,0.0,5.19
2026-09-04T14:00:00+00:00,cow_09,39.33,23.86,36.14,0.1613,307,38.48,7.08,16.22,0.66,2,85.4,21.33,57.1,67.47,20.33,0,0.0,0.0,5.28
2026-09-04T14:00:00+00:00,cow_10,47.18,25.82,34.18,0.1641,379,38.64,7.37,18.8,0.7,2,85.4,21.33,57.1,67.47,20.33,0,0.0,0.0,5.14
2026-09-04T14:00:00+00:00,cow_11,51.74,22.89,37.11,0.1883,389,38.38,6.94,19.23,0.69,1,85.4,21.33,57.1,67.47,20.33,0,0.0,0.0,5.38
2026-09-04T14:00:00+00:00,cow_12,42.22,24.76,35.24,0.1641,323,38.46,7.64,16.34,0.59,1,85.4,21.33,57.1,67.47,20.33,0,0.0,0.0,5.19
2026-09-04T14:00:00+00:00,cow_13,51.81,23.49,36.51,0.1677,404,38.65,9.96,17.76,0.9,3,85.4,21.33,57.1,67.47,20.33,0,0.0,0.0,5.3
2026-09-04T14:00:00+00:00,cow_14,52.58,23.07,36.93,0.1775,440,38.6,7.42,17.53,0.57,2,85.4,21.33,57.1,67.47,20.33,0,0.0,0.0,5.29
2026-09-04T14:00:00+00:00,cow_15,44.59,21.2,38.8,0.1769,385,38.49,6.42,14.38,0.66,2,85.4,21.33,57.1,67.47,20.33,0,0.0,0.0,5.33
2026-09-04T14:00:00+00:00,cow_16,42.64,22.61,37.39,0.167,330,38.73,6.65,15.66,0.59,2,85.4,21.33,57.1,67.47,20.33,0,0.0,0.0,5.38
2026-09-04T15:00:00+00:00,cow_01,46.44,27.72,32.28,0.1766,380,38.8,10.32,15.75,0.79,2,88.7,21.54,55.7,67.65,20.54,0,0.0,0.0,5.38
2026-09-04T15:00:00+00:00,cow_02,54.76,25.46,34.54,0.1712,461,38.67,5.26,19.17,0.66,2,88.7,21.54,55.7,67.65,20.54,0,0.0,0.0,5.2
2026-09-04T15:00:00+00:00,cow_03,46.48,21.33,38.67,0.157,363,38.68,8.1,14.76,0.68,2,88.7,21.54,55.7,67.65,20.54,0,0.0,0.0,5.35
2026-09-04T15:00:00+00:00,cow_04,46.8,20.91,39.09,0.1884,373,38.66,6.53,15.76,0.49,0,88.7,21.54,55.7,67.65,20.54,0,0.0,0.0,5.37
2026-09-04T15:00:00+00:00,cow_05,52.01,19.73,40.27,0.1782,418,38.7,8.08,15.23,0.98,2,88.7,21.54,55.7,67.65,20.54,0,0.0,0.0,5.26
2026-09-04T15:00:00+00:00,cow_06,55.19,25.61,34.39,0.175,427,38.54,7.66,17.77,0.54,2,88.7,21.54,55.7,67.65,20.54,0,0.0,0.0,5.35
2026-09-04T15:00:00+00:00,cow_07,41.54,24.02,35.98,0.1665,316,38.53,8.85,17.75,0.86,2,88.7,21.54,55.7,67.65,20.54,0,0.0,0.0,5.25
2026-09-04T15:00:00+00:00,cow_08,43.79,24.6,35.4,0.1709,342,38.74,9.21,17.82,0.83,3,88.7,21.54,55.7,67.65,20.54,0,0.0,0.0,5.04
2026-09-04T15:00:00+00:00,cow_09,44.11,20.67,39.33,0.1704,331,38.48,7.67,17.02,0.75,1,88.7,21.54,55.7,67.65,20.54,0,0.0,0.0,5.33
2026-09-04T15:00:00+00:00,cow_10,49.02,24.27,35.73,0.177,391,38.59,6.22,20.62,0.64,1,88.7,21.54,55.7,67.65,20.54,0,0.0,0.0,4.97
2026-09-04T15:00:00+00:00,cow_11,53.82,21.41,38.59,0.1744,438,38.53,9.69,18.84,0.81,2,88.7,21.54,55.7,67.65,20.54,0,0.0,0.0,5.38
2026-09-04T15:00:00+00:00,cow_12,44.12,23.15,36.85,0.163,359,38.4,8.6,17.9,0.74,2,88.7,21.54,55.7,67.65,20.54,0,0.0,0.0,5.07
2026-09-04T15:00:00+00:00,cow_13,48.05,21.24,38.76,0.1543,371,38.73,9.46,19.65,0.88,3,88.7,21.54,55.7,67.65,20.54,0,0.0,0.0,5.21
2026-09-04T15:00:00+00:00,cow_14,55.15,20.89,39.11,0.1804,425,38.72,8.43,17.44,0.66,3,88.7,21.54,55.7,67.65,20.54,0,0.0,0.0,5.25
2026-09-04T15:00:00+00:00,cow_15,43.8,20.19,39.81,0.1511,353,38.46,8.63,14.04,0.76,3,88.7,21.54,55.7,67.65,20.54,0,0.0,0.0,5.24
2026-09-04T15:00:00+00:00,cow_16,46.41,25.83,34.17,0.1402,359,38.7,7.9,16.68,0.73,2,88.7,21.54,55.7,67.65,20.54,0,0.0,0.0,5.17
2026-09-04T16:00:00+00:00,cow_01,60.86,15.67,44.33,0.2025,484,38.76,20.31,15.81,1.62,6,85.5,21.52,54.0,67.51,20.52,0,0.0,0.0,5.2
2026-09-04T16:00:00+00:00,cow_02,76.21,17.75,42.25,0.2172,621,38.73,15.73,19.93,2.04,4,85.5,21.52,54.0,67.51,20.52,0,0.0,0.0,5.0
2026-09-04T16:00:00+00:00,cow_03,63.61,13.01,46.99,0.1838,502,38.53,18.49,17.57,1.59,4,85.5,21.52,54.0,67.51,20.52,0,0.0,0.0,5.14
2026-09-04T16:00:00+00:00,cow_04,61.25,12.86,47.14,0.1862,467,38.67,17.24,19.29,1.54,5,85.5,21.52,54.0,67.51,20.52,0,0.0,0.0,5.12
2026-09-04T16:00:00+00:00,cow_05,70.27,16.13,43.87,0.2135,574,38.62,16.4,14.62,2.12,4,85.5,21.52,54.0,67.51,20.52,0,0.0,0.0,5.25
2026-09-04T16:00:00+00:00,cow_06,73.88,17.26,42.74,0.2181,595,38.51,19.45,19.55,1.42,5,85.5,21.52,54.0,67.51,20.52,0,0.0,0.0,5.27
2026-09-04T16:00:00+00:00,cow_07,61.76,18.34,41.66,0.1913,500,38.59,20.13,14.77,1.8,5,85.5,21.52,54.0,67.51,20.52,0,0.0,0.0,5.29
2026-09-04T16:00:00+00:00,cow_08,60.66,16.28,43.72,0.1871,479,38.74,20.28,18.58,1.65,5,85.5,21.52,54.0,67.51,20.52,0,0.0,0.0,5.25
2026-09-04T16:00:00+00:00,cow_09,62.36,16.23,43.77,0.2003,503,38.45,17.01,17.09,1.63,5,85.5,21.52,54.0,67.51,20.52,0,0.0,0.0,5.19
2026-09-04T16:00:00+00:00,cow_10,69.3,16.49,43.51,0.2081,561,38.69,15.54,16.11,1.38,4,85.5,21.52,54.0,67.51,20.52,0,0.0,0.0,5.24
2026-09-04T16:00:00+00:00,cow_11,69.25,14.16,45.84,0.1982,555,38.55,19.26,17.62,1.76,5,85.5,21.52,54.0,67.51,20.52,0,0.0,0.0,5.2
2026-09-04T16:00:00+00:00,cow_12,61.59,13.95,46.05,0.2084,474,38.61,19.74,16.86,1.62,5,85.5,21.52,54.0,67.51,20.52,0,0.0,0.0,5.2
2026-09-04T16:00:00+00:00,cow_13,62.72,14.48,45.52,0.1911,453,38.65,19.14,20.49,1.79,4,85.5,21.52,54.0,67.51,20.52,0,0.0,0.0,5.22
2026-09-04T16:00:00+00:00,cow_14,66.62,16.25,43.75,0.2082,532,38.68,19.61,18.94,1.71,5,85.5,21.52,54.0,67.51,20.52,0,0.0,0.0,5.32
2026-09-04T16:00:00+00:00,cow_15,56.68,12.2,47.8,0.1957,468,38.42,18.61,16.61,1.77,5,85.5,21.52,54.0,67.51,20.52,0,0.0,0.0,5.21
2026-09-04T16:00:00+00:00,cow_16,62.58,14.93,45.07,0.2056,488,38.73,16.09,14.02,1.66,4,85.5,21.52,54.0,67.51,20.52,0,0.0,0.0,5.27
2026-09-04T17:00:00+00:00,cow_01,66.05,17.8,42.2,0.1983,520,38.74,20.33,16.72,1.62,5,92.6,20.09,54.5,65.62,19.09,0,14.21,7.4,5.21
2026-09-04T17:00:00+00:00,cow_02,75.45,20.3,39.7,0.2189,613,38.79,15.72,20.97,2.03,4,92.6,20.09,54.5,65.62,19.09,0,14.62,7.68,5.12
2026-09-04T17:00:00+00:00,cow_03,57.87,15.7,44.3,0.1722,458,38.58,22.35,15.15,1.95,6,92.6,20.09,54.5,65.62,19.09,0,17.17,7.34,5.27
2026-09-04T17:00:00+00:00,cow_04,63.09,16.62,43.38,0.1957,508,38.65,18.14,20.12,1.62,4,92.6,20.09,54.5,65.62,19.09,0,15.95,7.48,5.19
2026-09-04T17:00:00+00:00,cow_05,69.66,15.87,44.13,0.1979,544,38.8,16.57,14.06,2.08,4,92.6,20.09,54.5,65.62,19.09,0,18.95,8.07,5.27
2026-09-04T17:00:00+00:00,cow_06,76.21,16.71,43.29,0.2103,606,38.54,20.44,17.99,1.57,6,92.6,20.09,54.5,65.62,19.09,0,15.18,6.88,5.24
2026-09-04T17:00:00+00:00,cow_07,57.68,18.37,41.63,0.1817,469,38.59,18.84,17.29,1.8,4,92.6,20.09,54.5,65.62,19.09,0,17.04,6.83,5.2
2026-09-04T17:00:00+00:00,cow_08,57.86,17.47,42.53,0.1801,443,38.7,21.6,19.34,1.84,5,92.6,20.09,54.5,65.62,19.09,0,17.83,7.7,5.28
2026-09-04T17:00:00+00:00,cow_09,58.31,16.33,43.67,0.1754,463,38.56,16.89,16.45,1.47,5,92.6,20.09,54.5,65.62,19.09,0,16.66,7.52,5.33
2026-09-04T17:00:00+00:00,cow_10,65.82,14.48,45.52,0.2006,536,38.75,17.6,18.27,1.6,4,92.6,20.09,54.5,65.62,19.09,0,18.31,8.31,5.29
2026-09-04T17:00:00+00:00,cow_11,74.14,13.8,46.2,0.1965,608,38.47,21.24,18.03,1.97,5,92.6,20.09,54.5,65.62,19.09,0,17.18,7.51,5.01
2026-09-04T17:00:00+00:00,cow_12,52.73,16.56,43.44,0.1694,389,38.55,21.34,19.38,1.69,6,92.6,20.09,54.5,65.62,19.09,0,15.08,7.88,5.19
2026-09-04T17:00:00+00:00,cow_13,65.13,13.43,46.57,0.212,499,38.82,18.81,19.79,1.78,5,92.6,20.09,54.5,65.62,19.09,0,14.3,7.34,5.25
2026-09-04T17:00:00+00:00,cow_14,76.65,17.06,42.94,0.2148,605,38.68,20.63,16.98,1.78,5,92.6,20.09,54.5,65.62,19.09,0,17.18,7.57,5.12
2026-09-04T17:00:00+00:00,cow_15,58.73,15.6,44.4,0.1851,466,38.59,20.58,16.33,1.8,5,92.6,20.09,54.5,65.62,19.09,0,16.83,7.52,5.15
2026-09-04T17:00:00+00:00,cow_16,62.98,18.3,41.7,0.188,515,38.8,18.74,16.32,1.78,4,92.6,20.09,54.5,65.62,19.09,0,14.86,7.01,5.16
2026-09-04T18:00:00+00:00,cow_01,66.95,16.81,43.19,0.1996,527,38.8,18.71,16.87,1.56,5,85.2,19.24,53.0,64.4,18.24,0,0.0,0.0,5.07
2026-09-04T18:00:00+00:00,cow_02,78.67,14.05,45.95,0.2174,622,38.79,13.44,17.85,1.75,3,85.2,19.24,53.0,64.4,18.24,0,0.0,0.0,5.31
2026-09-04T18:00:00+00:00,cow_03,59.25,13.35,46.65,0.2034,481,38.81,16.05,17.39,1.42,4,85.2,19.24,53.0,64.4,18.24,0,0.0,0.0,5.17
2026-09-04T18:00:00+00:00,cow_04,62.83,15.95,44.05,0.1762,489,38.63,17.41,19.78,1.48,4,85.2,19.24,53.0,64.4,18.24,0,0.0,0.0,5.12
2026-09-04T18:00:00+00:00,cow_05,71.4,16.3,43.7,0.2082,594,38.73,14.28,16.54,1.81,3,85.2,19.24,53.0,64.4,18.24,0,0.0,0.0,5.21
2026-09-04T18:00:00+00:00,cow_06,70.2,12.67,47.33,0.2073,568,38.68,19.89,17.93,1.59,5,85.2,19.24,53.0,64.4,18.24,0,0.0,0.0,5.17
2026-09-04T18:00:00+00:00,cow_07,59.72,18.57,41.43,0.1874,459,38.57,19.71,17.2,1.82,5,85.2,19.24,53.0,64.4,18.24,0,0.0,0.0,5.13
2026-09-04T18:00:00+00:00,cow_08,56.0,18.22,41.78,0.1928,453,38.74,20.9,17.75,1.71,5,85.2,19.24,53.0,64.4,18.24,0,0.0,0.0,5.21
2026-09-04T18:00:00+00:00,cow_09,58.36,15.59,44.41,0.1772,468,38.57,16.43,17.27,1.58,4,85.2,19.24,53.0,64.4,18.24,0,0.0,0.0,5.25
2026-09-04T18:00:00+00:00,cow_10,64.43,15.94,44.06,0.2063,543,38.8,15.43,20.08,1.45,4,85.2,19.24,53.0,64.4,18.24,0,0.0,0.0,5.25
2026-09-04T18:00:00+00:00,cow_11,70.56,15.79,44.21,0.2245,576,38.64,19.48,18.88,1.85,5,85.2,19.24,53.0,64.4,18.24,0,0.0,0.0,5.25
2026-09-04T18:00:00+00:00,cow_12,59.44,16.51,43.49,0.1767,494,38.64,20.05,17.84,1.58,5,85.2,19.24,53.0,64.4,18.24,0,0.0,0.0,5.3
2026-09-04T18:00:00+00:00,cow_13,65.82,16.9,43.1,0.2136,529,38.72,19.33,19.78,1.82,5,85.2,19.24,53.0,64.4,18.24,0,0.0,0.0,5.21
2026-09-04T18:00:00+00:00,cow_14,71.75,18.28,41.72,0.1826,577,38.8,19.45,16.94,1.72,6,85.2,19.24,53.0,64.4,18.24,0,0.0,0.0,5.24
2026-09-04T18:00:00+00:00,cow_15,55.56,16.48,43.52,0.1941,432,38.73,18.69,17.77,1.74,4,85.2,19.24,53.0,64.4,18.24,0,0.0,0.0,5.16
2026-09-04T18:00:00+00:00,cow_16,62.25,12.83,47.17,0.2003,469,38.81,15.38,16.32,1.39,3,85.2,19.24,53.0,64.4,18.24,0,0.0,0.0,5.15
2026-09-04T19:00:00+00:00,cow_01,57.05,16.72,43.28,0.1825,453,38.89,18.44,15.22,1.38,5,90.4,19.11,52.4,64.21,18.11,0,0.0,0.0,5.18
2026-09-04T19:00:00+00:00,cow_02,74.31,16.17,43.83,0.2201,599,38.94,16.05,18.86,2.06,4,90.4,19.11,52.4,64.21,18.11,0,0.0,0.0,5.08
2026-09-04T19:00:00+00:00,cow_03,60.73,16.07,43.93,0.1832,473,38.76,17.63,14.65,1.48,4,90.4,19.11,52.4,64.21,18.11,0,0.0,0.0,5.23
2026-09-04T19:00:00+00:00,cow_04,58.81,14.92,45.08,0.1974,460,38.74,20.1,18.09,1.76,5,90.4,19.11,52.4,64.21,18.11,0,0.0,0.0,5.27
2026-09-04T19:00:00+00:00,cow_05,65.57,11.98,48.02,0.1941,511,38.75,16.41,16.44,2.06,4,90.4,19.11,52.4,64.21,18.11,0,0.0,0.0,5.17
2026-09-04T19:00:00+00:00,cow_06,72.24,13.89,46.11,0.1939,578,38.6,21.12,15.43,1.59,6,90.4,19.11,52.4,64.21,18.11,0,0.0,0.0,5.12
2026-09-04T19:00:00+00:00,cow_07,56.85,15.43,44.57,0.1688,478,38.68,20.14,14.59,1.85,6,90.4,19.11,52.4,64.21,18.11,0,0.0,0.0,5.29
2026-09-04T19:00:00+00:00,cow_08,62.36,15.76,44.24,0.1954,508,38.74,20.79,20.17,1.82,4,90.4,19.11,52.4,64.21,18.11,0,0.0,0.0,5.26
2026-09-04T19:00:00+00:00,cow_09,58.85,16.11,43.89,0.1796,480,38.65,17.34,16.97,1.58,5,90.4,19.11,52.4,64.21,18.11,0,0.0,0.0,5.19
2026-09-04T19:00:00+00:00,cow_10,62.1,14.14,45.86,0.193,508,38.69,18.27,19.08,1.7,5,90.4,19.11,52.4,64.21,18.11,0,0.0,0.0,5.2
2026-09-04T19:00:00+00:00,cow_11,73.01,16.47,43.53,0.2113,595,38.57,21.25,17.34,2.04,5,90.4,19.11,52.4,64.21,18.11,0,0.0,0.0,5.17
2026-09-04T19:00:00+00:00,cow_12,57.51,14.93,45.07,0.1907,455,38.7,20.57,18.15,1.58,5,90.4,19.11,52.4,64.21,18.11,0,0.0,0.0,5.2
2026-09-04T19:00:00+00:00,cow_13,63.03,17.14,42.86,0.1869,513,38.78,19.95,17.64,1.76,5,90.4,19.11,52.4,64.21,18.11,0,0.0,0.0,5.35
2026-09-04T19:00:00+00:00,cow_14,72.36,19.25,40.75,0.2124,573,38.84,21.19,16.63,1.88,5,90.4,19.11,52.4,64.21,18.11,0,0.0,0.0,5.04
2026-09-04T19:00:00+00:00,cow_15,59.59,16.29,43.71,0.2056,483,38.59,20.66,17.66,1.97,5,90.4,19.11,52.4,64.21,18.11,0,0.0,0.0,5.19
2026-09-04T19:00:00+00:00,cow_16,60.3,16.44,43.56,0.173,494,38.85,17.61,15.79,1.79,5,90.4,19.11,52.4,64.21,18.11,0,0.0,0.0,5.15
2026-09-04T20:00:00+00:00,cow_01,50.99,27.1,32.9,0.1618,434,38.69,8.13,14.42,0.67,2,86.8,17.76,51.1,62.37,16.76,0,0.0,0.0,5.12
2026-09-04T20:00:00+00:00,cow_02,54.02,22.58,37.42,0.178,446,38.91,6.14,19.78,0.86,1,86.8,17.76,51.1,62.37,16.76,0,0.0,0.0,5.14
2026-09-04T20:00:00+00:00,cow_03,49.78,21.5,38.5,0.1718,374,38.67,9.6,17.69,0.83,3,86.8,17.76,51.1,62.37,16.76,0,0.0,0.0,5.07
2026-09-04T20:00:00+00:00,cow_04,43.2,25.7,34.3,0.1573,344,38.77,8.77,17.08,0.77,3,86.8,17.76,51.1,62.37,16.76,0,0.0,0.0,5.15
2026-09-04T20:00:00+00:00,cow_05,50.55,21.16,38.84,0.1779,382,38.63,6.94,16.98,0.87,1,86.8,17.76,51.1,62.37,16.76,0,0.0,0.0,5.19
2026-09-04T20:00:00+00:00,cow_06,58.93,21.35,38.65,0.1918,454,38.57,9.0,19.13,0.73,1,86.8,17.76,51.1,62.37,16.76,0,0.0,0.0,5.17
2026-09-04T20:00:00+00:00,cow_07,43.15,25.31,34.69,0.1385,325,38.64,8.03,14.3,0.76,2,86.8,17.76,51.1,62.37,16.76,0,0.0,0.0,5.12
2026-09-04T20:00:00+00:00,cow_08,45.44,23.35,36.65,0.1613,336,38.75,8.41,18.24,0.74,2,86.8,17.76,51.1,62.37,16.76,0,0.0,0.0,5.37
2026-09-04T20:00:00+00:00,cow_09,42.75,16.88,43.12,0.1366,324,38.78,7.12,18.28,0.71,1,86.8,17.76,51.1,62.37,16.76,0,0.0,0.0,5.06
2026-09-04T20:00:00+00:00,cow_10,49.31,18.9,41.1,0.1785,392,38.79,6.95,19.14,0.64,2,86.8,17.76,51.1,62.37,16.76,0,0.0,0.0,5.2
2026-09-04T20:00:00+00:00,cow_11,50.91,21.25,38.75,0.1933,412,38.66,7.54,17.1,0.64,1,86.8,17.76,51.1,62.37,16.76,0,0.0,0.0,5.07
2026-09-04T20:00:00+00:00,cow_12,43.77,22.07,37.93,0.1675,345,38.51,9.09,15.51,0.73,2,86.8,17.76,51.1,62.37,16.76,0,0.0,0.0,5.22
2026-09-04T20:00:00+00:00,cow_13,43.37,23.61,36.39,0.1584,341,38.73,9.83,17.98,0.9,2,86.8,17.76,51.1,62.37,16.76,0,0.0,0.0,5.5
2026-09-04T20:00:00+00:00,cow_14,53.79,23.59,36.41,0.1829,441,38.79,8.07,17.93,0.7,2,86.8,17.76,51.1,62.37,16.76,0,0.0,0.0,5.14
2026-09-04T20:00:00+00:00,cow_15,38.75,22.26,37.74,0.1558,329,38.61,7.81,14.94,0.71,2,86.8,17.76,51.1,62.37,16.76,0,0.0,0.0,5.05
2026-09-04T20:00:00+00:00,cow_16,48.66,21.78,38.22,0.1656,398,38.83,8.29,16.38,0.8,1,86.8,17.76,51.1,62.37,16.76,0,0.0,0.0,5.28
2026-09-04T21:00:00+00:00,cow_01,48.49,26.13,33.87,0.1618,399,38.84,8.09,14.88,0.62,1,88.2,16.62,53.1,60.91,15.62,0,0.0,0.0,5.22
2026-09-04T21:00:00+00:00,cow_02,55.92,24.04,35.96,0.1857,453,38.8,6.46,17.74,0.81,2,88.2,16.62,53.1,60.91,15.62,0,0.0,0.0,5.14
2026-09-04T21:00:00+00:00,cow_03,47.06,20.78,39.22,0.1669,378,38.72,8.74,17.97,0.66,3,88.2,16.62,53.1,60.91,15.62,0,0.0,0.0,5.32
2026-09-04T21:00:00+00:00,cow_04,43.03,22.64,37.36,0.1485,314,38.67,7.1,18.21,0.56,1,88.2,16.62,53.1,60.91,15.62,0,0.0,0.0,5.2
2026-09-04T21:00:00+00:00,cow_05,49.55,21.94,38.06,0.176,432,38.83,7.08,14.83,0.91,2,88.2,16.62,53.1,60.91,15.62,0,0.0,0.0,5.16
2026-09-04T21:00:00+00:00,cow_06,56.89,20.25,39.75,0.18,463,38.61,8.08,17.01,0.58,3,88.2,16.62,53.1,60.91,15.62,0,0.0,0.0,5.12
2026-09-04T21:00:00+00:00,cow_07,43.35,25.84,34.16,0.1485,347,38.63,9.62,15.26,0.84,2,88.2,16.62,53.1,60.91,15.62,0,0.0,0.0,5.09
2026-09-04T21:00:00+00:00,cow_08,48.94,26.32,33.68,0.1695,381,38.87,8.18,20.06,0.65,2,88.2,16.62,53.1,60.91,15.62,0,0.0,0.0,5.26
2026-09-04T21:00:00+00:00,cow_09,45.58,22.73,37.27,0.1515,357,38.62,6.42,18.6,0.48,1,88.2,16.62,53.1,60.91,15.62,0,0.0,0.0,5.16
2026-09-04T21:00:00+00:00,cow_10,40.6,20.14,39.86,0.1593,325,38.84,8.3,19.23,0.78,2,88.2,16.62,53.1,60.91,15.62,0,0.0,0.0,4.99
2026-09-04T21:00:00+00:00,cow_11,50.87,21.99,38.01,0.1777,411,38.55,9.59,20.08,0.94,3,88.2,16.62,53.1,60.91,15.62,0,0.0,0.0,5.16
2026-09-04T21:00:00+00:00,cow_12,45.87,22.82,37.18,0.1677,372,38.62,7.93,17.85,0.68,2,88.2,16.62,53.1,60.91,15.62,0,0.0,0.0,5.27
2026-09-04T21:00:00+00:00,cow_13,48.82,22.0,38.0,0.1818,385,38.89,8.59,19.05,0.73,2,88.2,16.62,53.1,60.91,15.62,0,0.0,0.0,5.18
2026-09-04T21:00:00+00:00,cow_14,50.27,24.19,35.81,0.1624,410,38.83,7.3,19.45,0.63,1,88.2,16.62,53.1,60.91,15.62,0,0.0,0.0,5.26
2026-09-04T21:00:00+00:00,cow_15,41.29,21.29,38.71,0.1503,318,38.64,7.86,14.91,0.75,1,88.2,16.62,53.1,60.91,15.62,0,0.0,0.0,5.11
2026-09-04T21:00:00+00:00,cow_16,48.97,21.05,38.95,0.145,401,38.81,6.78,15.25,0.67,1,88.2,16.62,53.1,60.91,15.62,0,0.0,0.0,5.32
2026-09-04T22:00:00+00:00,cow_01,28.47,40.29,19.71,0.1282,225,38.78,3.5,22.63,0.21,1,93.9,15.66,53.2,59.62,14.66,0,0.0,0.0,5.32
2026-09-04T22:00:00+00:00,cow_02,34.64,35.54,24.46,0.1354,305,38.87,2.6,25.36,0.31,0,93.9,15.66,53.2,59.62,14.66,0,0.0,0.0,5.34
2026-09-04T22:00:00+00:00,cow_03,20.89,35.94,24.06,0.1165,149,38.72,3.24,22.67,0.28,1,93.9,15.66,53.2,59.62,14.66,0,0.0,0.0,5.17
2026-09-04T22:00:00+00:00,cow_04,28.53,32.9,27.1,0.1151,228,38.62,2.67,26.32,0.19,2,93.9,15.66,53.2,59.62,14.66,0,0.0,0.0,5.2
2026-09-04T22:00:00+00:00,cow_05,30.47,33.63,26.37,0.1525,225,38.67,4.0,22.69,0.51,1,93.9,15.66,53.2,59.62,14.66,0,0.0,0.0,5.18
2026-09-04T22:00:00+00:00,cow_06,32.37,31.94,28.06,0.143,274,38.65,2.69,24.24,0.27,1,93.9,15.66,53.2,59.62,14.66,0,0.0,0.0,5.34
2026-09-04T22:00:00+00:00,cow_07,19.05,39.85,20.15,0.1062,151,38.73,1.73,26.01,0.21,1,93.9,15.66,53.2,59.62,14.66,0,0.0,0.0,5.13
2026-09-04T22:00:00+00:00,cow_08,24.28,38.39,21.61,0.1114,210,38.79,2.82,26.82,0.23,1,93.9,15.66,53.2,59.62,14.66,0,0.0,0.0,5.15
2026-09-04T22:00:00+00:00,cow_09,26.42,32.43,27.57,0.1273,191,38.65,3.75,24.79,0.36,1,93.9,15.66,53.2,59.62,14.66,0,0.0,0.0,5.08
2026-09-04T22:00:00+00:00,cow_10,22.85,35.06,24.94,0.1193,162,38.67,2.88,27.46,0.19,1,93.9,15.66,53.2,59.62,14.66,0,0.0,0.0,5.23
2026-09-04T22:00:00+00:00,cow_11,28.44,35.2,24.8,0.1277,201,38.57,4.25,25.43,0.34,1,93.9,15.66,53.2,59.62,14.66,0,0.0,0.0,5.22
2026-09-04T22:00:00+00:00,cow_12,23.74,35.21,24.79,0.1158,180,38.65,1.96,27.28,0.22,0,93.9,15.66,53.2,59.62,14.66,0,0.0,0.0,5.32
2026-09-04T22:00:00+00:00,cow_13,26.22,36.33,23.67,0.1285,207,38.78,0.26,28.04,0.0,1,93.9,15.66,53.2,59.62,14.66,0,0.0,0.0,5.33
2026-09-04T22:00:00+00:00,cow_14,27.93,36.46,23.54,0.1404,216,38.81,2.15,26.29,0.17,1,93.9,15.66,53.2,59.62,14.66,0,0.0,0.0,5.28
2026-09-04T22:00:00+00:00,cow_15,24.6,34.29,25.71,0.1097,190,38.59,1.95,24.65,0.15,0,93.9,15.66,53.2,59.62,14.66,0,0.0,0.0,5.28
2026-09-04T22:00:00+00:00,cow_16,22.68,33.38,26.62,0.1259,201,38.81,0.71,22.88,0.04,1,93.9,15.66,53.2,59.62,14.66,0,0.0,0.0,5.17
2026-09-04T23:00:00+00:00,cow_01,31.55,37.19,22.81,0.1397,293,38.78,2.58,23.48,0.21,0,88.3,15.98,53.3,60.06,14.98,0,0.0,0.0,5.29
2026-09-04T23:00:00+00:00,cow_02,25.71,35.63,24.37,0.1384,200,38.73,2.88,26.4,0.31,1,88.3,15.98,53.3,60.06,14.98,0,0.0,0.0,5.19
2026-09-04T23:00:00+00:00,cow_03,21.59,34.19,25.81,0.1235,167,38.63,2.92,25.62,0.24,1,88.3,15.98,53.3,60.06,14.98,0,0.0,0.0,5.25
2026-09-04T23:00:00+00:00,cow_04,26.53,34.08,25.92,0.1186,205,38.68,4.21,25.73,0.4,1,88.3,15.98,53.3,60.06,14.98,0,0.0,0.0,5.21
2026-09-04T23:00:00+00:00,cow_05,32.1,33.38,26.62,0.1254,248,38.8,2.28,20.61,0.25,1,88.3,15.98,53.3,60.06,14.98,0,0.0,0.0,5.28
2026-09-04T23:00:00+00:00,cow_06,30.26,37.82,22.18,0.1427,238,38.54,1.62,24.64,0.1,1,88.3,15.98,53.3,60.06,14.98,0,0.0,0.0,5.32
2026-09-04T23:00:00+00:00,cow_07,24.99,36.72,23.28,0.1183,218,38.61,3.69,24.04,0.34,1,88.3,15.98,53.3,60.06,14.98,0,0.0,0.0,5.19
2026-09-04T23:00:00+00:00,cow_08,25.2,40.48,19.52,0.1165,197,38.79,3.48,25.88,0.23,1,88.3,15.98,53.3,60.06,14.98,0,0.0,0.0,5.08
2026-09-04T23:00:00+00:00,cow_09,27.09,33.09,26.91,0.1133,209,38.59,1.74,23.96,0.2,0,88.3,15.98,53.3,60.06,14.98,0,0.0,0.0,5.13
2026-09-04T23:00:00+00:00,cow_10,25.49,36.06,23.94,0.1427,173,38.77,2.36,27.52,0.19,0,88.3,15.98,53.3,60.06,14.98,0,0.0,0.0,5.25
2026-09-04T23:00:00+00:00,cow_11,27.54,31.26,28.74,0.1164,229,38.56,3.49,26.64,0.3,1,88.3,15.98,53.3,60.06,14.98,0,0.0,0.0,5.16
2026-09-04T23:00:00+00:00,cow_12,23.23,33.05,26.95,0.1257,201,38.55,4.03,25.48,0.33,0,88.3,15.98,53.3,60.06,14.98,0,0.0,0.0,5.06
2026-09-04T23:00:00+00:00,cow_13,26.2,35.44,24.56,0.1204,234,38.81,1.64,26.96,0.27,0,88.3,15.98,53.3,60.06,14.98,0,0.0,0.0,5.24
2026-09-04T23:00:00+00:00,cow_14,28.57,38.48,21.52,0.1441,222,38.78,4.89,24.64,0.47,1,88.3,15.98,53.3,60.06,14.98,0,0.0,0.0,5.2
2026-09-04T23:00:00+00:00,cow_15,22.88,33.88,26.12,0.1332,181,38.64,4.08,24.5,0.35,1,88.3,15.98,53.3,60.06,14.98,0,0.0,0.0,5.14
2026-09-04T23:00:00+00:00,cow_16,27.67,33.06,26.94,0.1366,205,38.82,2.21,23.66,0.27,1,88.3,15.98,53.3,60.06,14.98,0,0.0,0.0,5.32
2026-09-05T00:00:00+00:00,cow_01,29.14,34.79,25.21,0.1291,219,38.73,1.99,22.48,0.21,0,88.9,15.03,53.8,58.78,14.03,0,0.0,0.0,5.12
2026-09-05T00:00:00+00:00,cow_02,30.23,35.88,24.12,0.1335,232,38.76,3.31,25.9,0.45,1,88.9,15.03,53.8,58.78,14.03,0,0.0,0.0,5.17
2026-09-05T00:00:00+00:00,cow_03,27.83,33.14,26.86,0.1188,203,38.66,3.16,26.07,0.31,1,88.9,15.03,53.8,58.78,14.03,0,0.0,0.0,5.24
2026-09-05T00:00:00+00:00,cow_04,24.51,33.52,26.48,0.1186,170,38.6,2.38,23.06,0.18,1,88.9,15.03,53.8,58.78,14.03,0,0.0,0.0,5.31
2026-09-05T00:00:00+00:00,cow_05,26.99,31.39,28.61,0.1214,207,38.76,3.78,19.96,0.44,0,88.9,15.03,53.8,58.78,14.03,0,0.0,0.0,5.2
2026-09-05T00:00:00+00:00,cow_06,28.99,34.65,25.35,0.1388,240,38.47,2.58,22.21,0.28,0,88.9,15.03,53.8,58.78,14.03,0,0.0,0.0,5.09
2026-09-05T00:00:00+00:00,cow_07,22.04,38.8,21.2,0.127,195,38.61,2.25,24.29,0.24,1,88.9,15.03,53.8,58.78,14.03,0,0.0,0.0,5.26
2026-09-05T00:00:00+00:00,cow_08,23.2,38.89,21.11,0.1014,206,38.73,4.23,26.18,0.38,1,88.9,15.03,53.8,58.78,14.03,0,0.0,0.0,5.15
2026-09-05T00:00:00+00:00,cow_09,25.08,35.24,24.76,0.143,211,38.48,0.88,25.3,0.03,1,88.9,15.03,53.8,58.78,14.03,0,0.0,0.0,5.21
2026-09-05T00:00:00+00:00,cow_10,29.54,34.7,25.3,0.1329,267,38.73,2.68,25.59,0.19,1,88.9,15.03,53.8,58.78,14.03,0,0.0,0.0,5.08
2026-09-05T00:00:00+00:00,cow_11,29.09,34.54,25.46,0.1422,227,38.67,4.0,25.81,0.43,1,88.9,15.03,53.8,58.78,14.03,0,0.0,0.0,5.22
2026-09-05T00:00:00+00:00,cow_12,22.85,32.68,27.32,0.1265,182,38.56,2.74,24.26,0.3,1,88.9,15.03,53.8,58.78,14.03,0,0.0,0.0,5.18
2026-09-05T00:00:00+00:00,cow_13,22.56,36.36,23.64,0.1298,180,38.68,4.22,26.49,0.35,1,88.9,15.03,53.8,58.78,14.03,0,0.0,0.0,5.23
2026-09-05T00:00:00+00:00,cow_14,28.95,32.33,27.67,0.1346,245,38.65,4.25,25.61,0.4,1,88.9,15.03,53.8,58.78,14.03,0,0.0,0.0,5.22
2026-09-05T00:00:00+00:00,cow_15,24.21,32.56,27.44,0.1325,188,38.52,1.9,22.94,0.17,0,88.9,15.03,53.8,58.78,14.03,0,0.0,0.0,5.18
2026-09-05T00:00:00+00:00,cow_16,27.6,37.13,22.87,0.1169,243,38.79,1.31,21.67,0.14,0,88.9,15.03,53.8,58.78,14.03,0,0.0,0.0,5.19
2026-09-05T01:00:00+00:00,cow_01,24.68,37.25,22.75,0.1233,212,38.64,4.03,22.33,0.29,0,90.4,14.83,55.7,58.52,13.83,0,0.0,0.0,5.26
2026-09-05T01:00:00+00:00,cow_02,30.29,36.51,23.49,0.1255,237,38.68,1.95,26.62,0.18,2,90.4,14.83,55.7,58.52,13.83,0,0.0,0.0,5.09
2026-09-05T01:00:00+00:00,cow_03,25.15,30.57,29.43,0.1053,202,38.59,3.77,24.67,0.32,0,90.4,14.83,55.7,58.52,13.83,0,0.0,0.0,5.32
2026-09-05T01:00:00+00:00,cow_04,26.65,32.15,27.85,0.1283,215,38.58,3.22,27.31,0.27,1,90.4,14.83,55.7,58.52,13.83,0,0.0,0.0,5.32
2026-09-05T01:00:00+00:00,cow_05,30.65,32.35,27.65,0.1189,250,38.71,0.0,22.29,0.0,0,90.4,14.83,55.7,58.52,13.83,0,0.0,0.0,5.13
2026-09-05T01:00:00+00:00,cow_06,29.84,36.2,23.8,0.1293,253,38.48,3.41,24.24,0.28,1,90.4,14.83,55.7,58.52,13.83,0,0.0,0.0,5.25
2026-09-05T01:00:00+00:00,cow_07,16.98,36.36,23.64,0.1147,105,38.54,2.58,22.48,0.2,1,90.4,14.83,55.7,58.52,13.83,0,0.0,0.0,5.28
2026-09-05T01:00:00+00:00,cow_08,22.33,38.07,21.93,0.1129,142,38.73,3.82,28.19,0.28,0,90.4,14.83,55.7,58.52,13.83,0,0.0,0.0,5.2
2026-09-05T01:00:00+00:00,cow_09,25.95,33.55,26.45,0.1296,224,38.47,2.11,25.89,0.19,0,90.4,14.83,55.7,58.52,13.83,0,0.0,0.0,5.15
2026-09-05T01:00:00+00:00,cow_10,23.89,34.47,25.53,0.114,195,38.61,0.04,26.78,0.01,0,90.4,14.83,55.7,58.52,13.83,0,0.0,0.0,5.15
2026-09-05T01:00:00+00:00,cow_11,27.95,33.94,26.06,0.1455,223,38.51,2.45,23.99,0.28,1,90.4,14.83,55.7,58.52,13.83,0,0.0,0.0,5.26
2026-09-05T01:00:00+00:00,cow_12,23.3,35.39,24.61,0.1309,210,38.57,2.88,23.77,0.23,1,90.4,14.83,55.7,58.52,13.83,0,0.0,0.0,5.26
2026-09-05T01:00:00+00:00,cow_13,29.22,34.11,25.89,0.1536,207,38.73,1.81,24.63,0.15,0,90.4,14.83,55.7,58.52,13.83,0,0.0,0.0,5.19
2026-09-05T01:00:00+00:00,cow_14,29.46,39.09,20.91,0.118,249,38.66,3.76,24.04,0.26,0,90.4,14.83,55.7,58.52,13.83,0,0.0,0.0,5.1
2026-09-05T01:00:00+00:00,cow_15,24.52,34.9,25.1,0.1185,205,38.42,2.79,24.29,0.18,1,90.4,14.83,55.7,58.52,13.83,0,0.0,0.0,5.26
2026-09-05T01:00:00+00:00,cow_16,17.96,36.88,23.12,0.1159,154,38.69,0.52,22.7,0.05,0,90.4,14.83,55.7,58.52,13.83,0,0.0,0.0,5.29
2026-09-05T02:00:00+00:00,cow_01,25.94,38.85,21.15,0.1316,204,38.69,2.28,21.55,0.13,1,85.7,14.8,59.9,58.51,13.8,0,0.0,0.0,5.25
2026-09-05T02:00:00+00:00,cow_02,33.32,36.26,23.74,0.1422,263,38.72,1.6,26.24,0.23,0,85.7,14.8,59.9,58.51,13.8,0,0.0,0.0,5.22
2026-09-05T02:00:00+00:00,cow_03,26.48,32.36,27.64,0.1255,207,38.61,2.39,24.38,0.15,1,85.7,14.8,59.9,58.51,13.8,0,0.0,0.0,5.23
2026-09-05T02:00:00+00:00,cow_04,22.24,36.9,23.1,0.1234,168,38.56,1.95,28.16,0.21,1,85.7,14.8,59.9,58.51,13.8,0,0.0,0.0,5.34
2026-09-05T02:00:00+00:00,cow_05,25.72,33.4,26.6,0.1318,202,38.62,3.0,23.01,0.31,2,85.7,14.8,59.9,58.51,13.8,0,0.0,0.0,5.29
2026-09-05T02:00:00+00:00,cow_06,29.51,32.92,27.08,0.1442,243,38.52,3.09,25.7,0.28,1,85.7,14.8,59.9,58.51,13.8,0,0.0,0.0,5.15
2026-09-05T02:00:00+00:00,cow_07,24.29,41.93,18.07,0.1222,199,38.57,2.08,24.43,0.19,1,85.7,14.8,59.9,58.51,13.8,0,0.0,0.0,5.12
2026-09-05T02:00:00+00:00,cow_08,30.51,38.46,21.54,0.1401,244,38.63,3.57,26.65,0.33,0,85.7,14.8,59.9,58.51,13.8,0,0.0,0.0,5.18
2026-09-05T02:00:00+00:00,cow_09,23.14,34.15,25.85,0.1247,182,38.45,2.52,24.17,0.24,2,85.7,14.8,59.9,58.51,13.8,0,0.0,0.0,5.24
2026-09-05T02:00:00+00:00,cow_10,31.05,33.83,26.17,0.1354,240,38.63,1.72,25.85,0.06,1,85.7,14.8,59.9,58.51,13.8,0,0.0,0.0,5.17
2026-09-05T02:00:00+00:00,cow_11,33.58,33.2,26.8,0.1469,269,38.47,1.62,27.26,0.13,1,85.7,14.8,59.9,58.51,13.8,0,0.0,0.0,5.08
2026-09-05T02:00:00+00:00,cow_12,21.87,35.06,24.94,0.1177,181,38.5,4.5,25.99,0.33,1,85.7,14.8,59.9,58.51,13.8,0,0.0,0.0,5.3
2026-09-05T02:00:00+00:00,cow_13,22.02,35.1,24.9,0.1085,192,38.65,3.0,26.97,0.2,1,85.7,14.8,59.9,58.51,13.8,0,0.0,0.0,5.14
2026-09-05T02:00:00+00:00,cow_14,31.38,35.91,24.09,0.1389,251,38.59,3.97,24.6,0.33,1,85.7,14.8,59.9,58.51,13.8,0,0.0,0.0,5.08
2026-09-05T02:00:00+00:00,cow_15,29.45,31.05,28.95,0.1385,236,38.52,2.65,22.72,0.15,0,85.7,14.8,59.9,58.51,13.8,0,0.0,0.0,5.18
2026-09-05T02:00:00+00:00,cow_16,28.72,32.37,27.63,0.1502,246,38.61,1.04,20.88,0.12,0,85.7,14.8,59.9,58.51,13.8,0,0.0,0.0,5.19
2026-09-05T03:00:00+00:00,cow_01,27.58,38.47,21.53,0.1243,217,38.73,2.13,21.29,0.2,0,89.4,14.42,59.7,57.96,13.42,0,0.0,0.0,5.09
2026-09-05T03:00:00+00:00,cow_02,36.3,35.73,24.27,0.1416,292,38.71,0.35,27.75,0.15,0,89.4,14.42,59.7,57.96,13.42,0,0.0,0.0,5.1
2026-09-05T03:00:00+00:00,cow_03,23.15,33.54,26.46,0.135,180,38.54,1.04,22.46,0.07,1,89.4,14.42,59.7,57.96,13.42,0,0.0,0.0,5.21
2026-09-05T03:00:00+00:00,cow_04,25.05,34.44,25.56,0.1362,191,38.56,1.59,28.69,0.1,0,89.4,14.42,59.7,57.96,13.42,0,0.0,0.0,5.24
2026-09-05T03:00:00+00:00,cow_05,28.51,32.73,27.27,0.1336,211,38.67,3.06,23.62,0.36,1,89.4,14.42,59.7,57.96,13.42,0,0.0,0.0,5.22
2026-09-05T03:00:00+00:00,cow_06,33.03,35.85,24.15,0.1414,241,38.53,3.18,23.51,0.26,0,89.4,14.42,59.7,57.96,13.42,0,0.0,0.0,5.28
2026-09-05T03:00:00+00:00,cow_07,19.72,38.16,21.84,0.1179,173,38.49,3.24,23.44,0.29,1,89.4,14.42,59.7,57.96,13.42,0,0.0,0.0,5.18
2026-09-05T03:00:00+00:00,cow_08,20.51,37.78,22.22,0.1194,160,38.64,2.53,25.93,0.19,0,89.4,14.42,59.7,57.96,13.42,0,0.0,0.0,5.2
2026-09-05T03:00:00+00:00,cow_09,24.86,33.05,26.95,0.1145,177,38.55,1.17,23.31,0.13,0,89.4,14.42,59.7,57.96,13.42,0,0.0,0.0,5.24
2026-09-05T03:00:00+00:00,cow_10,25.13,34.29,25.71,0.1259,196,38.59,3.19,26.39,0.29,1,89.4,14.42,59.7,57.96,13.42,0,0.0,0.0,5.28
2026-09-05T03:00:00+00:00,cow_11,33.86,30.71,29.29,0.15,279,38.37,2.99,27.1,0.24,1,89.4,14.42,59.7,57.96,13.42,0,0.0,0.0,5.27
2026-09-05T03:00:00+00:00,cow_12,21.07,34.29,25.71,0.1209,156,38.4,2.65,26.3,0.24,0,89.4,14.42,59.7,57.96,13.42,0,0.0,0.0,5.25
2026-09-05T03:00:00+00:00,cow_13,23.75,31.84,28.16,0.1191,206,38.66,2.58,26.42,0.21,1,89.4,14.42,59.7,57.96,13.42,0,0.0,0.0,5.11
2026-09-05T03:00:00+00:00,cow_14,28.51,37.09,22.91,0.1178,215,38.6,2.71,24.19,0.19,1,89.4,14.42,59.7,57.96,13.42,0,0.0,0.0,5.13
2026-09-05T03:00:00+00:00,cow_15,23.95,31.95,28.05,0.1235,198,38.35,2.57,24.92,0.32,1,89.4,14.42,59.7,57.96,13.42,0,0.0,0.0,5.2
2026-09-05T03:00:00+00:00,cow_16,30.82,36.58,23.42,0.1293,237,38.69,1.2,23.37,0.13,1,89.4,14.42,59.7,57.96,13.42,0,0.0,0.0,5.18
2026-09-05T04:00:00+00:00,cow_01,23.65,36.96,23.04,0.1278,181,38.55,1.24,20.72,0.0,0,86.0,14.72,62.5,58.39,13.72,0,0.0,0.0,4.99
2026-09-05T04:00:00+00:00,cow_02,31.9,36.95,23.05,0.1364,256,38.57,2.18,27.68,0.35,1,86.0,14.72,62.5,58.39,13.72,0,0.0,0.0,5.32
2026-09-05T04:00:00+00:00,cow_03,22.71,34.37,25.63,0.1259,171,38.42,2.01,22.92,0.11,1,86.0,14.72,62.5,58.39,13.72,0,0.0,0.0,5.2
2026-09-05T04:00:00+00:00,cow_04,24.4,35.41,24.59,0.122,207,38.45,1.58,26.33,0.24,1,86.0,14.72,62.5,58.39,13.72,0,0.0,0.0,5.29
2026-09-05T04:00:00+00:00,cow_05,24.88,32.45,27.55,0.133,230,38.47,2.81,23.27,0.38,0,86.0,14.72,62.5,58.39,13.72,0,0.0,0.0,5.22
2026-09-05T04:00:00+00:00,cow_06,31.29,34.38,25.62,0.1295,238,38.43,1.85,23.46,0.13,1,86.0,14.72,62.5,58.39,13.72,0,0.0,0.0,5.28
2026-09-05T04:00:00+00:00,cow_07,20.41,36.55,23.45,0.1129,136,38.48,0.51,24.32,0.1,0,86.0,14.72,62.5,58.39,13.72,0,0.0,0.0,5.05
2026-09-05T04:00:00+00:00,cow_08,24.99,37.73,22.27,0.113,208,38.65,4.03,26.63,0.35,2,86.0,14.72,62.5,58.39,13.72,0,0.0,0.0,5.37
2026-09-05T04:00:00+00:00,cow_09,26.58,32.8,27.2,0.1279,209,38.42,1.39,24.32,0.15,1,86.0,14.72,62.5,58.39,13.72,0,0.0,0.0,5.12
2026-09-05T04:00:00+00:00,cow_10,26.86,36.59,23.41,0.1238,218,38.45,2.31,26.67,0.22,1,86.0,14.72,62.5,58.39,13.72,0,0.0,0.0,5.18
2026-09-05T04:00:00+00:00,cow_11,32.84,32.02,27.98,0.1535,265,38.37,1.2,24.51,0.13,0,86.0,14.72,62.5,58.39,13.72,0,0.0,0.0,5.28
2026-09-05T04:00:00+00:00,cow_12,24.47,32.36,27.64,0.1317,193,38.41,3.72,23.67,0.24,1,86.0,14.72,62.5,58.39,13.72,0,0.0,0.0,5.06
2026-09-05T04:00:00+00:00,cow_13,24.32,35.73,24.27,0.1227,173,38.6,2.08,26.08,0.36,1,86.0,14.72,62.5,58.39,13.72,0,0.0,0.0,5.18
2026-09-05T04:00:00+00:00,cow_14,31.62,36.98,23.02,0.1317,257,38.57,3.52,26.27,0.37,1,86.0,14.72,62.5,58.39,13.72,0,0.0,0.0,5.28
2026-09-05T04:00:00+00:00,cow_15,26.29,33.75,26.25,0.1115,217,38.45,1.68,23.02,0.15,1,86.0,14.72,62.5,58.39,13.72,0,0.0,0.0,5.16
2026-09-05T04:00:00+00:00,cow_16,25.44,35.65,24.35,0.1057,204,38.58,0.42,22.74,0.06,0,86.0,14.72,62.5,58.39,13.72,0,0.0,0.0,5.25
2026-09-05T05:00:00+00:00,cow_01,50.2,27.04,32.96,0.1732,399,38.52,8.07,15.33,0.68,2,92.8,15.65,61.5,59.72,14.65,0,0.0,0.0,5.26
2026-09-05T05:00:00+00:00,cow_02,52.96,25.9,34.1,0.1711,407,38.53,9.23,18.96,1.19,2,92.8,15.65,61.5,59.72,14.65,0,0.0,0.0,5.19
2026-09-05T05:00:00+00:00,cow_03,42.96,21.99,38.01,0.1681,348,38.38,7.9,16.47,0.69,3,92.8,15.65,61.5,59.72,14.65,0,0.0,0.0,5.19
2026-09-05T05:00:00+00:00,cow_04,44.01,24.95,35.05,0.168,360,38.55,8.53,16.25,0.77,1,92.8,15.65,61.5,59.72,14.65,0,0.0,0.0,5.24
2026-09-05T05:00:00+00:00,cow_05,47.19,20.42,39.58,0.1613,366,38.51,8.22,14.72,1.07,2,92.8,15.65,61.5,59.72,14.65,0,0.0,0.0,5.18
2026-09-05T05:00:00+00:00,cow_06,55.74,20.85,39.15,0.1672,453,38.43,8.63,16.62,0.67,2,92.8,15.65,61.5,59.72,14.65,0,0.0,0.0,5.22
2026-09-05T05:00:00+00:00,cow_07,36.23,23.62,36.38,0.1368,292,38.43,9.28,16.93,0.78,3,92.8,15.65,61.5,59.72,14.65,0,0.0,0.0,5.3
2026-09-05T05:00:00+00:00,cow_08,41.81,26.0,34.0,0.1493,336,38.63,11.6,20.0,1.01,3,92.8,15.65,61.5,59.72,14.65,0,0.0,0.0,5.21
2026-09-05T05:00:00+00:00,cow_09,46.82,21.76,38.24,0.1554,350,38.38,7.89,16.18,0.79,2,92.8,15.65,61.5,59.72,14.65,0,0.0,0.0,5.19
2026-09-05T05:00:00+00:00,cow_10,47.67,21.71,38.29,0.1682,398,38.45,7.59,18.92,0.71,2,92.8,15.65,61.5,59.72,14.65,0,0.0,0.0,5.2
2026-09-05T05:00:00+00:00,cow_11,55.56,22.92,37.08,0.175,448,38.33,8.97,17.92,0.86,2,92.8,15.65,61.5,59.72,14.65,0,0.0,0.0,5.23
2026-09-05T05:00:00+00:00,cow_12,43.14,20.2,39.8,0.158,346,38.39,8.65,16.51,0.71,2,92.8,15.65,61.5,59.72,14.65,0,0.0,0.0,5.21
2026-09-05T05:00:00+00:00,cow_13,46.27,22.44,37.56,0.1588,355,38.59,7.97,19.27,0.74,2,92.8,15.65,61.5,59.72,14.65,0,0.0,0.0,5.1
2026-09-05T05:00:00+00:00,cow_14,59.48,23.72,36.28,0.1933,504,38.55,8.67,17.32,0.72,3,92.8,15.65,61.5,59.72,14.65,0,0.0,0.0,5.25
2026-09-05T05:00:00+00:00,cow_15,41.12,19.85,40.15,0.1408,343,38.36,8.79,15.65,0.73,3,92.8,15.65,61.5,59.72,14.65,0,0.0,0.0,5.2
2026-09-05T05:00:00+00:00,cow_16,48.26,22.27,37.73,0.1645,396,38.61,8.16,15.27,0.83,3,92.8,15.65,61.5,59.72,14.65,0,0.0,0.0,5.19
2026-09-05T06:00:00+00:00,cow_01,63.12,16.02,43.98,0.1636,498,38.68,21.5,14.77,1.7,5,93.5,16.04,64.5,60.32,15.04,0,15.21,7.54,5.38
2026-09-05T06:00:00+00:00,cow_02,76.07,17.03,42.97,0.2168,612,38.53,16.61,17.02,2.14,4,93.5,16.04,64.5,60.32,15.04,0,15.33,6.72,5.14
2026-09-05T06:00:00+00:00,cow_03,56.16,15.57,44.43,0.1718,447,38.49,20.08,16.52,1.69,5,93.5,16.04,64.5,60.32,15.04,0,16.36,6.31,5.25
2026-09-05T06:00:00+00:00,cow_04,62.56,12.68,47.32,0.1878,521,38.32,19.13,18.31,1.64,5,93.5,16.04,64.5,60.32,15.04,0,16.07,7.55,5.09
2026-09-05T06:00:00+00:00,cow_05,69.45,14.36,45.64,0.2259,575,38.59,17.54,17.72,2.18,4,93.5,16.04,64.5,60.32,15.04,0,17.46,7.52,5.16
2026-09-05T06:00:00+00:00,cow_06,74.67,15.94,44.06,0.2319,574,38.29,18.4,16.16,1.39,4,93.5,16.04,64.5,60.32,15.04,0,15.18,7.31,5.21
2026-09-05T06:00:00+00:00,cow_07,55.23,17.48,42.52,0.1737,459,38.39,20.34,16.94,1.75,6,93.5,16.04,64.5,60.32,15.04,0,16.74,6.93,5.14
2026-09-05T06:00:00+00:00,cow_08,58.17,15.34,44.66,0.1677,443,38.42,22.29,18.94,1.97,6,93.5,16.04,64.5,60.32,15.04,0,17.17,8.05,5.18
2026-09-05T06:00:00+00:00,cow_09,57.49,15.19,44.81,0.1774,460,38.34,17.94,18.23,1.63,5,93.5,16.04,64.5,60.32,15.04,0,18.56,7.1,5.22
2026-09-05T06:00:00+00:00,cow_10,65.27,18.86,41.14,0.1979,534,38.48,17.26,18.62,1.54,5,93.5,16.04,64.5,60.32,15.04,0,17.09,8.46,5.18
2026-09-05T06:00:00+00:00,cow_11,73.2,13.56,46.44,0.2142,577,38.33,20.6,19.24,1.92,5,93.5,16.04,64.5,60.32,15.04,0,17.34,7.1,5.35
2026-09-05T06:00:00+00:00,cow_12,60.19,16.09,43.91,0.1924,495,38.34,22.26,18.07,1.71,6,93.5,16.04,64.5,60.32,15.04,0,14.0,7.25,5.35
2026-09-05T06:00:00+00:00,cow_13,60.12,17.04,42.96,0.1808,462,38.56,21.84,19.96,1.94,6,93.5,16.04,64.5,60.32,15.04,0,14.28,7.28,5.33
2026-09-05T06:00:00+00:00,cow_14,72.35,17.03,42.97,0.1986,575,38.48,22.83,17.63,1.98,6,93.5,16.04,64.5,60.32,15.04,0,15.66,7.96,5.2
2026-09-05T06:00:00+00:00,cow_15,59.7,13.16,46.84,0.1981,488,38.33,19.03,16.89,1.72,5,93.5,16.04,64.5,60.32,15.04,0,18.08,6.97,5.31
2026-09-05T06:00:00+00:00,cow_16,67.43,16.98,43.02,0.2085,568,38.56,18.64,15.83,1.86,5,93.5,16.04,64.5,60.32,15.04,0,15.39,7.29,5.08
2026-09-05T07:00:00+00:00,cow_01,68.44,17.04,42.96,0.2056,555,38.55,19.09,16.95,1.54,4,94.7,17.56,64.3,62.51,16.56,0,0.0,0.0,5.14
2026-09-05T07:00:00+00:00,cow_02,74.57,14.31,45.69,0.2315,618,38.54,16.11,19.19,2.14,5,94.7,17.56,64.3,62.51,16.56,0,0.0,0.0,5.15
2026-09-05T07:00:00+00:00,cow_03,57.83,17.22,42.78,0.1662,447,38.38,18.4,18.47,1.65,4,94.7,17.56,64.3,62.51,16.56,0,0.0,0.0,5.3
2026-09-05T07:00:00+00:00,cow_04,63.34,15.08,44.92,0.1895,540,38.45,19.72,20.27,1.71,5,94.7,17.56,64.3,62.51,16.56,0,0.0,0.0,5.21
2026-09-05T07:00:00+00:00,cow_05,72.09,11.46,48.54,0.2069,597,38.46,18.96,17.27,2.4,4,94.7,17.56,64.3,62.51,16.56,0,0.0,0.0,5.18
2026-09-05T07:00:00+00:00,cow_06,80.82,18.1,41.9,0.2267,637,38.34,21.35,15.68,1.64,6,94.7,17.56,64.3,62.51,16.56,0,0.0,0.0,5.06
2026-09-05T07:00:00+00:00,cow_07,59.51,19.32,40.68,0.1815,501,38.35,21.39,16.26,1.93,5,94.7,17.56,64.3,62.51,16.56,0,0.0,0.0,5.26
2026-09-05T07:00:00+00:00,cow_08,62.81,17.35,42.65,0.1795,508,38.56,22.73,21.34,1.86,5,94.7,17.56,64.3,62.51,16.56,0,0.0,0.0,5.14
2026-09-05T07:00:00+00:00,cow_09,60.39,13.35,46.65,0.1789,497,38.34,18.91,17.89,1.74,5,94.7,17.56,64.3,62.51,16.56,0,0.0,0.0,5.26
2026-09-05T07:00:00+00:00,cow_10,61.04,12.0,48.0,0.1855,502,38.48,18.06,16.29,1.68,5,94.7,17.56,64.3,62.51,16.56,0,0.0,0.0,5.09
2026-09-05T07:00:00+00:00,cow_11,75.54,14.78,45.22,0.2467,571,38.38,21.66,16.36,1.99,6,94.7,17.56,64.3,62.51,16.56,0,0.0,0.0,5.28
2026-09-05T07:00:00+00:00,cow_12,62.6,17.6,42.4,0.183,517,38.36,21.74,17.69,1.68,5,94.7,17.56,64.3,62.51,16.56,0,0.0,0.0,5.14
2026-09-05T07:00:00+00:00,cow_13,60.85,16.08,43.92,0.1958,483,38.59,20.51,18.71,1.88,5,94.7,17.56,64.3,62.51,16.56,0,0.0,0.0,5.21
2026-09-05T07:00:00+00:00,cow_14,65.8,16.8,43.2,0.1802,508,38.41,20.69,16.74,1.79,6,94.7,17.56,64.3,62.51,16.56,0,0.0,0.0,5.22
2026-09-05T07:00:00+00:00,cow_15,52.5,14.78,45.22,0.1777,415,38.31,20.96,17.55,1.83,5,94.7,17.56,64.3,62.51,16.56,0,0.0,0.0,5.32
2026-09-05T07:00:00+00:00,cow_16,65.63,16.91,43.09,0.2035,549,38.63,17.7,14.46,1.71,6,94.7,17.56,64.3,62.51,16.56,0,0.0,0.0,5.07
2026-09-05T08:00:00+00:00,cow_01,60.03,17.92,42.08,0.1726,479,38.45,19.96,13.43,1.58,5,86.5,17.81,62.6,62.81,16.81,0,0.0,0.0,5.23
2026-09-05T08:00:00+00:00,cow_02,72.29,13.64,46.36,0.2179,576,38.46,15.75,18.75,2.02,4,86.5,17.81,62.6,62.81,16.81,0,0.0,0.0,5.14
2026-09-05T08:00:00+00:00,cow_03,58.64,15.39,44.61,0.2011,448,38.37,18.09,17.69,1.62,4,86.5,17.81,62.6,62.81,16.81,0,0.0,0.0,5.15
2026-09-05T08:00:00+00:00,cow_04,61.16,12.79,47.21,0.1686,528,38.37,17.39,19.29,1.51,5,86.5,17.81,62.6,62.81,16.81,0,0.0,0.0,5.28
2026-09-05T08:00:00+00:00,cow_05,65.89,16.35,43.65,0.2037,532,38.5,13.69,15.32,1.69,3,86.5,17.81,62.6,62.81,16.81,0,0.0,0.0,5.16
2026-09-05T08:00:00+00:00,cow_06,76.23,15.72,44.28,0.2216,603,38.35,19.1,18.31,1.5,5,86.5,17.81,62.6,62.81,16.81,0,0.0,0.0,5.14
2026-09-05T08:00:00+00:00,cow_07,58.13,17.62,42.38,0.1858,457,38.34,19.48,15.6,1.76,5,86.5,17.81,62.6,62.81,16.81,0,0.0,0.0,5.24
2026-09-05T08:00:00+00:00,cow_08,57.8,17.9,42.1,0.2044,472,38.52,22.29,21.74,1.95,5,86.5,17.81,62.6,62.81,16.81,0,0.0,0.0,5.25
2026-09-05T08:00:00+00:00,cow_09,61.98,11.84,48.16,0.2009,492,38.38,16.87,17.36,1.59,5,86.5,17.81,62.6,62.81,16.81,0,0.0,0.0,5.24
2026-09-05T08:00:00+00:00,cow_10,62.16,14.82,45.18,0.1918,515,38.49,15.07,17.61,1.42,4,86.5,17.81,62.6,62.81,16.81,0,0.0,0.0,5.26
2026-09-05T08:00:00+00:00,cow_11,73.24,17.14,42.86,0.2045,607,38.35,19.72,17.25,1.93,4,86.5,17.81,62.6,62.81,16.81,0,0.0,0.0,5.22
2026-09-05T08:00:00+00:00,cow_12,59.16,15.48,44.52,0.1943,459,38.43,19.65,17.78,1.48,5,86.5,17.81,62.6,62.81,16.81,0,0.0,0.0,5.35
2026-09-05T08:00:00+00:00,cow_13,68.44,17.06,42.94,0.1995,547,38.5,17.78,18.72,1.64,4,86.5,17.81,62.6,62.81,16.81,0,0.0,0.0,5.02
2026-09-05T08:00:00+00:00,cow_14,68.97,18.0,42.0,0.187,544,38.45,20.13,17.68,1.78,5,86.5,17.81,62.6,62.81,16.81,0,0.0,0.0,5.12
2026-09-05T08:00:00+00:00,cow_15,59.5,12.01,47.99,0.1949,493,38.43,18.23,15.96,1.67,5,86.5,17.81,62.6,62.81,16.81,0,0.0,0.0,5.27
2026-09-05T08:00:00+00:00,cow_16,63.39,15.11,44.89,0.1931,521,38.46,16.07,16.29,1.51,2,86.5,17.81,62.6,62.81,16.81,0,0.0,0.0,5.32
2026-09-05T09:00:00+00:00,cow_01,64.95,17.75,42.25,0.1813,522,38.47,18.48,16.82,1.58,5,89.1,18.9,62.5,64.36,17.9,0,0.0,0.0,5.13
2026-09-05T09:00:00+00:00,cow_02,75.88,17.66,42.34,0.2228,648,38.48,15.63,21.28,2.11,3,89.1,18.9,62.5,64.36,17.9,0,0.0,0.0,5.2
2026-09-05T09:00:00+00:00,cow_03,64.34,19.23,40.77,0.2028,509,38.35,21.01,18.01,1.79,5,89.1,18.9,62.5,64.36,17.9,0,0.0,0.0,5.22
2026-09-05T09:00:00+00:00,cow_04,61.07,13.9,46.1,0.1838,463,38.47,17.99,19.2,1.62,5,89.1,18.9,62.5,64.36,17.9,0,0.0,0.0,5.19
2026-09-05T09:00:00+00:00,cow_05,69.98,14.55,45.45,0.2184,564,38.46,17.44,17.05,2.15,5,89.1,18.9,62.5,64.36,17.9,0,0.0,0.0,5.23
2026-09-05T09:00:00+00:00,cow_06,74.87,16.8,43.2,0.2091,613,38.32,18.4,15.97,1.44,4,89.1,18.9,62.5,64.36,17.9,0,0.0,0.0,5.33
2026-09-05T09:00:00+00:00,cow_07,60.42,19.26,40.74,0.19,487,38.32,20.72,17.08,1.91,6,89.1,18.9,62.5,64.36,17.9,0,0.0,0.0,5.15
2026-09-05T09:00:00+00:00,cow_08,60.38,17.94,42.06,0.1793,480,38.56,21.28,20.67,1.74,6,89.1,18.9,62.5,64.36,17.9,0,0.0,0.0,5.25
2026-09-05T09:00:00+00:00,cow_09,57.19,13.55,46.45,0.1621,445,38.37,17.39,18.35,1.59,5,89.1,18.9,62.5,64.36,17.9,0,0.0,0.0,5.14
2026-09-05T09:00:00+00:00,cow_10,61.99,15.05,44.95,0.1849,472,38.46,16.3,20.23,1.55,5,89.1,18.9,62.5,64.36,17.9,0,0.0,0.0,5.26
2026-09-05T09:00:00+00:00,cow_11,74.21,13.1,46.9,0.2151,602,38.38,21.45,19.79,1.95,5,89.1,18.9,62.5,64.36,17.9,0,0.0,0.0,5.23
2026-09-05T09:00:00+00:00,cow_12,61.2,15.25,44.75,0.1893,499,38.28,22.69,16.89,1.69,6,89.1,18.9,62.5,64.36,17.9,0,0.0,0.0,5.34
2026-09-05T09:00:00+00:00,cow_13,64.88,16.48,43.52,0.1972,516,38.45,17.3,19.31,1.62,4,89.1,18.9,62.5,64.36,17.9,0,0.0,0.0,5.25
2026-09-05T09:00:00+00:00,cow_14,76.07,17.27,42.73,0.2157,596,38.57,20.99,16.27,1.78,6,89.1,18.9,62.5,64.36,17.9,0,0.0,0.0,5.12
2026-09-05T09:00:00+00:00,cow_15,61.88,10.52,49.48,0.2056,502,38.32,19.37,18.9,1.8,4,89.1,18.9,62.5,64.36,17.9,0,0.0,0.0,5.06
2026-09-05T09:00:00+00:00,cow_16,62.53,15.63,44.37,0.1774,499,38.5,16.8,16.5,1.71,5,89.1,18.9,62.5,64.36,17.9,0,0.0,0.0,5.14
2026-09-05T10:00:00+00:00,cow_01,48.04,23.24,36.76,0.1761,395,38.54,8.44,16.54,0.66,2,93.3,19.9,63.3,65.83,18.9,0,0.0,0.0,5.13
2026-09-05T10:00:00+00:00,cow_02,53.83,21.77,38.23,0.1993,431,38.59,5.68,19.2,0.77,2,93.3,19.9,63.3,65.83,18.9,0,0.0,0.0,5.15
2026-09-05T10:00:00+00:00,cow_03,43.9,20.58,39.42,0.1578,335,38.34,8.54,17.94,0.69,2,93.3,19.9,63.3,65.83,18.9,0,0.0,0.0,5.19
2026-09-05T10:00:00+00:00,cow_04,48.5,18.04,41.96,0.1717,398,38.39,7.73,19.04,0.66,3,93.3,19.9,63.3,65.83,18.9,0,0.0,0.0,5.21
2026-09-05T10:00:00+00:00,cow_05,53.63,21.8,38.2,0.1835,417,38.51,7.16,14.72,0.96,1,93.3,19.9,63.3,65.83,18.9,0,0.0,0.0,5.31
2026-09-05T10:00:00+00:00,cow_06,49.39,22.12,37.88,0.1783,377,38.37,9.07,17.56,0.68,2,93.3,19.9,63.3,65.83,18.9,0,0.0,0.0,5.07
2026-09-05T10:00:00+00:00,cow_07,42.29,26.6,33.4,0.1516,332,38.48,8.53,17.05,0.8,2,93.3,19.9,63.3,65.83,18.9,0,0.0,0.0,5.25
2026-09-05T10:00:00+00:00,cow_08,47.43,26.86,33.14,0.1755,348,38.49,9.01,18.15,0.73,3,93.3,19.9,63.3,65.83,18.9,0,0.0,0.0,5.21
2026-09-05T10:00:00+00:00,cow_09,43.07,21.49,38.51,0.1535,340,38.4,5.92,18.48,0.67,2,93.3,19.9,63.3,65.83,18.9,0,0.0,0.0,5.12
2026-09-05T10:00:00+00:00,cow_10,46.49,23.78,36.22,0.1612,364,38.48,6.01,18.55,0.49,2,93.3,19.9,63.3,65.83,18.9,0,0.0,0.0,5.13
2026-09-05T10:00:00+00:00,cow_11,54.48,21.18,38.82,0.1819,448,38.34,8.45,17.63,0.9,3,93.3,19.9,63.3,65.83,18.9,0,0.0,0.0,5.18
2026-09-05T10:00:00+00:00,cow_12,41.75,20.44,39.56,0.1664,323,38.41,10.12,19.57,0.84,2,93.3,19.9,63.3,65.83,18.9,0,0.0,0.0,5.2
2026-09-05T10:00:00+00:00,cow_13,47.04,22.04,37.96,0.1484,343,38.58,8.44,20.22,0.74,2,93.3,19.9,63.3,65.83,18.9,0,0.0,0.0,5.27
2026-09-05T10:00:00+00:00,cow_14,57.3,24.04,35.96,0.1731,476,38.47,8.53,16.92,0.71,3,93.3,19.9,63.3,65.83,18.9,0,0.0,0.0,5.09
2026-09-05T10:00:00+00:00,cow_15,42.66,21.79,38.21,0.1508,365,38.37,8.16,16.51,0.79,2,93.3,19.9,63.3,65.83,18.9,0,0.0,0.0,5.31
2026-09-05T10:00:00+00:00,cow_16,47.4,23.23,36.77,0.1678,426,38.5,6.3,15.34,0.68,0,93.3,19.9,63.3,65.83,18.9,0,0.0,0.0,5.05
2026-09-05T11:00:00+00:00,cow_01,50.26,25.44,34.56,0.1753,389,38.64,8.44,17.22,0.69,3,86.4,20.31,64.4,66.5,19.31,0,0.0,0.0,5.13
2026-09-05T11:00:00+00:00,cow_02,54.63,25.78,34.22,0.1939,419,38.57,5.85,18.59,0.78,2,86.4,20.31,64.4,66.5,19.31,0,0.0,0.0,5.24
2026-09-05T11:00:00+00:00,cow_03,44.11,22.54,37.46,0.1558,359,38.51,5.6,18.09,0.41,2,86.4,20.31,64.4,66.5,19.31,0,0.0,0.0,5.15
2026-09-05T11:00:00+00:00,cow_04,41.19,23.33,36.67,0.1578,314,38.39,7.3,17.19,0.57,2,86.4,20.31,64.4,66.5,19.31,0,0.0,0.0,5.12
2026-09-05T11:00:00+00:00,cow_05,52.54,23.36,36.64,0.1731,422,38.63,5.51,17.01,0.75,2,86.4,20.31,64.4,66.5,19.31,0,0.0,0.0,5.3
2026-09-05T11:00:00+00:00,cow_06,55.64,21.47,38.53,0.1911,462,38.43,8.16,16.31,0.63,3,86.4,20.31,64.4,66.5,19.31,0,0.0,0.0,5.28
2026-09-05T11:00:00+00:00,cow_07,41.48,25.69,34.31,0.1416,346,38.38,8.84,15.25,0.85,2,86.4,20.31,64.4,66.5,19.31,0,0.0,0.0,5.14
2026-09-05T11:00:00+00:00,cow_08,46.69,24.62,35.38,0.1715,369,38.49,7.84,18.59,0.74,2,86.4,20.31,64.4,66.5,19.31,0,0.0,0.0,5.33
2026-09-05T11:00:00+00:00,cow_09,47.55,21.03,38.97,0.1637,374,38.32,5.28,16.93,0.43,1,86.4,20.31,64.4,66.5,19.31,0,0.0,0.0,5.37
2026-09-05T11:00:00+00:00,cow_10,46.43,22.53,37.47,0.1726,375,38.52,6.25,18.43,0.53,2,86.4,20.31,64.4,66.5,19.31,0,0.0,0.0,5.06
2026-09-05T11:00:00+00:00,cow_11,56.78,19.74,40.26,0.1918,448,38.28,9.06,19.42,0.82,3,86.4,20.31,64.4,66.5,19.31,0,0.0,0.0,5.02
2026-09-05T11:00:00+00:00,cow_12,39.88,24.54,35.46,0.1496,291,38.34,7.69,17.75,0.59,2,86.4,20.31,64.4,66.5,19.31,0,0.0,0.0,5.19
2026-09-05T11:00:00+00:00,cow_13,50.38,23.08,36.92,0.1753,420,38.54,6.72,20.52,0.61,2,86.4,20.31,64.4,66.5,19.31,0,0.0,0.0,5.15
2026-09-05T11:00:00+00:00,cow_14,51.87,25.78,34.22,0.1832,426,38.55,8.92,17.56,0.77,3,86.4,20.31,64.4,66.5,19.31,0,0.0,0.0,5.17
2026-09-05T11:00:00+00:00,cow_15,43.33,20.21,39.79,0.1514,343,38.31,8.78,15.02,0.81,2,86.4,20.31,64.4,66.5,19.31,0,0.0,0.0,5.06
2026-09-05T11:00:00+00:00,cow_16,44.89,23.23,36.77,0.1651,356,38.6,6.75,15.64,0.67,2,86.4,20.31,64.4,66.5,19.31,0,0.0,0.0,5.15
2026-09-05T12:00:00+00:00,cow_01,44.57,24.96,35.04,0.1731,369,38.58,7.83,15.29,0.56,2,92.8,20.84,60.3,67.0,19.84,0,0.0,0.0,5.28
2026-09-05T12:00:00+00:00,cow_02,54.89,23.0,37.0,0.1718,432,38.55,6.59,20.37,0.89,1,92.8,20.84,60.3,67.0,19.84,0,0.0,0.0,5.21
2026-09-05T12:00:00+00:00,cow_03,46.52,20.36,39.64,0.1652,390,38.45,6.23,14.12,0.56,2,92.8,20.84,60.3,67.0,19.84,0,0.0,0.0,5.22
2026-09-05T12:00:00+00:00,cow_04,45.46,20.07,39.93,0.1538,369,38.52,7.78,16.92,0.69,2,92.8,20.84,60.3,67.0,19.84,0,0.0,0.0,5.12
2026-09-05T12:00:00+00:00,cow_05,46.52,21.98,38.02,0.1576,374,38.56,6.04,16.08,0.72,1,92.8,20.84,60.3,67.0,19.84,0,0.0,0.0,5.07
2026-09-05T12:00:00+00:00,cow_06,54.93,24.74,35.26,0.1793,466,38.48,9.23,19.06,0.78,3,92.8,20.84,60.3,67.0,19.84,0,0.0,0.0,5.05
2026-09-05T12:00:00+00:00,cow_07,41.96,24.18,35.82,0.1672,331,38.54,8.76,16.59,0.78,2,92.8,20.84,60.3,67.0,19.84,0,0.0,0.0,5.22
2026-09-05T12:00:00+00:00,cow_08,44.79,24.81,35.19,0.1566,385,38.71,9.01,20.12,0.73,2,92.8,20.84,60.3,67.0,19.84,0,0.0,0.0,5.11
2026-09-05T12:00:00+00:00,cow_09,45.97,22.56,37.44,0.1695,381,38.35,7.33,17.49,0.66,2,92.8,20.84,60.3,67.0,19.84,0,0.0,0.0,5.14
2026-09-05T12:00:00+00:00,cow_10,51.03,23.64,36.36,0.1842,418,38.48,6.62,17.87,0.6,2,92.8,20.84,60.3,67.0,19.84,0,0.0,0.0,5.08
2026-09-05T12:00:00+00:00,cow_11,52.9,21.25,38.75,0.1621,426,38.36,10.22,17.97,0.97,3,92.8,20.84,60.3,67.0,19.84,0,0.0,0.0,5.0
2026-09-05T12:00:00+00:00,cow_12,39.6,23.18,36.82,0.1547,315,38.48,9.76,19.83,0.65,3,92.8,20.84,60.3,67.0,19.84,0,0.0,0.0,5.15
2026-09-05T12:00:00+00:00,cow_13,47.04,24.22,35.78,0.1435,372,38.64,7.96,20.17,0.75,2,92.8,20.84,60.3,67.0,19.84,0,0.0,0.0,5.25
2026-09-05T12:00:00+00:00,cow_14,56.65,25.42,34.58,0.1913,439,38.57,9.47,18.75,0.77,3,92.8,20.84,60.3,67.0,19.84,0,0.0,0.0,5.13
2026-09-05T12:00:00+00:00,cow_15,48.26,20.08,39.92,0.1552,381,38.44,8.93,18.65,0.8,2,92.8,20.84,60.3,67.0,19.84,0,0.0,0.0,5.14
2026-09-05T12:00:00+00:00,cow_16,44.67,20.75,39.25,0.1539,339,38.64,8.85,15.89,0.83,3,92.8,20.84,60.3,67.0,19.84,0,0.0,0.0,5.2
2026-09-05T13:00:00+00:00,cow_01,48.58,25.17,34.83,0.1877,387,38.61,7.77,13.89,0.66,1,92.3,21.79,58.6,68.21,20.79,0,0.0,0.0,5.2
2026-09-05T13:00:00+00:00,cow_02,55.35,27.12,32.88,0.1613,429,38.62,6.51,18.76,0.84,1,92.3,21.79,58.6,68.21,20.79,0,0.0,0.0,5.23
2026-09-05T13:00:00+00:00,cow_03,39.11,21.73,38.27,0.1444,328,38.59,7.87,18.8,0.67,1,92.3,21.79,58.6,68.21,20.79,0,0.0,0.0,5.34
2026-09-05T13:00:00+00:00,cow_04,45.53,22.29,37.71,0.1688,368,38.52,6.67,18.31,0.6,2,92.3,21.79,58.6,68.21,20.79,0,0.0,0.0,5.27
2026-09-05T13:00:00+00:00,cow_05,52.44,19.8,40.2,0.1612,417,38.57,7.49,14.71,0.92,2,92.3,21.79,58.6,68.21,20.79,0,0.0,0.0,5.21
2026-09-05T13:00:00+00:00,cow_06,53.18,22.37,37.63,0.1895,429,38.47,7.92,18.4,0.72,2,92.3,21.79,58.6,68.21,20.79,0,0.0,0.0,5.11
2026-09-05T13:00:00+00:00,cow_07,42.99,26.53,33.47,0.1565,328,38.48,9.2,16.14,0.87,3,92.3,21.79,58.6,68.21,20.79,0,0.0,0.0,5.22
2026-09-05T13:00:00+00:00,cow_08,44.89,26.75,33.25,0.1522,344,38.63,8.93,18.14,0.85,3,92.3,21.79,58.6,68.21,20.79,0,0.0,0.0,5.17
2026-09-05T13:00:00+00:00,cow_09,43.65,21.55,38.45,0.1696,368,38.34,8.08,15.38,0.84,2,92.3,21.79,58.6,68.21,20.79,0,0.0,0.0,5.13
2026-09-05T13:00:00+00:00,cow_10,47.1,21.8,38.2,0.17,392,38.52,8.9,20.64,0.78,2,92.3,21.79,58.6,68.21,20.79,0,0.0,0.0,5.34
2026-09-05T13:00:00+00:00,cow_11,57.44,21.34,38.66,0.1915,504,38.42,8.42,18.51,0.8,2,92.3,21.79,58.6,68.21,20.79,0,0.0,0.0,5.24
2026-09-05T13:00:00+00:00,cow_12,40.05,21.6,38.4,0.1597,294,38.49,7.18,15.87,0.54,2,92.3,21.79,58.6,68.21,20.79,0,0.0,0.0,5.31
2026-09-05T13:00:00+00:00,cow_13,47.12,22.07,37.93,0.1706,363,38.64,7.33,19.17,0.65,1,92.3,21.79,58.6,68.21,20.79,0,0.0,0.0,5.21
2026-09-05T13:00:00+00:00,cow_14,53.81,26.28,33.72,0.1608,429,38.54,9.79,18.3,0.88,2,92.3,21.79,58.6,68.21,20.79,0,0.0,0.0,5.27
2026-09-05T13:00:00+00:00,cow_15,38.58,18.81,41.19,0.1367,308,38.45,5.55,18.22,0.51,1,92.3,21.79,58.6,68.21,20.79,0,0.0,0.0,5.21
2026-09-05T13:00:00+00:00,cow_16,48.72,23.75,36.25,0.1787,369,38.62,6.4,17.69,0.66,3,92.3,21.79,58.6,68.21,20.79,0,0.0,0.0,5.16
2026-09-05T14:00:00+00:00,cow_01,49.49,26.27,33.73,0.1593,396,38.67,8.11,17.91,0.65,2,89.2,21.21,57.9,67.36,20.21,0,0.0,0.0,5.15
2026-09-05T14:00:00+00:00,cow_02,53.8,24.34,35.66,0.1721,427,38.67,6.55,19.58,0.86,2,89.2,21.21,57.9,67.36,20.21,0,0.0,0.0,5.41
2026-09-05T14:00:00+00:00,cow_03,47.98,21.23,38.77,0.1785,368,38.51,8.63,17.95,0.78,2,89.2,21.21,57.9,67.36,20.21,0,0.0,0.0,5.15
2026-09-05T14:00:00+00:00,cow_04,44.56,21.91,38.09,0.1691,352,38.54,6.1,19.69,0.54,0,89.2,21.21,57.9,67.36,20.21,0,0.0,0.0,5.24
2026-09-05T14:00:00+00:00,cow_05,50.48,22.28,37.72,0.1698,391,38.72,8.48,15.35,1.1,2,89.2,21.21,57.9,67.36,20.21,0,0.0,0.0,5.06
2026-09-05T14:00:00+00:00,cow_06,58.23,21.15,38.85,0.1975,476,38.49,8.34,18.01,0.59,3,89.2,21.21,57.9,67.36,20.21,0,0.0,0.0,5.21
2026-09-05T14:00:00+00:00,cow_07,46.29,25.04,34.96,0.1647,374,38.56,10.13,16.1,0.91,3,89.2,21.21,57.9,67.36,20.21,0,0.0,0.0,5.01
2026-09-05T14:00:00+00:00,cow_08,43.57,24.77,35.23,0.1848,352,38.71,7.64,19.03,0.7,3,89.2,21.21,57.9,67.36,20.21,0,0.0,0.0,5.15
2026-09-05T14:00:00+00:00,cow_09,38.88,20.67,39.33,0.1423,299,38.51,7.7,15.6,0.79,3,89.2,21.21,57.9,67.36,20.21,0,0.0,0.0,5.06
2026-09-05T14:00:00+00:00,cow_10,50.65,21.98,38.02,0.1618,383,38.59,6.3,18.89,0.69,1,89.2,21.21,57.9,67.36,20.21,0,0.0,0.0,5.09
2026-09-05T14:00:00+00:00,cow_11,53.53,23.41,36.59,0.1739,438,38.46,8.81,20.21,0.77,2,89.2,21.21,57.9,67.36,20.21,0,0.0,0.0,5.13
2026-09-05T14:00:00+00:00,cow_12,44.05,22.68,37.32,0.1664,351,38.47,9.22,19.98,0.67,2,89.2,21.21,57.9,67.36,20.21,0,0.0,0.0,5.2
2026-09-05T14:00:00+00:00,cow_13,52.06,20.84,39.16,0.1736,403,38.69,6.18,17.83,0.62,2,89.2,21.21,57.9,67.36,20.21,0,0.0,0.0,5.14
2026-09-05T14:00:00+00:00,cow_14,53.3,24.42,35.58,0.1815,395,38.57,7.67,18.15,0.67,3,89.2,21.21,57.9,67.36,20.21,0,0.0,0.0,5.27
2026-09-05T14:00:00+00:00,cow_15,41.54,21.34,38.66,0.1677,353,38.45,7.26,14.11,0.56,2,89.2,21.21,57.9,67.36,20.21,0,0.0,0.0,5.24
2026-09-05T14:00:00+00:00,cow_16,44.3,24.8,35.2,0.1577,345,38.74,8.12,15.57,0.82,2,89.2,21.21,57.9,67.36,20.21,0,0.0,0.0,5.37
2026-09-05T15:00:00+00:00,cow_01,47.64,26.13,33.87,0.1661,386,38.67,7.65,15.78,0.56,2,90.4,21.33,55.3,67.34,20.33,0,0.0,0.0,5.17
2026-09-05T15:00:00+00:00,cow_02,54.68,24.24,35.76,0.1602,434,38.82,5.49,20.96,0.72,1,90.4,21.33,55.3,67.34,20.33,0,0.0,0.0,5.09
2026-09-05T15:00:00+00:00,cow_03,45.26,23.95,36.05,0.1576,360,38.63,8.37,15.25,0.73,3,90.4,21.33,55.3,67.34,20.33,0,0.0,0.0,5.2
2026-09-05T15:00:00+00:00,cow_04,37.38,22.87,37.13,0.1453,271,38.51,8.81,17.76,0.71,2,90.4,21.33,55.3,67.34,20.33,0,0.0,0.0,5.15
2026-09-05T15:00:00+00:00,cow_05,51.73,20.82,39.18,0.1611,406,38.69,7.05,15.48,0.99,2,90.4,21.33,55.3,67.34,20.33,0,0.0,0.0,5.27
2026-09-05T15:00:00+00:00,cow_06,54.52,22.68,37.32,0.1738,447,38.51,8.72,17.36,0.67,4,90.4,21.33,55.3,67.34,20.33,0,0.0,0.0,5.15
2026-09-05T15:00:00+00:00,cow_07,40.86,26.26,33.74,0.1476,322,38.51,8.92,17.23,0.79,3,90.4,21.33,55.3,67.34,20.33,0,0.0,0.0,5.05
2026-09-05T15:00:00+00:00,cow_08,43.19,25.25,34.75,0.146,319,38.71,9.93,20.64,0.82,3,90.4,21.33,55.3,67.34,20.33,0,0.0,0.0,5.25
2026-09-05T15:00:00+00:00,cow_09,46.46,21.31,38.69,0.1456,372,38.45,6.73,16.59,0.61,2,90.4,21.33,55.3,67.34,20.33,0,0.0,0.0,5.26
2026-09-05T15:00:00+00:00,cow_10,46.79,22.83,37.17,0.1644,388,38.64,6.84,18.26,0.62,1,90.4,21.33,55.3,67.34,20.33,0,0.0,0.0,5.13
2026-09-05T15:00:00+00:00,cow_11,56.3,20.22,39.78,0.1781,465,38.47,9.7,17.59,0.85,2,90.4,21.33,55.3,67.34,20.33,0,0.0,0.0,5.31
2026-09-05T15:00:00+00:00,cow_12,40.34,23.72,36.28,0.1426,342,38.63,7.32,16.65,0.62,2,90.4,21.33,55.3,67.34,20.33,0,0.0,0.0,5.26
2026-09-05T15:00:00+00:00,cow_13,45.54,25.43,34.57,0.1632,346,38.7,7.15,20.98,0.61,2,90.4,21.33,55.3,67.34,20.33,0,0.0,0.0,5.16
2026-09-05T15:00:00+00:00,cow_14,51.87,21.65,38.35,0.1794,434,38.61,7.2,18.36,0.55,2,90.4,21.33,55.3,67.34,20.33,0,0.0,0.0,5.13
2026-09-05T15:00:00+00:00,cow_15,39.65,21.79,38.21,0.141,306,38.52,5.93,18.61,0.54,1,90.4,21.33,55.3,67.34,20.33,0,0.0,0.0,5.12
2026-09-05T15:00:00+00:00,cow_16,48.47,23.75,36.25,0.1811,377,38.73,7.6,16.46,0.8,2,90.4,21.33,55.3,67.34,20.33,0,0.0,0.0,5.19
2026-09-05T16:00:00+00:00,cow_01,60.54,18.55,41.45,0.1984,492,38.79,18.86,15.35,1.56,4,87.9,20.79,54.9,66.59,19.79,0,0.0,0.0,5.11
2026-09-05T16:00:00+00:00,cow_02,76.53,16.88,43.12,0.2271,586,38.73,14.05,20.45,1.9,4,87.9,20.79,54.9,66.59,19.79,0,0.0,0.0,5.16
2026-09-05T16:00:00+00:00,cow_03,58.76,14.28,45.72,0.1773,467,38.58,17.16,17.59,1.52,5,87.9,20.79,54.9,66.59,19.79,0,0.0,0.0,5.17
2026-09-05T16:00:00+00:00,cow_04,54.99,16.47,43.53,0.1883,457,38.71,19.57,17.46,1.76,5,87.9,20.79,54.9,66.59,19.79,0,0.0,0.0,5.26
2026-09-05T16:00:00+00:00,cow_05,70.14,12.99,47.01,0.2179,554,38.8,15.41,14.37,1.92,5,87.9,20.79,54.9,66.59,19.79,0,0.0,0.0,5.07
2026-09-05T16:00:00+00:00,cow_06,76.44,18.04,41.96,0.2159,605,38.56,18.49,20.35,1.45,4,87.9,20.79,54.9,66.59,19.79,0,0.0,0.0,5.14
2026-09-05T16:00:00+00:00,cow_07,57.89,15.31,44.69,0.1692,467,38.65,20.38,16.55,1.84,5,87.9,20.79,54.9,66.59,19.79,0,0.0,0.0,5.28
2026-09-05T16:00:00+00:00,cow_08,57.55,16.29,43.71,0.1798,456,38.75,21.29,19.91,1.73,5,87.9,20.79,54.9,66.59,19.79,0,0.0,0.0,5.15
2026-09-05T16:00:00+00:00,cow_09,60.77,13.96,46.04,0.189,488,38.55,18.78,17.79,1.8,5,87.9,20.79,54.9,66.59,19.79,0,0.0,0.0,5.32
2026-09-05T16:00:00+00:00,cow_10,64.58,12.28,47.72,0.2208,517,38.71,14.91,21.35,1.33,4,87.9,20.79,54.9,66.59,19.79,0,0.0,0.0,5.08
2026-09-05T16:00:00+00:00,cow_11,74.29,14.52,45.48,0.1983,593,38.53,20.24,16.12,1.9,4,87.9,20.79,54.9,66.59,19.79,0,0.0,0.0,5.27
2026-09-05T16:00:00+00:00,cow_12,56.91,16.86,43.14,0.1826,456,38.62,19.99,16.63,1.6,4,87.9,20.79,54.9,66.59,19.79,0,0.0,0.0,5.14
2026-09-05T16:00:00+00:00,cow_13,59.47,17.08,42.92,0.177,465,38.68,18.91,18.9,1.74,4,87.9,20.79,54.9,66.59,19.79,0,0.0,0.0,5.15
2026-09-05T16:00:00+00:00,cow_14,75.66,18.33,41.67,0.2094,604,38.79,19.0,15.09,1.64,5,87.9,20.79,54.9,66.59,19.79,0,0.0,0.0,5.14
2026-09-05T16:00:00+00:00,cow_15,59.69,14.97,45.03,0.1814,469,38.5,20.12,16.07,1.78,6,87.9,20.79,54.9,66.59,19.79,0,0.0,0.0,5.18
2026-09-05T16:00:00+00:00,cow_16,58.68,18.2,41.8,0.1917,470,38.74,16.29,15.27,1.57,4,87.9,20.79,54.9,66.59,19.79,0,0.0,0.0,5.19
2026-09-05T17:00:00+00:00,cow_01,66.27,17.36,42.64,0.1803,515,38.78,18.62,14.28,1.41,5,85.6,20.23,54.0,65.78,19.23,0,13.25,7.28,5.07
2026-09-05T17:00:00+00:00,cow_02,74.19,14.94,45.06,0.2065,593,38.73,14.84,18.97,1.94,4,85.6,20.23,54.0,65.78,19.23,0,15.44,7.92,5.3
2026-09-05T17:00:00+00:00,cow_03,61.22,14.25,45.75,0.1863,476,38.65,18.74,16.26,1.63,4,85.6,20.23,54.0,65.78,19.23,0,16.59,7.13,5.16
2026-09-05T17:00:00+00:00,cow_04,58.01,16.0,44.0,0.1835,457,38.68,17.19,19.99,1.43,4,85.6,20.23,54.0,65.78,19.23,0,15.07,6.66,5.17
2026-09-05T17:00:00+00:00,cow_05,71.36,15.6,44.4,0.2163,571,38.69,14.94,17.41,1.97,4,85.6,20.23,54.0,65.78,19.23,0,17.5,7.15,5.31
2026-09-05T17:00:00+00:00,cow_06,74.73,17.32,42.68,0.2062,610,38.61,19.05,15.98,1.42,5,85.6,20.23,54.0,65.78,19.23,0,14.98,7.77,5.21
2026-09-05T17:00:00+00:00,cow_07,59.91,15.16,44.84,0.201,504,38.65,17.91,16.23,1.62,5,85.6,20.23,54.0,65.78,19.23,0,16.2,7.45,5.22
2026-09-05T17:00:00+00:00,cow_08,61.36,16.76,43.24,0.1871,482,38.88,22.21,19.77,1.96,6,85.6,20.23,54.0,65.78,19.23,0,17.81,7.37,5.08
2026-09-05T17:00:00+00:00,cow_09,57.77,13.24,46.76,0.1691,469,38.59,15.58,16.06,1.51,3,85.6,20.23,54.0,65.78,19.23,0,17.43,7.75,5.18
2026-09-05T17:00:00+00:00,cow_10,62.27,15.35,44.65,0.1938,501,38.72,15.9,21.34,1.59,4,85.6,20.23,54.0,65.78,19.23,0,16.32,7.59,5.25
2026-09-05T17:00:00+00:00,cow_11,76.03,15.37,44.63,0.2174,625,38.62,18.55,17.32,1.72,5,85.6,20.23,54.0,65.78,19.23,0,16.93,8.0,5.23
2026-09-05T17:00:00+00:00,cow_12,62.61,16.33,43.67,0.1842,498,38.59,20.76,18.41,1.74,5,85.6,20.23,54.0,65.78,19.23,0,14.52,7.21,5.39
2026-09-05T17:00:00+00:00,cow_13,63.78,13.94,46.06,0.1956,498,38.83,18.93,17.95,1.74,5,85.6,20.23,54.0,65.78,19.23,0,15.15,7.68,5.11
2026-09-05T17:00:00+00:00,cow_14,74.04,16.14,43.86,0.2007,591,38.79,20.77,16.88,1.76,5,85.6,20.23,54.0,65.78,19.23,0,15.38,7.45,5.24
2026-09-05T17:00:00+00:00,cow_15,55.37,16.31,43.69,0.1811,449,38.48,16.35,14.91,1.47,4,85.6,20.23,54.0,65.78,19.23,0,15.99,7.59,5.33
2026-09-05T17:00:00+00:00,cow_16,65.49,14.3,45.7,0.2029,525,38.82,15.89,16.2,1.6,4,85.6,20.23,54.0,65.78,19.23,0,14.81,7.85,5.05
2026-09-05T18:00:00+00:00,cow_01,65.51,17.35,42.65,0.1865,528,38.83,19.5,15.93,1.53,5,94.1,20.53,51.6,66.04,19.53,0,0.0,0.0,5.11
2026-09-05T18:00:00+00:00,cow_02,74.74,18.69,41.31,0.2095,587,38.76,16.05,21.57,2.16,4,94.1,20.53,51.6,66.04,19.53,0,0.0,0.0,5.15
2026-09-05T18:00:00+00:00,cow_03,56.22,13.53,46.47,0.1615,460,38.74,19.47,17.6,1.64,4,94.1,20.53,51.6,66.04,19.53,0,0.0,0.0,5.2
2026-09-05T18:00:00+00:00,cow_04,60.67,17.81,42.19,0.2098,481,38.74,19.67,18.64,1.69,5,94.1,20.53,51.6,66.04,19.53,0,0.0,0.0,5.19
2026-09-05T18:00:00+00:00,cow_05,73.64,14.77,45.23,0.23,575,38.62,16.85,14.57,2.06,5,94.1,20.53,51.6,66.04,19.53,0,0.0,0.0,5.09
2026-09-05T18:00:00+00:00,cow_06,75.62,18.31,41.69,0.2046,601,38.68,20.57,17.57,1.61,5,94.1,20.53,51.6,66.04,19.53,0,0.0,0.0,5.16
2026-09-05T18:00:00+00:00,cow_07,55.49,15.61,44.39,0.1858,434,38.72,22.42,15.24,2.07,7,94.1,20.53,51.6,66.04,19.53,0,0.0,0.0,5.13
2026-09-05T18:00:00+00:00,cow_08,63.69,18.29,41.71,0.2043,498,38.91,22.14,19.87,1.89,6,94.1,20.53,51.6,66.04,19.53,0,0.0,0.0,5.12
2026-09-05T18:00:00+00:00,cow_09,55.54,15.37,44.63,0.1763,438,38.62,16.92,18.4,1.58,5,94.1,20.53,51.6,66.04,19.53,0,0.0,0.0,5.24
2026-09-05T18:00:00+00:00,cow_10,65.86,13.42,46.58,0.2102,530,38.72,16.97,19.14,1.57,5,94.1,20.53,51.6,66.04,19.53,0,0.0,0.0,5.33
2026-09-05T18:00:00+00:00,cow_11,70.79,16.07,43.93,0.2063,583,38.66,22.12,19.05,2.12,6,94.1,20.53,51.6,66.04,19.53,0,0.0,0.0,5.3
2026-09-05T18:00:00+00:00,cow_12,57.55,14.69,45.31,0.1722,457,38.61,22.12,18.54,1.77,5,94.1,20.53,51.6,66.04,19.53,0,0.0,0.0,5.23
2026-09-05T18:00:00+00:00,cow_13,65.48,14.16,45.84,0.2072,514,38.87,20.81,19.15,1.78,6,94.1,20.53,51.6,66.04,19.53,0,0.0,0.0,5.21
2026-09-05T18:00:00+00:00,cow_14,72.54,16.63,43.37,0.2168,592,38.77,22.92,16.54,1.98,6,94.1,20.53,51.6,66.04,19.53,0,0.0,0.0,5.25
2026-09-05T18:00:00+00:00,cow_15,58.54,12.72,47.28,0.1733,465,38.5,20.9,16.55,1.86,5,94.1,20.53,51.6,66.04,19.53,0,0.0,0.0,5.21
2026-09-05T18:00:00+00:00,cow_16,58.35,14.73,45.27,0.1824,462,38.79,19.08,16.77,1.83,4,94.1,20.53,51.6,66.04,19.53,0,0.0,0.0,5.17
2026-09-05T19:00:00+00:00,cow_01,61.45,19.83,40.17,0.1993,513,38.83,16.37,17.81,1.27,4,85.3,19.4,50.1,64.47,18.4,0,0.0,0.0,5.21
2026-09-05T19:00:00+00:00,cow_02,78.85,17.83,42.17,0.231,626,38.79,15.06,19.27,2.01,4,85.3,19.4,50.1,64.47,18.4,0,0.0,0.0,5.25
2026-09-05T19:00:00+00:00,cow_03,54.31,15.09,44.91,0.1767,437,38.65,16.66,17.69,1.43,4,85.3,19.4,50.1,64.47,18.4,0,0.0,0.0,5.15
2026-09-05T19:00:00+00:00,cow_04,63.25,16.75,43.25,0.1968,502,38.75,17.93,18.92,1.59,5,85.3,19.4,50.1,64.47,18.4,0,0.0,0.0,5.1
2026-09-05T19:00:00+00:00,cow_05,66.87,13.28,46.72,0.1853,534,38.81,15.67,14.94,2.05,4,85.3,19.4,50.1,64.47,18.4,0,0.0,0.0,5.23
2026-09-05T19:00:00+00:00,cow_06,77.05,15.11,44.89,0.2393,609,38.72,18.05,17.79,1.35,5,85.3,19.4,50.1,64.47,18.4,0,0.0,0.0,5.16
2026-09-05T19:00:00+00:00,cow_07,58.17,16.28,43.72,0.1941,455,38.76,17.88,15.01,1.67,4,85.3,19.4,50.1,64.47,18.4,0,0.0,0.0,5.2
2026-09-05T19:00:00+00:00,cow_08,59.89,15.48,44.52,0.187,498,38.88,20.91,20.44,1.73,5,85.3,19.4,50.1,64.47,18.4,0,0.0,0.0,5.23
2026-09-05T19:00:00+00:00,cow_09,58.29,14.57,45.43,0.1729,435,38.65,16.94,18.03,1.55,4,85.3,19.4,50.1,64.47,18.4,0,0.0,0.0,5.2
2026-09-05T19:00:00+00:00,cow_10,66.54,14.87,45.13,0.2078,517,38.75,15.43,20.18,1.43,5,85.3,19.4,50.1,64.47,18.4,0,0.0,0.0,5.09
2026-09-05T19:00:00+00:00,cow_11,73.71,15.21,44.79,0.2189,577,38.68,19.88,17.0,1.85,5,85.3,19.4,50.1,64.47,18.4,0,0.0,0.0,5.42
2026-09-05T19:00:00+00:00,cow_12,60.92,15.54,44.46,0.1885,501,38.68,17.27,18.72,1.36,4,85.3,19.4,50.1,64.47,18.4,0,0.0,0.0,5.27
2026-09-05T19:00:00+00:00,cow_13,69.03,16.19,43.81,0.2153,579,38.77,16.86,19.86,1.5,4,85.3,19.4,50.1,64.47,18.4,0,0.0,0.0,5.19
2026-09-05T19:00:00+00:00,cow_14,73.92,16.55,43.45,0.2052,588,38.76,17.65,17.23,1.48,5,85.3,19.4,50.1,64.47,18.4,0,0.0,0.0,5.08
2026-09-05T19:00:00+00:00,cow_15,59.78,14.04,45.96,0.1822,482,38.56,18.99,15.76,1.7,5,85.3,19.4,50.1,64.47,18.4,0,0.0,0.0,5.11
2026-09-05T19:00:00+00:00,cow_16,58.92,16.01,43.99,0.1858,473,38.84,16.13,16.36,1.58,3,85.3,19.4,50.1,64.47,18.4,0,0.0,0.0,5.06
2026-09-05T20:00:00+00:00,cow_01,49.29,21.14,38.86,0.1536,405,38.79,5.38,17.23,0.47,1,88.7,18.77,52.0,63.73,17.77,0,0.0,0.0,5.3
2026-09-05T20:00:00+00:00,cow_02,53.88,22.82,37.18,0.1721,402,38.83,6.96,18.87,0.94,1,88.7,18.77,52.0,63.73,17.77,0,0.0,0.0,5.25
2026-09-05T20:00:00+00:00,cow_03,45.72,20.74,39.26,0.1664,352,38.75,8.4,17.57,0.71,2,88.7,18.77,52.0,63.73,17.77,0,0.0,0.0,5.3
2026-09-05T20:00:00+00:00,cow_04,48.25,21.47,38.53,0.175,406,38.7,9.08,18.83,0.73,2,88.7,18.77,52.0,63.73,17.77,0,0.0,0.0,5.08
2026-09-05T20:00:00+00:00,cow_05,51.38,20.88,39.12,0.1744,431,38.78,6.6,15.34,0.75,2,88.7,18.77,52.0,63.73,17.77,0,0.0,0.0,5.19
2026-09-05T20:00:00+00:00,cow_06,55.14,22.05,37.95,0.1805,421,38.63,7.72,17.21,0.54,2,88.7,18.77,52.0,63.73,17.77,0,0.0,0.0,5.2
2026-09-05T20:00:00+00:00,cow_07,39.31,26.64,33.36,0.1456,309,38.72,9.34,16.07,0.85,3,88.7,18.77,52.0,63.73,17.77,0,0.0,0.0,5.3
2026-09-05T20:00:00+00:00,cow_08,45.18,26.21,33.79,0.1522,338,38.86,8.24,17.99,0.74,2,88.7,18.77,52.0,63.73,17.77,0,0.0,0.0,5.22
2026-09-05T20:00:00+00:00,cow_09,40.21,20.46,39.54,0.1687,311,38.6,7.55,15.67,0.77,2,88.7,18.77,52.0,63.73,17.77,0,0.0,0.0,5.18
2026-09-05T20:00:00+00:00,cow_10,50.38,23.6,36.4,0.1904,396,38.87,7.43,20.74,0.73,2,88.7,18.77,52.0,63.73,17.77,0,0.0,0.0,5.13
2026-09-05T20:00:00+00:00,cow_11,49.85,18.83,41.17,0.1636,417,38.58,8.02,19.14,0.7,3,88.7,18.77,52.0,63.73,17.77,0,0.0,0.0,5.18
2026-09-05T20:00:00+00:00,cow_12,45.51,22.3,37.7,0.1622,380,38.65,10.33,17.01,0.75,2,88.7,18.77,52.0,63.73,17.77,0,0.0,0.0,5.3
2026-09-05T20:00:00+00:00,cow_13,49.23,22.05,37.95,0.1716,409,38.81,6.43,16.97,0.52,2,88.7,18.77,52.0,63.73,17.77,0,0.0,0.0,5.12
2026-09-05T20:00:00+00:00,cow_14,56.0,22.6,37.4,0.1739,420,38.75,8.58,18.69,0.76,3,88.7,18.77,52.0,63.73,17.77,0,0.0,0.0,5.28
2026-09-05T20:00:00+00:00,cow_15,43.39,20.07,39.93,0.1621,369,38.59,8.75,17.27,0.78,3,88.7,18.77,52.0,63.73,17.77,0,0.0,0.0,5.17
2026-09-05T20:00:00+00:00,cow_16,47.12,22.49,37.51,0.1653,390,38.73,7.65,16.48,0.72,2,88.7,18.77,52.0,63.73,17.77,0,0.0,0.0,5.12
2026-09-05T21:00:00+00:00,cow_01,51.91,26.17,33.83,0.1657,400,38.83,8.27,16.96,0.69,2,90.2,16.77,52.5,61.1,15.77,0,0.0,0.0,5.16
2026-09-05T21:00:00+00:00,cow_02,55.46,22.93,37.07,0.1785,443,38.76,7.18,18.98,0.89,2,90.2,16.77,52.5,61.1,15.77,0,0.0,0.0,5.22
2026-09-05T21:00:00+00:00,cow_03,45.12,22.4,37.6,0.1702,380,38.7,6.94,16.81,0.55,3,90.2,16.77,52.5,61.1,15.77,0,0.0,0.0,5.36
2026-09-05T21:00:00+00:00,cow_04,45.86,23.58,36.42,0.1651,372,38.62,7.74,17.58,0.68,2,90.2,16.77,52.5,61.1,15.77,0,0.0,0.0,5.36
2026-09-05T21:00:00+00:00,cow_05,53.77,21.55,38.45,0.1741,455,38.78,7.32,15.63,0.91,2,90.2,16.77,52.5,61.1,15.77,0,0.0,0.0,5.04
2026-09-05T21:00:00+00:00,cow_06,51.07,22.87,37.13,0.1876,413,38.59,7.03,18.11,0.51,2,90.2,16.77,52.5,61.1,15.77,0,0.0,0.0,5.23
2026-09-05T21:00:00+00:00,cow_07,43.75,25.27,34.73,0.1626,348,38.64,7.44,13.76,0.67,3,90.2,16.77,52.5,61.1,15.77,0,0.0,0.0,5.26
2026-09-05T21:00:00+00:00,cow_08,45.53,24.4,35.6,0.1719,362,38.91,8.22,18.2,0.66,1,90.2,16.77,52.5,61.1,15.77,0,0.0,0.0,5.13
2026-09-05T21:00:00+00:00,cow_09,43.67,20.76,39.24,0.12,365,38.52,8.02,16.99,0.85,3,90.2,16.77,52.5,61.1,15.77,0,0.0,0.0,5.16
2026-09-05T21:00:00+00:00,cow_10,45.95,24.49,35.51,0.148,370,38.75,6.56,19.13,0.61,2,90.2,16.77,52.5,61.1,15.77,0,0.0,0.0,5.21
2026-09-05T21:00:00+00:00,cow_11,55.4,21.98,38.02,0.1731,443,38.56,8.07,17.9,0.75,2,90.2,16.77,52.5,61.1,15.77,0,0.0,0.0,5.27
2026-09-05T21:00:00+00:00,cow_12,41.94,22.9,37.1,0.1567,326,38.63,9.99,18.17,0.8,2,90.2,16.77,52.5,61.1,15.77,0,0.0,0.0,5.36
2026-09-05T21:00:00+00:00,cow_13,45.35,19.94,40.06,0.1702,361,38.8,7.79,21.32,0.72,2,90.2,16.77,52.5,61.1,15.77,0,0.0,0.0,5.21
2026-09-05T21:00:00+00:00,cow_14,54.09,26.61,33.39,0.1748,410,38.81,9.22,17.53,0.83,2,90.2,16.77,52.5,61.1,15.77,0,0.0,0.0,5.2
2026-09-05T21:00:00+00:00,cow_15,42.08,20.53,39.47,0.1676,315,38.72,9.21,14.5,0.83,2,90.2,16.77,52.5,61.1,15.77,0,0.0,0.0,5.23
2026-09-05T21:00:00+00:00,cow_16,43.52,22.9,37.1,0.1571,337,38.78,8.07,13.59,0.81,2,90.2,16.77,52.5,61.1,15.77,0,0.0,0.0,5.18
2026-09-05T22:00:00+00:00,cow_01,27.81,37.97,22.03,0.1157,203,38.82,2.6,23.0,0.29,1,87.4,16.27,54.0,60.46,15.27,0,0.0,0.0,5.23
2026-09-05T22:00:00+00:00,cow_02,36.64,35.85,24.15,0.1698,314,38.78,2.79,27.16,0.29,1,87.4,16.27,54.0,60.46,15.27,0,0.0,0.0,5.08
2026-09-05T22:00:00+00:00,cow_03,25.28,34.43,25.57,0.1233,205,38.68,3.27,24.3,0.27,1,87.4,16.27,54.0,60.46,15.27,0,0.0,0.0,5.21
2026-09-05T22:00:00+00:00,cow_04,18.99,33.49,26.51,0.109,154,38.69,0.41,24.52,0.0,0,87.4,16.27,54.0,60.46,15.27,0,0.0,0.0,5.29
2026-09-05T22:00:00+00:00,cow_05,24.3,31.23,28.77,0.1233,180,38.77,2.76,21.08,0.37,1,87.4,16.27,54.0,60.46,15.27,0,0.0,0.0,5.11
2026-09-05T22:00:00+00:00,cow_06,29.86,34.79,25.21,0.1479,263,38.58,1.94,24.29,0.12,1,87.4,16.27,54.0,60.46,15.27,0,0.0,0.0,5.21
2026-09-05T22:00:00+00:00,cow_07,23.54,39.46,20.54,0.124,192,38.67,2.4,22.39,0.31,0,87.4,16.27,54.0,60.46,15.27,0,0.0,0.0,5.33
2026-09-05T22:00:00+00:00,cow_08,25.58,38.03,21.97,0.1316,216,38.9,1.47,26.8,0.19,1,87.4,16.27,54.0,60.46,15.27,0,0.0,0.0,5.24
2026-09-05T22:00:00+00:00,cow_09,27.57,33.05,26.95,0.1057,215,38.69,2.55,22.92,0.3,1,87.4,16.27,54.0,60.46,15.27,0,0.0,0.0,5.21
2026-09-05T22:00:00+00:00,cow_10,27.7,32.41,27.59,0.1262,220,38.8,1.54,26.38,0.21,2,87.4,16.27,54.0,60.46,15.27,0,0.0,0.0,5.13
2026-09-05T22:00:00+00:00,cow_11,30.25,31.08,28.92,0.1343,237,38.64,1.51,24.27,0.22,0,87.4,16.27,54.0,60.46,15.27,0,0.0,0.0,5.22
2026-09-05T22:00:00+00:00,cow_12,24.49,33.32,26.68,0.1162,212,38.65,2.7,25.18,0.23,1,87.4,16.27,54.0,60.46,15.27,0,0.0,0.0,5.3
2026-09-05T22:00:00+00:00,cow_13,25.78,34.92,25.08,0.1336,217,38.87,2.51,26.24,0.21,1,87.4,16.27,54.0,60.46,15.27,0,0.0,0.0,5.19
2026-09-05T22:00:00+00:00,cow_14,35.09,37.43,22.57,0.1336,285,38.83,1.82,23.55,0.15,0,87.4,16.27,54.0,60.46,15.27,0,0.0,0.0,5.09
2026-09-05T22:00:00+00:00,cow_15,19.47,33.03,26.97,0.1222,145,38.59,2.71,22.16,0.29,1,87.4,16.27,54.0,60.46,15.27,0,0.0,0.0,5.24
2026-09-05T22:00:00+00:00,cow_16,26.99,38.51,21.49,0.1183,202,38.89,2.82,22.14,0.25,1,87.4,16.27,54.0,60.46,15.27,0,0.0,0.0,5.18
2026-09-05T23:00:00+00:00,cow_01,29.84,36.84,23.16,0.1391,238,38.84,1.75,22.61,0.06,0,89.4,14.93,54.7,58.65,13.93,0,0.0,0.0,5.25
2026-09-05T23:00:00+00:00,cow_02,26.26,35.92,24.08,0.1374,221,38.74,0.44,28.03,0.12,0,89.4,14.93,54.7,58.65,13.93,0,0.0,0.0,5.14
2026-09-05T23:00:00+00:00,cow_03,23.39,34.09,25.91,0.1344,168,38.57,4.82,23.98,0.43,1,89.4,14.93,54.7,58.65,13.93,0,0.0,0.0,5.24
2026-09-05T23:00:00+00:00,cow_04,26.73,34.47,25.53,0.1455,208,38.65,2.65,26.87,0.24,0,89.4,14.93,54.7,58.65,13.93,0,0.0,0.0,5.23
2026-09-05T23:00:00+00:00,cow_05,27.38,31.37,28.63,0.1296,204,38.68,0.0,24.09,0.03,0,89.4,14.93,54.7,58.65,13.93,0,0.0,0.0,5.15
2026-09-05T23:00:00+00:00,cow_06,23.02,33.02,26.98,0.1286,198,38.62,2.78,25.81,0.2,1,89.4,14.93,54.7,58.65,13.93,0,0.0,0.0,5.17
2026-09-05T23:00:00+00:00,cow_07,21.2,36.98,23.02,0.1075,179,38.6,1.57,24.33,0.16,1,89.4,14.93,54.7,58.65,13.93,0,0.0,0.0,5.24
2026-09-05T23:00:00+00:00,cow_08,22.84,39.04,20.96,0.1224,168,38.73,2.17,29.41,0.16,1,89.4,14.93,54.7,58.65,13.93,0,0.0,0.0,5.16
2026-09-05T23:00:00+00:00,cow_09,26.1,34.67,25.33,0.1365,214,38.64,2.68,25.99,0.17,1,89.4,14.93,54.7,58.65,13.93,0,0.0,0.0,5.22
2026-09-05T23:00:00+00:00,cow_10,23.9,34.81,25.19,0.1081,181,38.62,3.7,26.14,0.45,1,89.4,14.93,54.7,58.65,13.93,0,0.0,0.0,5.24
2026-09-05T23:00:00+00:00,cow_11,28.43,31.77,28.23,0.1364,226,38.49,1.22,24.69,0.2,1,89.4,14.93,54.7,58.65,13.93,0,0.0,0.0,5.22
2026-09-05T23:00:00+00:00,cow_12,24.12,33.99,26.01,0.1141,213,38.68,1.89,25.24,0.13,0,89.4,14.93,54.7,58.65,13.93,0,0.0,0.0,5.29
2026-09-05T23:00:00+00:00,cow_13,22.56,34.96,25.04,0.1279,178,38.82,2.73,28.38,0.17,1,89.4,14.93,54.7,58.65,13.93,0,0.0,0.0,5.19
2026-09-05T23:00:00+00:00,cow_14,22.7,35.79,24.21,0.1127,195,38.69,1.88,25.54,0.08,0,89.4,14.93,54.7,58.65,13.93,0,0.0,0.0,5.17
2026-09-05T23:00:00+00:00,cow_15,19.7,30.57,29.43,0.1212,170,38.6,3.69,24.98,0.23,1,89.4,14.93,54.7,58.65,13.93,0,0.0,0.0,5.16
2026-09-05T23:00:00+00:00,cow_16,23.43,35.72,24.28,0.1049,161,38.81,2.7,22.23,0.22,1,89.4,14.93,54.7,58.65,13.93,0,0.0,0.0,5.25
2026-09-06T00:00:00+00:00,cow_01,21.61,36.11,23.89,0.12,208,39.12,2.74,19.18,0.24,0,93.6,25.64,66.8,74.47,28.14,1,0.0,0.0,5.09
2026-09-06T00:00:00+00:00,cow_02,31.14,35.13,24.87,0.1424,315,39.2,2.45,22.65,0.36,1,93.6,25.64,66.8,74.47,28.14,1,0.0,0.0,5.24
2026-09-06T00:00:00+00:00,cow_03,22.97,30.79,29.21,0.1379,196,38.97,3.21,21.68,0.21,1,93.6,25.64,66.8,74.47,28.14,1,0.0,0.0,5.25
2026-09-06T00:00:00+00:00,cow_04,24.53,34.19,25.81,0.1443,211,39.12,2.92,22.06,0.2,1,93.6,25.64,66.8,74.47,28.14,1,0.0,0.0,5.07
2026-09-06T00:00:00+00:00,cow_05,25.32,30.9,29.1,0.1432,247,39.1,3.72,20.99,0.47,2,93.6,25.64,66.8,74.47,28.14,1,0.0,0.0,5.3
2026-09-06T00:00:00+00:00,cow_06,27.22,33.09,26.91,0.1274,249,38.97,0.93,20.96,0.06,1,93.6,25.64,66.8,74.47,28.14,1,0.0,0.0,5.29
2026-09-06T00:00:00+00:00,cow_07,23.48,39.3,20.7,0.1258,205,39.03,1.24,18.09,0.11,0,93.6,25.64,66.8,74.47,28.14,1,0.0,0.0,5.13
2026-09-06T00:00:00+00:00,cow_08,25.04,37.21,22.79,0.1373,223,39.25,2.57,22.26,0.21,1,93.6,25.64,66.8,74.47,28.14,1,0.0,0.0,5.29
2026-09-06T00:00:00+00:00,cow_09,19.7,32.92,27.08,0.1283,176,39.0,2.72,21.38,0.25,0,93.6,25.64,66.8,74.47,28.14,1,0.0,0.0,5.19
2026-09-06T00:00:00+00:00,cow_10,24.8,36.22,23.78,0.1463,238,38.99,2.99,22.89,0.23,1,93.6,25.64,66.8,74.47,28.14,1,0.0,0.0,5.18
2026-09-06T00:00:00+00:00,cow_11,24.15,33.24,26.76,0.1284,203,39.03,2.78,20.5,0.36,0,93.6,25.64,66.8,74.47,28.14,1,0.0,0.0,5.16
2026-09-06T00:00:00+00:00,cow_12,19.9,36.68,23.32,0.119,167,38.96,0.01,22.08,0.05,0,93.6,25.64,66.8,74.47,28.14,1,0.0,0.0,5.17
2026-09-06T00:00:00+00:00,cow_13,22.77,37.62,22.38,0.1289,203,39.01,1.31,22.75,0.12,1,93.6,25.64,66.8,74.47,28.14,1,0.0,0.0,5.26
2026-09-06T00:00:00+00:00,cow_14,25.94,36.67,23.33,0.1237,222,39.17,0.22,18.99,0.15,0,93.6,25.64,66.8,74.47,28.14,1,0.0,0.0,5.32
2026-09-06T00:00:00+00:00,cow_15,19.29,33.67,26.33,0.1203,172,39.07,2.54,19.26,0.21,0,93.6,25.64,66.8,74.47,28.14,1,0.0,0.0,5.1
2026-09-06T00:00:00+00:00,cow_16,20.26,36.37,23.63,0.1179,192,39.24,0.43,18.78,0.07,0,93.6,25.64,66.8,74.47,28.14,1,0.0,0.0,5.39
2026-09-06T01:00:00+00:00,cow_01,23.56,40.89,19.11,0.1361,179,39.09,2.27,17.33,0.14,0,85.4,25.48,70.9,74.68,27.98,1,0.0,0.0,5.18
2026-09-06T01:00:00+00:00,cow_02,26.4,37.5,22.5,0.1313,234,39.06,2.43,22.62,0.27,1,85.4,25.48,70.9,74.68,27.98,1,0.0,0.0,5.14
2026-09-06T01:00:00+00:00,cow_03,22.3,32.74,27.26,0.1487,201,39.11,0.35,19.69,0.0,0,85.4,25.48,70.9,74.68,27.98,1,0.0,0.0,5.23
2026-09-06T01:00:00+00:00,cow_04,22.17,33.68,26.32,0.119,218,39.13,2.01,23.32,0.18,1,85.4,25.48,70.9,74.68,27.98,1,0.0,0.0,5.11
2026-09-06T01:00:00+00:00,cow_05,25.79,34.06,25.94,0.1246,203,39.13,2.52,17.08,0.27,1,85.4,25.48,70.9,74.68,27.98,1,0.0,0.0,5.19
2026-09-06T01:00:00+00:00,cow_06,23.89,33.62,26.38,0.1408,199,39.07,1.18,21.47,0.07,0,85.4,25.48,70.9,74.68,27.98,1,0.0,0.0,5.16
2026-09-06T01:00:00+00:00,cow_07,20.58,40.17,19.83,0.1365,169,38.95,0.97,19.03,0.13,1,85.4,25.48,70.9,74.68,27.98,1,0.0,0.0,5.16
2026-09-06T01:00:00+00:00,cow_08,24.85,41.79,18.21,0.1334,186,39.14,3.0,23.15,0.28,1,85.4,25.48,70.9,74.68,27.98,1,0.0,0.0,5.1
2026-09-06T01:00:00+00:00,cow_09,20.31,34.92,25.08,0.1139,191,39.0,3.1,20.3,0.21,1,85.4,25.48,70.9,74.68,27.98,1,0.0,0.0,5.37
2026-09-06T01:00:00+00:00,cow_10,21.36,32.31,27.69,0.1142,224,39.14,1.13,22.29,0.09,1,85.4,25.48,70.9,74.68,27.98,1,0.0,0.0,5.12
2026-09-06T01:00:00+00:00,cow_11,26.58,35.15,24.85,0.1502,242,38.87,2.2,21.87,0.13,1,85.4,25.48,70.9,74.68,27.98,1,0.0,0.0,5.22
2026-09-06T01:00:00+00:00,cow_12,16.35,31.01,28.99,0.1212,139,38.87,2.58,21.01,0.22,1,85.4,25.48,70.9,74.68,27.98,1,0.0,0.0,5.19
2026-09-06T01:00:00+00:00,cow_13,20.93,35.16,24.84,0.116,208,39.38,2.56,24.41,0.25,1,85.4,25.48,70.9,74.68,27.98,1,0.0,0.0,5.22
2026-09-06T01:00:00+00:00,cow_14,24.7,35.86,24.14,0.1192,221,38.99,3.49,21.1,0.34,1,85.4,25.48,70.9,74.68,27.98,1,0.0,0.0,5.11
2026-09-06T01:00:00+00:00,cow_15,18.53,33.2,26.8,0.1231,177,38.92,2.02,18.92,0.2,1,85.4,25.48,70.9,74.68,27.98,1,0.0,0.0,5.11
2026-09-06T01:00:00+00:00,cow_16,27.4,36.13,23.87,0.1344,244,39.16,1.11,19.01,0.06,0,85.4,25.48,70.9,74.68,27.98,1,0.0,0.0,5.22
2026-09-06T02:00:00+00:00,cow_01,26.52,39.85,20.15,0.1179,239,39.18,3.84,18.81,0.25,1,86.3,24.77,70.7,73.59,27.27,1,0.0,0.0,5.2
2026-09-06T02:00:00+00:00,cow_02,28.55,36.74,23.26,0.1437,284,39.04,0.6,23.63,0.03,0,86.3,24.77,70.7,73.59,27.27,1,0.0,0.0,5.13
2026-09-06T02:00:00+00:00,cow_03,24.31,33.3,26.7,0.1368,228,38.98,2.75,20.07,0.23,0,86.3,24.77,70.7,73.59,27.27,1,0.0,0.0,5.31
2026-09-06T02:00:00+00:00,cow_04,22.72,33.15,26.85,0.135,218,38.91,1.92,22.48,0.15,1,86.3,24.77,70.7,73.59,27.27,1,0.0,0.0,5.1
2026-09-06T02:00:00+00:00,cow_05,23.05,33.78,26.22,0.1169,182,39.04,1.6,19.75,0.23,0,86.3,24.77,70.7,73.59,27.27,1,0.0,0.0,5.08
2026-09-06T02:00:00+00:00,cow_06,22.69,33.9,26.1,0.1198,203,38.98,3.63,21.2,0.27,0,86.3,24.77,70.7,73.59,27.27,1,0.0,0.0,5.2
2026-09-06T02:00:00+00:00,cow_07,21.45,36.92,23.08,0.1201,196,38.96,1.56,17.76,0.11,1,86.3,24.77,70.7,73.59,27.27,1,0.0,0.0,5.27
2026-09-06T02:00:00+00:00,cow_08,24.09,38.81,21.19,0.1205,211,39.13,2.04,22.27,0.11,0,86.3,24.77,70.7,73.59,27.27,1,0.0,0.0,5.17
2026-09-06T02:00:00+00:00,cow_09,18.87,35.66,24.34,0.1246,204,38.8,2.08,19.9,0.19,2,86.3,24.77,70.7,73.59,27.27,1,0.0,0.0,5.06
2026-09-06T02:00:00+00:00,cow_10,21.44,33.08,26.92,0.1028,214,39.13,2.17,21.09,0.21,1,86.3,24.77,70.7,73.59,27.27,1,0.0,0.0,5.23
2026-09-06T02:00:00+00:00,cow_11,29.41,32.28,27.72,0.1385,276,38.92,2.63,22.51,0.26,1,86.3,24.77,70.7,73.59,27.27,1,0.0,0.0,5.14
2026-09-06T02:00:00+00:00,cow_12,24.23,34.46,25.54,0.1355,221,39.1,2.09,22.15,0.13,0,86.3,24.77,70.7,73.59,27.27,1,0.0,0.0,5.2
2026-09-06T02:00:00+00:00,cow_13,24.13,31.13,28.87,0.1367,196,39.09,2.49,22.73,0.25,1,86.3,24.77,70.7,73.59,27.27,1,0.0,0.0,5.21
2026-09-06T02:00:00+00:00,cow_14,25.29,38.8,21.2,0.1184,242,39.02,1.16,20.56,0.11,0,86.3,24.77,70.7,73.59,27.27,1,0.0,0.0,5.15
2026-09-06T02:00:00+00:00,cow_15,23.14,32.05,27.95,0.1234,206,39.06,2.06,21.57,0.21,1,86.3,24.77,70.7,73.59,27.27,1,0.0,0.0,5.15
2026-09-06T02:00:00+00:00,cow_16,20.53,34.3,25.7,0.1286,183,39.08,1.5,18.05,0.16,0,86.3,24.77,70.7,73.59,27.27,1,0.0,0.0,5.09
2026-09-06T03:00:00+00:00,cow_01,23.24,38.99,21.01,0.1065,221,38.97,3.62,17.94,0.25,1,86.9,25.01,73.7,74.26,27.51,1,0.0,0.0,5.23
2026-09-06T03:00:00+00:00,cow_02,25.21,37.15,22.85,0.1221,249,39.13,0.88,23.93,0.18,0,86.9,25.01,73.7,74.26,27.51,1,0.0,0.0,5.3
2026-09-06T03:00:00+00:00,cow_03,19.71,34.64,25.36,0.1051,185,38.95,3.0,21.76,0.28,1,86.9,25.01,73.7,74.26,27.51,1,0.0,0.0,5.24
2026-09-06T03:00:00+00:00,cow_04,21.27,36.18,23.82,0.1391,191,39.09,2.0,20.72,0.15,1,86.9,25.01,73.7,74.26,27.51,1,0.0,0.0,5.14
2026-09-06T03:00:00+00:00,cow_05,27.49,32.84,27.16,0.1418,236,39.13,2.91,18.06,0.4,0,86.9,25.01,73.7,74.26,27.51,1,0.0,0.0,5.1
2026-09-06T03:00:00+00:00,cow_06,26.56,33.3,26.7,0.148,260,38.95,1.62,20.31,0.13,1,86.9,25.01,73.7,74.26,27.51,1,0.0,0.0,5.16
2026-09-06T03:00:00+00:00,cow_07,21.18,40.42,19.58,0.1309,169,38.93,1.31,20.53,0.15,0,86.9,25.01,73.7,74.26,27.51,1,0.0,0.0,5.18
2026-09-06T03:00:00+00:00,cow_08,22.22,37.97,22.03,0.1133,171,39.18,2.68,23.29,0.27,0,86.9,25.01,73.7,74.26,27.51,1,0.0,0.0,5.06
2026-09-06T03:00:00+00:00,cow_09,21.66,30.72,29.28,0.1279,190,38.83,1.56,17.85,0.12,0,86.9,25.01,73.7,74.26,27.51,1,0.0,0.0,5.24
2026-09-06T03:00:00+00:00,cow_10,24.5,30.11,29.89,0.1217,231,39.06,2.4,20.61,0.24,0,86.9,25.01,73.7,74.26,27.51,1,0.0,0.0,5.14
2026-09-06T03:00:00+00:00,cow_11,28.86,34.89,25.11,0.1594,281,38.87,2.3,21.6,0.29,1,86.9,25.01,73.7,74.26,27.51,1,0.0,0.0,5.18
2026-09-06T03:00:00+00:00,cow_12,18.19,34.87,25.13,0.1078,140,38.89,2.96,22.01,0.22,0,86.9,25.01,73.7,74.26,27.51,1,0.0,0.0,5.11
2026-09-06T03:00:00+00:00,cow_13,22.22,35.87,24.13,0.1361,177,39.11,1.47,20.3,0.15,0,86.9,25.01,73.7,74.26,27.51,1,0.0,0.0,5.19
2026-09-06T03:00:00+00:00,cow_14,26.05,36.77,23.23,0.139,252,39.02,2.72,20.73,0.23,1,86.9,25.01,73.7,74.26,27.51,1,0.0,0.0,5.14
2026-09-06T03:00:00+00:00,cow_15,23.56,35.69,24.31,0.1441,194,38.85,1.08,20.1,0.0,0,86.9,25.01,73.7,74.26,27.51,1,0.0,0.0,5.31
2026-09-06T03:00:00+00:00,cow_16,21.14,34.23,25.77,0.1289,206,39.0,1.57,18.18,0.1,0,86.9,25.01,73.7,74.26,27.51,1,0.0,0.0,5.18
2026-09-06T04:00:00+00:00,cow_01,23.78,41.19,18.81,0.118,206,38.99,0.84,18.89,0.11,1,94.8,25.86,76.5,75.89,28.36,1,0.0,0.0,5.29
2026-09-06T04:00:00+00:00,cow_02,24.55,39.64,20.36,0.1324,199,39.21,1.69,20.3,0.27,0,94.8,25.86,76.5,75.89,28.36,1,0.0,0.0,5.22
2026-09-06T04:00:00+00:00,cow_03,23.24,35.56,24.44,0.1377,239,38.87,1.82,20.21,0.21,0,94.8,25.86,76.5,75.89,28.36,1,0.0,0.0,5.27
2026-09-06T04:00:00+00:00,cow_04,19.56,35.79,24.21,0.1244,145,38.91,0.0,21.98,0.0,0,94.8,25.86,76.5,75.89,28.36,1,0.0,0.0,5.3
2026-09-06T04:00:00+00:00,cow_05,30.34,33.04,26.96,0.1476,279,39.01,1.35,18.45,0.16,0,94.8,25.86,76.5,75.89,28.36,1,0.0,0.0,5.25
2026-09-06T04:00:00+00:00,cow_06,25.45,33.0,27.0,0.1343,217,38.81,1.85,23.08,0.09,0,94.8,25.86,76.5,75.89,28.36,1,0.0,0.0,5.16
2026-09-06T04:00:00+00:00,cow_07,22.79,38.11,21.89,0.1134,228,38.88,2.61,20.61,0.18,1,94.8,25.86,76.5,75.89,28.36,1,0.0,0.0,5.27
2026-09-06T04:00:00+00:00,cow_08,22.43,39.74,20.26,0.1113,188,38.96,2.67,24.85,0.19,1,94.8,25.86,76.5,75.89,28.36,1,0.0,0.0,5.28
2026-09-06T04:00:00+00:00,cow_09,18.87,35.61,24.39,0.1206,168,38.83,2.49,19.72,0.29,1,94.8,25.86,76.5,75.89,28.36,1,0.0,0.0,5.2
2026-09-06T04:00:00+00:00,cow_10,21.23,32.98,27.02,0.1121,189,39.06,0.55,23.15,0.01,0,94.8,25.86,76.5,75.89,28.36,1,0.0,0.0,5.26
2026-09-06T04:00:00+00:00,cow_11,28.72,35.83,24.17,0.1469,263,38.79,2.28,23.63,0.2,1,94.8,25.86,76.5,75.89,28.36,1,0.0,0.0,5.32
2026-09-06T04:00:00+00:00,cow_12,19.15,36.2,23.8,0.1109,180,38.9,2.68,19.07,0.24,1,94.8,25.86,76.5,75.89,28.36,1,0.0,0.0,5.25
2026-09-06T04:00:00+00:00,cow_13,23.43,33.66,26.34,0.1241,212,39.15,1.9,23.85,0.15,0,94.8,25.86,76.5,75.89,28.36,1,0.0,0.0,5.25
2026-09-06T04:00:00+00:00,cow_14,23.28,37.23,22.77,0.1383,220,38.99,2.37,18.17,0.21,1,94.8,25.86,76.5,75.89,28.36,1,0.0,0.0,5.29
2026-09-06T04:00:00+00:00,cow_15,24.23,32.22,27.78,0.1247,209,38.93,1.34,20.61,0.09,0,94.8,25.86,76.5,75.89,28.36,1,0.0,0.0,5.08
2026-09-06T04:00:00+00:00,cow_16,21.93,35.71,24.29,0.1231,207,39.01,2.53,19.3,0.25,0,94.8,25.86,76.5,75.89,28.36,1,0.0,0.0,5.17
2026-09-06T05:00:00+00:00,cow_01,47.76,27.2,32.8,0.1777,421,38.94,6.45,14.02,0.56,2,85.4,26.89,78.4,77.74,29.39,1,0.0,0.0,5.25
2026-09-06T05:00:00+00:00,cow_02,48.25,24.32,35.68,0.1856,427,38.98,6.29,17.69,0.81,1,85.4,26.89,78.4,77.74,29.39,1,0.0,0.0,5.4
2026-09-06T05:00:00+00:00,cow_03,38.83,20.99,39.01,0.1632,358,38.89,5.46,14.25,0.54,2,85.4,26.89,78.4,77.74,29.39,1,0.0,0.0,5.19
2026-09-06T05:00:00+00:00,cow_04,40.04,23.83,36.17,0.1706,360,38.96,7.43,16.93,0.59,1,85.4,26.89,78.4,77.74,29.39,1,0.0,0.0,5.22
2026-09-06T05:00:00+00:00,cow_05,42.9,21.11,38.89,0.1651,391,39.01,6.48,13.39,0.77,2,85.4,26.89,78.4,77.74,29.39,1,0.0,0.0,5.1
2026-09-06T05:00:00+00:00,cow_06,50.52,24.43,35.57,0.1818,451,38.86,6.51,13.93,0.46,2,85.4,26.89,78.4,77.74,29.39,1,0.0,0.0,5.11
2026-09-06T05:00:00+00:00,cow_07,37.33,24.76,35.24,0.1453,321,39.0,6.01,14.75,0.54,0,85.4,26.89,78.4,77.74,29.39,1,0.0,0.0,5.34
2026-09-06T05:00:00+00:00,cow_08,37.87,25.46,34.54,0.146,371,38.96,6.72,15.49,0.56,3,85.4,26.89,78.4,77.74,29.39,1,0.0,0.0,5.34
2026-09-06T05:00:00+00:00,cow_09,39.04,21.95,38.05,0.15,391,38.95,5.93,16.02,0.59,2,85.4,26.89,78.4,77.74,29.39,1,0.0,0.0,5.23
2026-09-06T05:00:00+00:00,cow_10,39.9,24.74,35.26,0.1594,385,38.84,5.63,15.87,0.48,2,85.4,26.89,78.4,77.74,29.39,1,0.0,0.0,5.31
2026-09-06T05:00:00+00:00,cow_11,45.11,20.76,39.24,0.1615,432,38.82,7.35,14.91,0.72,1,85.4,26.89,78.4,77.74,29.39,1,0.0,0.0,5.37
2026-09-06T05:00:00+00:00,cow_12,37.43,21.96,38.04,0.1458,369,38.81,7.97,14.01,0.62,3,85.4,26.89,78.4,77.74,29.39,1,0.0,0.0,5.22
2026-09-06T05:00:00+00:00,cow_13,43.7,22.63,37.37,0.1598,369,39.02,8.48,15.17,0.75,3,85.4,26.89,78.4,77.74,29.39,1,0.0,0.0,5.1
2026-09-06T05:00:00+00:00,cow_14,45.11,25.99,34.01,0.1855,412,38.94,6.41,14.15,0.51,2,85.4,26.89,78.4,77.74,29.39,1,0.0,0.0,5.25
2026-09-06T05:00:00+00:00,cow_15,37.3,21.5,38.5,0.1555,319,38.85,5.99,12.77,0.55,2,85.4,26.89,78.4,77.74,29.39,1,0.0,0.0,5.22
2026-09-06T05:00:00+00:00,cow_16,38.38,22.99,37.01,0.1404,371,38.99,5.13,14.65,0.48,1,85.4,26.89,78.4,77.74,29.39,1,0.0,0.0,5.26
2026-09-06T06:00:00+00:00,cow_01,56.4,18.23,41.77,0.195,500,39.01,15.34,12.44,1.22,5,94.2,27.0,78.4,77.91,29.5,1,12.15,8.08,5.09
2026-09-06T06:00:00+00:00,cow_02,67.95,14.08,45.92,0.2241,626,39.11,13.45,15.74,1.69,5,94.2,27.0,78.4,77.91,29.5,1,13.3,8.08,5.1
2026-09-06T06:00:00+00:00,cow_03,57.01,16.6,43.4,0.1873,523,38.81,15.19,13.37,1.32,5,94.2,27.0,78.4,77.91,29.5,1,15.93,7.42,5.18
2026-09-06T06:00:00+00:00,cow_04,54.4,14.7,45.3,0.1923,484,38.85,16.5,15.0,1.36,5,94.2,27.0,78.4,77.91,29.5,1,12.98,7.97,5.14
2026-09-06T06:00:00+00:00,cow_05,63.38,14.0,46.0,0.2117,592,39.02,15.85,13.5,2.02,5,94.2,27.0,78.4,77.91,29.5,1,15.65,7.2,5.25
2026-09-06T06:00:00+00:00,cow_06,63.45,15.4,44.6,0.1909,572,38.8,16.75,13.8,1.28,5,94.2,27.0,78.4,77.91,29.5,1,14.1,7.95,5.17
2026-09-06T06:00:00+00:00,cow_07,50.31,19.29,40.71,0.181,460,38.91,16.78,13.49,1.51,5,94.2,27.0,78.4,77.91,29.5,1,13.6,7.17,5.25
2026-09-06T06:00:00+00:00,cow_08,51.83,17.46,42.54,0.1998,464,39.16,17.86,16.43,1.42,5,94.2,27.0,78.4,77.91,29.5,1,15.43,7.15,5.22
2026-09-06T06:00:00+00:00,cow_09,52.5,12.93,47.07,0.1975,496,38.85,15.97,14.32,1.46,5,94.2,27.0,78.4,77.91,29.5,1,15.21,7.71,5.14
2026-09-06T06:00:00+00:00,cow_10,58.84,15.8,44.2,0.2092,523,39.01,13.84,13.81,1.23,5,94.2,27.0,78.4,77.91,29.5,1,15.84,7.56,5.04
2026-09-06T06:00:00+00:00,cow_11,62.44,15.79,44.21,0.2064,538,38.86,18.14,17.1,1.61,5,94.2,27.0,78.4,77.91,29.5,1,15.69,8.03,5.13
2026-09-06T06:00:00+00:00,cow_12,51.99,15.22,44.78,0.1799,461,38.88,15.92,14.69,1.2,4,94.2,27.0,78.4,77.91,29.5,1,12.66,7.96,5.08
2026-09-06T06:00:00+00:00,cow_13,58.8,14.57,45.43,0.2023,546,38.86,16.49,16.33,1.44,4,94.2,27.0,78.4,77.91,29.5,1,11.27,7.07,5.13
2026-09-06T06:00:00+00:00,cow_14,66.58,14.0,46.0,0.2207,623,38.8,19.21,14.71,1.7,6,94.2,27.0,78.4,77.91,29.5,1,13.54,7.84,4.97
2026-09-06T06:00:00+00:00,cow_15,53.76,12.54,47.46,0.1894,482,38.76,17.02,13.76,1.54,5,94.2,27.0,78.4,77.91,29.5,1,15.52,7.32,5.26
2026-09-06T06:00:00+00:00,cow_16,53.41,16.31,43.69,0.1927,477,38.97,12.25,14.14,1.2,3,94.2,27.0,78.4,77.91,29.5,1,12.45,7.12,5.2
2026-09-06T07:00:00+00:00,cow_01,61.83,17.54,42.46,0.2098,585,38.96,16.64,12.41,1.29,6,90.6,28.46,80.5,80.52,30.96,1,0.0,0.0,5.14
2026-09-06T07:00:00+00:00,cow_02,62.9,19.26,40.74,0.2213,574,39.05,13.15,17.92,1.65,4,90.6,28.46,80.5,80.52,30.96,1,0.0,0.0,5.29
2026-09-06T07:00:00+00:00,cow_03,48.38,14.0,46.0,0.1688,442,38.75,13.99,16.78,1.21,4,90.6,28.46,80.5,80.52,30.96,1,0.0,0.0,5.23
2026-09-06T07:00:00+00:00,cow_04,54.74,14.3,45.7,0.1938,501,38.76,16.33,15.39,1.41,5,90.6,28.46,80.5,80.52,30.96,1,0.0,0.0,5.33
2026-09-06T07:00:00+00:00,cow_05,58.77,13.09,46.91,0.2015,557,39.02,11.77,13.49,1.33,4,90.6,28.46,80.5,80.52,30.96,1,0.0,0.0,5.29
2026-09-06T07:00:00+00:00,cow_06,65.45,15.4,44.6,0.206,601,38.84,17.33,14.48,1.26,5,90.6,28.46,80.5,80.52,30.96,1,0.0,0.0,5.05
2026-09-06T07:00:00+00:00,cow_07,49.54,17.76,42.24,0.1992,441,38.87,16.34,14.16,1.52,6,90.6,28.46,80.5,80.52,30.96,1,0.0,0.0,5.25
2026-09-06T07:00:00+00:00,cow_08,53.02,17.9,42.1,0.1854,462,39.06,18.45,16.26,1.54,5,90.6,28.46,80.5,80.52,30.96,1,0.0,0.0,5.12
2026-09-06T07:00:00+00:00,cow_09,50.41,14.61,45.39,0.1821,448,38.73,13.22,14.26,1.22,3,90.6,28.46,80.5,80.52,30.96,1,0.0,0.0,5.2
2026-09-06T07:00:00+00:00,cow_10,54.5,17.35,42.65,0.1876,493,38.98,12.05,16.93,1.04,4,90.6,28.46,80.5,80.52,30.96,1,0.0,0.0,5.25
2026-09-06T07:00:00+00:00,cow_11,62.2,14.28,45.72,0.221,572,38.76,16.45,15.17,1.49,5,90.6,28.46,80.5,80.52,30.96,1,0.0,0.0,5.07
2026-09-06T07:00:00+00:00,cow_12,54.28,15.55,44.45,0.2048,496,38.81,18.63,15.47,1.47,5,90.6,28.46,80.5,80.52,30.96,1,0.0,0.0,5.28
2026-09-06T07:00:00+00:00,cow_13,56.44,14.15,45.85,0.195,522,38.97,16.8,17.24,1.45,5,90.6,28.46,80.5,80.52,30.96,1,0.0,0.0,5.2
2026-09-06T07:00:00+00:00,cow_14,65.18,15.16,44.84,0.2235,612,38.92,17.11,14.01,1.44,5,90.6,28.46,80.5,80.52,30.96,1,0.0,0.0,5.32
2026-09-06T07:00:00+00:00,cow_15,47.47,15.03,44.97,0.1854,431,38.85,16.94,13.07,1.49,5,90.6,28.46,80.5,80.52,30.96,1,0.0,0.0,5.07
2026-09-06T07:00:00+00:00,cow_16,50.76,17.17,42.83,0.1929,469,38.95,14.14,12.76,1.3,4,90.6,28.46,80.5,80.52,30.96,1,0.0,0.0,5.26
2026-09-06T08:00:00+00:00,cow_01,54.65,17.79,42.21,0.1875,495,39.03,15.3,14.7,1.18,5,87.8,30.08,80.8,83.17,32.58,1,0.0,0.0,5.37
2026-09-06T08:00:00+00:00,cow_02,66.19,16.46,43.54,0.2121,586,39.06,12.09,14.96,1.53,4,87.8,30.08,80.8,83.17,32.58,1,0.0,0.0,5.18
2026-09-06T08:00:00+00:00,cow_03,52.99,15.53,44.47,0.1966,478,39.01,16.04,14.56,1.31,5,87.8,30.08,80.8,83.17,32.58,1,0.0,0.0,5.27
2026-09-06T08:00:00+00:00,cow_04,48.47,15.42,44.58,0.1743,463,38.93,12.94,16.22,1.01,4,87.8,30.08,80.8,83.17,32.58,1,0.0,0.0,5.41
2026-09-06T08:00:00+00:00,cow_05,61.73,13.46,46.54,0.219,570,38.97,12.81,12.32,1.6,4,87.8,30.08,80.8,83.17,32.58,1,0.0,0.0,5.21
2026-09-06T08:00:00+00:00,cow_06,64.29,16.26,43.74,0.2237,590,38.8,16.39,14.61,1.26,6,87.8,30.08,80.8,83.17,32.58,1,0.0,0.0,5.27
2026-09-06T08:00:00+00:00,cow_07,50.18,17.06,42.94,0.1921,448,38.76,16.33,14.15,1.51,4,87.8,30.08,80.8,83.17,32.58,1,0.0,0.0,5.22
2026-09-06T08:00:00+00:00,cow_08,55.19,17.03,42.97,0.1871,515,39.03,17.38,16.16,1.5,6,87.8,30.08,80.8,83.17,32.58,1,0.0,0.0,5.28
2026-09-06T08:00:00+00:00,cow_09,50.13,17.39,42.61,0.1886,444,38.87,14.17,14.3,1.27,5,87.8,30.08,80.8,83.17,32.58,1,0.0,0.0,5.24
2026-09-06T08:00:00+00:00,cow_10,59.51,15.42,44.58,0.2159,546,39.1,12.83,16.37,1.13,4,87.8,30.08,80.8,83.17,32.58,1,0.0,0.0,5.17
2026-09-06T08:00:00+00:00,cow_11,65.03,11.26,48.74,0.214,576,38.65,17.72,14.19,1.56,5,87.8,30.08,80.8,83.17,32.58,1,0.0,0.0,5.17
2026-09-06T08:00:00+00:00,cow_12,47.77,15.12,44.88,0.1809,420,38.77,17.13,15.81,1.28,6,87.8,30.08,80.8,83.17,32.58,1,0.0,0.0,5.11
2026-09-06T08:00:00+00:00,cow_13,56.94,15.53,44.47,0.2049,512,38.88,14.55,18.03,1.27,4,87.8,30.08,80.8,83.17,32.58,1,0.0,0.0,5.34
2026-09-06T08:00:00+00:00,cow_14,63.51,15.22,44.78,0.1968,605,38.99,17.37,15.8,1.52,5,87.8,30.08,80.8,83.17,32.58,1,0.0,0.0,5.22
2026-09-06T08:00:00+00:00,cow_15,44.68,16.33,43.67,0.1769,386,38.74,16.66,14.28,1.42,4,87.8,30.08,80.8,83.17,32.58,1,0.0,0.0,5.35
2026-09-06T08:00:00+00:00,cow_16,56.96,18.39,41.61,0.1919,523,38.91,13.07,13.87,1.23,4,87.8,30.08,80.8,83.17,32.58,1,0.0,0.0,5.27
2026-09-06T09:00:00+00:00,cow_01,59.18,15.27,44.73,0.2036,563,39.0,17.02,14.36,1.29,6,93.6,30.8,79.9,84.18,33.3,1,0.0,0.0,5.24
2026-09-06T09:00:00+00:00,cow_02,62.7,17.45,42.55,0.2133,594,39.02,12.44,15.81,1.56,3,93.6,30.8,79.9,84.18,33.3,1,0.0,0.0,5.3
2026-09-06T09:00:00+00:00,cow_03,52.92,14.31,45.69,0.1701,491,38.94,15.67,14.45,1.35,6,93.6,30.8,79.9,84.18,33.3,1,0.0,0.0,5.22
2026-09-06T09:00:00+00:00,cow_04,52.94,13.11,46.89,0.1738,469,38.91,15.52,15.3,1.28,5,93.6,30.8,79.9,84.18,33.3,1,0.0,0.0,5.34
2026-09-06T09:00:00+00:00,cow_05,59.43,14.49,45.51,0.2191,532,38.83,13.71,13.37,1.73,5,93.6,30.8,79.9,84.18,33.3,1,0.0,0.0,5.12
2026-09-06T09:00:00+00:00,cow_06,64.55,16.32,43.68,0.1994,577,38.7,17.9,15.13,1.37,6,93.6,30.8,79.9,84.18,33.3,1,0.0,0.0,5.18
2026-09-06T09:00:00+00:00,cow_07,47.95,14.5,45.5,0.1735,430,38.83,17.01,13.63,1.5,5,93.6,30.8,79.9,84.18,33.3,1,0.0,0.0,5.28
2026-09-06T09:00:00+00:00,cow_08,50.9,18.68,41.32,0.1899,436,39.03,18.01,15.86,1.51,6,93.6,30.8,79.9,84.18,33.3,1,0.0,0.0,5.24
2026-09-06T09:00:00+00:00,cow_09,50.64,15.56,44.44,0.1824,487,38.78,14.27,13.92,1.3,5,93.6,30.8,79.9,84.18,33.3,1,0.0,0.0,5.31
2026-09-06T09:00:00+00:00,cow_10,54.62,13.62,46.38,0.1943,531,38.96,12.65,15.16,1.11,3,93.6,30.8,79.9,84.18,33.3,1,0.0,0.0,5.17
2026-09-06T09:00:00+00:00,cow_11,66.08,16.58,43.42,0.2204,571,38.72,17.76,15.71,1.65,5,93.6,30.8,79.9,84.18,33.3,1,0.0,0.0,5.2
2026-09-06T09:00:00+00:00,cow_12,50.74,15.6,44.4,0.195,460,38.76,18.14,16.58,1.35,6,93.6,30.8,79.9,84.18,33.3,1,0.0,0.0,5.11
2026-09-06T09:00:00+00:00,cow_13,57.45,16.9,43.1,0.1835,505,39.01,18.77,17.48,1.64,5,93.6,30.8,79.9,84.18,33.3,1,0.0,0.0,5.21
2026-09-06T09:00:00+00:00,cow_14,62.61,15.5,44.5,0.2097,555,39.1,18.87,15.46,1.62,5,93.6,30.8,79.9,84.18,33.3,1,0.0,0.0,5.2
2026-09-06T09:00:00+00:00,cow_15,52.29,14.96,45.04,0.1962,483,38.76,17.65,14.67,1.61,5,93.6,30.8,79.9,84.18,33.3,1,0.0,0.0,5.18
2026-09-06T09:00:00+00:00,cow_16,53.17,13.23,46.77,0.1796,469,38.93,15.75,13.12,1.51,5,93.6,30.8,79.9,84.18,33.3,1,0.0,0.0,5.33
2026-09-06T10:00:00+00:00,cow_01,44.72,26.25,33.75,0.1607,411,39.0,7.68,14.17,0.63,2,91.8,31.66,78.8,85.38,34.16,1,0.0,0.0,5.18
2026-09-06T10:00:00+00:00,cow_02,45.64,25.69,34.31,0.1622,418,38.93,5.27,17.2,0.64,2,91.8,31.66,78.8,85.38,34.16,1,0.0,0.0,5.24
2026-09-06T10:00:00+00:00,cow_03,41.52,23.82,36.18,0.1852,373,38.82,6.89,15.24,0.66,2,91.8,31.66,78.8,85.38,34.16,1,0.0,0.0,5.24
2026-09-06T10:00:00+00:00,cow_04,43.43,21.57,38.43,0.1422,360,38.91,5.47,15.9,0.4,2,91.8,31.66,78.8,85.38,34.16,1,0.0,0.0,5.25
2026-09-06T10:00:00+00:00,cow_05,43.77,22.44,37.56,0.1655,395,38.91,5.61,15.15,0.69,1,91.8,31.66,78.8,85.38,34.16,1,0.0,0.0,5.12
2026-09-06T10:00:00+00:00,cow_06,46.59,23.77,36.23,0.1611,421,38.76,6.55,15.04,0.49,2,91.8,31.66,78.8,85.38,34.16,1,0.0,0.0,5.24
2026-09-06T10:00:00+00:00,cow_07,40.09,22.37,37.63,0.1734,370,38.91,8.34,15.34,0.77,2,91.8,31.66,78.8,85.38,34.16,1,0.0,0.0,5.17
2026-09-06T10:00:00+00:00,cow_08,40.56,25.96,34.04,0.1624,362,38.86,8.21,16.05,0.67,2,91.8,31.66,78.8,85.38,34.16,1,0.0,0.0,5.21
2026-09-06T10:00:00+00:00,cow_09,37.25,23.02,36.98,0.1568,337,38.76,5.75,16.03,0.55,2,91.8,31.66,78.8,85.38,34.16,1,0.0,0.0,5.19
2026-09-06T10:00:00+00:00,cow_10,42.95,22.2,37.8,0.1501,389,38.84,7.44,18.65,0.69,2,91.8,31.66,78.8,85.38,34.16,1,0.0,0.0,5.25
2026-09-06T10:00:00+00:00,cow_11,46.66,19.4,40.6,0.1809,406,38.84,7.34,15.53,0.65,2,91.8,31.66,78.8,85.38,34.16,1,0.0,0.0,5.1
2026-09-06T10:00:00+00:00,cow_12,35.73,22.66,37.34,0.1593,335,38.82,6.19,14.32,0.48,2,91.8,31.66,78.8,85.38,34.16,1,0.0,0.0,5.3
2026-09-06T10:00:00+00:00,cow_13,39.35,21.62,38.38,0.1831,380,39.03,8.01,15.63,0.74,2,91.8,31.66,78.8,85.38,34.16,1,0.0,0.0,5.23
2026-09-06T10:00:00+00:00,cow_14,46.28,25.43,34.57,0.1691,425,38.88,7.95,13.5,0.64,3,91.8,31.66,78.8,85.38,34.16,1,0.0,0.0,5.0
2026-09-06T10:00:00+00:00,cow_15,37.01,21.94,38.06,0.1509,319,38.81,7.81,13.75,0.62,3,91.8,31.66,78.8,85.38,34.16,1,0.0,0.0,5.21
2026-09-06T10:00:00+00:00,cow_16,36.17,22.44,37.56,0.1616,342,39.07,5.46,14.03,0.47,1,91.8,31.66,78.8,85.38,34.16,1,0.0,0.0,5.19
2026-09-06T11:00:00+00:00,cow_01,43.74,25.37,34.63,0.1856,387,38.99,6.31,14.1,0.46,2,91.1,33.32,76.3,87.55,35.82,1,0.0,0.0,5.07
2026-09-06T11:00:00+00:00,cow_02,45.82,22.36,37.64,0.1859,434,39.04,5.65,15.97,0.69,2,91.1,33.32,76.3,87.55,35.82,1,0.0,0.0,5.08
2026-09-06T11:00:00+00:00,cow_03,39.63,20.37,39.63,0.1767,369,38.91,6.23,14.56,0.55,2,91.1,33.32,76.3,87.55,35.82,1,0.0,0.0,5.33
2026-09-06T11:00:00+00:00,cow_04,37.81,23.24,36.76,0.1447,357,38.78,6.99,15.18,0.6,3,91.1,33.32,76.3,87.55,35.82,1,0.0,0.0,5.21
2026-09-06T11:00:00+00:00,cow_05,43.33,20.03,39.97,0.1497,410,38.88,4.85,14.72,0.57,2,91.1,33.32,76.3,87.55,35.82,1,0.0,0.0,5.13
2026-09-06T11:00:00+00:00,cow_06,45.34,21.67,38.33,0.1817,417,38.89,5.36,15.89,0.41,2,91.1,33.32,76.3,87.55,35.82,1,0.0,0.0,5.29
2026-09-06T11:00:00+00:00,cow_07,39.98,24.85,35.15,0.1518,378,38.81,8.56,14.16,0.72,2,91.1,33.32,76.3,87.55,35.82,1,0.0,0.0,5.1
2026-09-06T11:00:00+00:00,cow_08,39.55,23.65,36.35,0.1573,339,39.07,7.58,15.85,0.58,2,91.1,33.32,76.3,87.55,35.82,1,0.0,0.0,5.17
2026-09-06T11:00:00+00:00,cow_09,38.57,23.02,36.98,0.1541,322,38.83,5.39,13.28,0.49,2,91.1,33.32,76.3,87.55,35.82,1,0.0,0.0,5.16
2026-09-06T11:00:00+00:00,cow_10,41.12,24.36,35.64,0.1641,359,38.89,5.51,16.15,0.51,2,91.1,33.32,76.3,87.55,35.82,1,0.0,0.0,5.13
2026-09-06T11:00:00+00:00,cow_11,49.45,20.12,39.88,0.1765,458,38.97,7.17,15.14,0.6,2,91.1,33.32,76.3,87.55,35.82,1,0.0,0.0,5.31
2026-09-06T11:00:00+00:00,cow_12,38.85,22.53,37.47,0.1503,325,38.72,9.37,16.55,0.77,3,91.1,33.32,76.3,87.55,35.82,1,0.0,0.0,5.23
2026-09-06T11:00:00+00:00,cow_13,43.02,21.58,38.42,0.161,386,38.98,6.31,16.22,0.53,2,91.1,33.32,76.3,87.55,35.82,1,0.0,0.0,5.08
2026-09-06T11:00:00+00:00,cow_14,44.59,23.55,36.45,0.1726,381,38.88,7.69,13.35,0.73,3,91.1,33.32,76.3,87.55,35.82,1,0.0,0.0,5.16
2026-09-06T11:00:00+00:00,cow_15,37.76,19.24,40.76,0.1372,336,38.82,6.97,13.51,0.67,1,91.1,33.32,76.3,87.55,35.82,1,0.0,0.0,5.11
2026-09-06T11:00:00+00:00,cow_16,37.91,21.05,38.95,0.1588,328,39.01,5.35,12.4,0.42,2,91.1,33.32,76.3,87.55,35.82,1,0.0,0.0,5.1
2026-09-06T12:00:00+00:00,cow_01,43.61,24.31,35.69,0.1656,364,39.12,6.13,13.08,0.51,2,93.9,33.19,75.8,87.25,35.69,1,0.0,0.0,5.11
2026-09-06T12:00:00+00:00,cow_02,46.63,24.1,35.9,0.1675,408,39.04,5.0,18.57,0.61,1,93.9,33.19,75.8,87.25,35.69,1,0.0,0.0,5.13
2026-09-06T12:00:00+00:00,cow_03,39.77,22.24,37.76,0.1705,336,38.91,6.09,14.98,0.59,1,93.9,33.19,75.8,87.25,35.69,1,0.0,0.0,5.13
2026-09-06T12:00:00+00:00,cow_04,38.18,24.19,35.81,0.147,339,39.07,7.18,15.33,0.59,3,93.9,33.19,75.8,87.25,35.69,1,0.0,0.0,5.33
2026-09-06T12:00:00+00:00,cow_05,48.34,20.12,39.88,0.1971,428,38.95,6.06,14.75,0.78,2,93.9,33.19,75.8,87.25,35.69,1,0.0,0.0,5.22
2026-09-06T12:00:00+00:00,cow_06,48.67,21.9,38.1,0.1721,444,38.98,7.23,15.66,0.53,2,93.9,33.19,75.8,87.25,35.69,1,0.0,0.0,5.22
2026-09-06T12:00:00+00:00,cow_07,35.04,26.86,33.14,0.1487,317,38.86,8.72,14.36,0.8,2,93.9,33.19,75.8,87.25,35.69,1,0.0,0.0,5.15
2026-09-06T12:00:00+00:00,cow_08,39.21,26.18,33.82,0.1812,364,39.06,7.32,15.46,0.59,2,93.9,33.19,75.8,87.25,35.69,1,0.0,0.0,5.21
2026-09-06T12:00:00+00:00,cow_09,39.16,22.03,37.97,0.1621,394,38.74,6.32,12.59,0.56,1,93.9,33.19,75.8,87.25,35.69,1,0.0,0.0,5.14
2026-09-06T12:00:00+00:00,cow_10,39.01,22.42,37.58,0.1669,343,38.83,5.98,16.38,0.56,1,93.9,33.19,75.8,87.25,35.69,1,0.0,0.0,5.15
2026-09-06T12:00:00+00:00,cow_11,46.21,20.66,39.34,0.1694,416,38.8,6.86,15.42,0.59,1,93.9,33.19,75.8,87.25,35.69,1,0.0,0.0,5.24
2026-09-06T12:00:00+00:00,cow_12,34.19,23.44,36.56,0.1474,317,38.84,6.77,16.21,0.45,2,93.9,33.19,75.8,87.25,35.69,1,0.0,0.0,5.16
2026-09-06T12:00:00+00:00,cow_13,44.04,22.9,37.1,0.156,381,39.11,6.72,15.4,0.64,1,93.9,33.19,75.8,87.25,35.69,1,0.0,0.0,5.31
2026-09-06T12:00:00+00:00,cow_14,48.14,23.8,36.2,0.1627,440,39.09,5.52,13.61,0.52,2,93.9,33.19,75.8,87.25,35.69,1,0.0,0.0,5.24
2026-09-06T12:00:00+00:00,cow_15,38.35,21.63,38.37,0.1696,342,38.82,7.79,13.36,0.75,3,93.9,33.19,75.8,87.25,35.69,1,0.0,0.0,5.11
2026-09-06T12:00:00+00:00,cow_16,37.42,22.98,37.02,0.1528,327,38.91,5.46,13.1,0.5,1,93.9,33.19,75.8,87.25,35.69,1,0.0,0.0,5.2
2026-09-06T13:00:00+00:00,cow_01,39.39,25.16,34.84,0.1818,350,39.04,7.06,13.09,0.52,2,92.6,34.22,75.1,88.72,36.72,1,0.0,0.0,5.31
2026-09-06T13:00:00+00:00,cow_02,46.23,21.49,38.51,0.1966,416,39.03,4.89,16.84,0.68,1,92.6,34.22,75.1,88.72,36.72,1,0.0,0.0,5.24
2026-09-06T13:00:00+00:00,cow_03,43.97,22.17,37.83,0.1658,395,38.9,6.37,12.07,0.54,2,92.6,34.22,75.1,88.72,36.72,1,0.0,0.0,5.24
2026-09-06T13:00:00+00:00,cow_04,37.23,22.28,37.72,0.14,340,38.83,7.49,16.54,0.59,3,92.6,34.22,75.1,88.72,36.72,1,0.0,0.0,5.21
2026-09-06T13:00:00+00:00,cow_05,40.85,21.6,38.4,0.1556,387,38.97,5.31,15.07,0.68,0,92.6,34.22,75.1,88.72,36.72,1,0.0,0.0,5.16
2026-09-06T13:00:00+00:00,cow_06,46.58,22.13,37.87,0.1788,427,38.93,7.65,15.18,0.58,3,92.6,34.22,75.1,88.72,36.72,1,0.0,0.0,5.17
2026-09-06T13:00:00+00:00,cow_07,33.25,26.8,33.2,0.1472,346,38.9,7.15,14.69,0.59,2,92.6,34.22,75.1,88.72,36.72,1,0.0,0.0,5.2
2026-09-06T13:00:00+00:00,cow_08,42.14,24.15,35.85,0.1689,404,39.03,7.51,18.63,0.64,2,92.6,34.22,75.1,88.72,36.72,1,0.0,0.0,5.26
2026-09-06T13:00:00+00:00,cow_09,34.76,23.89,36.11,0.1401,352,38.9,8.01,13.01,0.77,3,92.6,34.22,75.1,88.72,36.72,1,0.0,0.0,5.27
2026-09-06T13:00:00+00:00,cow_10,40.89,20.27,39.73,0.1631,375,38.97,6.04,16.24,0.51,2,92.6,34.22,75.1,88.72,36.72,1,0.0,0.0,5.18
2026-09-06T13:00:00+00:00,cow_11,49.57,20.68,39.32,0.1768,451,38.95,7.61,16.1,0.68,2,92.6,34.22,75.1,88.72,36.72,1,0.0,0.0,5.2
2026-09-06T13:00:00+00:00,cow_12,37.35,24.61,35.39,0.1527,313,39.05,7.3,16.6,0.62,3,92.6,34.22,75.1,88.72,36.72,1,0.0,0.0,5.18
2026-09-06T13:00:00+00:00,cow_13,38.53,25.43,34.57,0.1503,346,39.07,6.93,15.54,0.66,3,92.6,34.22,75.1,88.72,36.72,1,0.0,0.0,5.23
2026-09-06T13:00:00+00:00,cow_14,49.34,23.82,36.18,0.1966,450,39.13,7.25,14.86,0.67,3,92.6,34.22,75.1,88.72,36.72,1,0.0,0.0,5.32
2026-09-06T13:00:00+00:00,cow_15,38.61,20.65,39.35,0.1619,337,38.91,7.37,12.14,0.66,2,92.6,34.22,75.1,88.72,36.72,1,0.0,0.0,5.19
2026-09-06T13:00:00+00:00,cow_16,37.52,21.69,38.31,0.1671,341,39.05,5.58,13.3,0.44,2,92.6,34.22,75.1,88.72,36.72,1,0.0,0.0,5.34
2026-09-06T14:00:00+00:00,cow_01,41.62,27.55,32.45,0.1601,364,39.07,6.49,14.32,0.42,2,90.0,33.62,72.4,87.29,36.12,1,0.0,0.0,5.14
2026-09-06T14:00:00+00:00,cow_02,50.82,21.8,38.2,0.1857,469,39.08,5.94,17.09,0.78,1,90.0,33.62,72.4,87.29,36.12,1,0.0,0.0,5.31
2026-09-06T14:00:00+00:00,cow_03,40.33,20.75,39.25,0.1453,358,39.02,7.69,16.42,0.65,2,90.0,33.62,72.4,87.29,36.12,1,0.0,0.0,5.1
2026-09-06T14:00:00+00:00,cow_04,40.48,21.38,38.62,0.1511,382,38.95,6.03,16.32,0.43,2,90.0,33.62,72.4,87.29,36.12,1,0.0,0.0,5.39
2026-09-06T14:00:00+00:00,cow_05,45.22,21.19,38.81,0.1748,400,38.96,5.43,13.4,0.63,1,90.0,33.62,72.4,87.29,36.12,1,0.0,0.0,5.16
2026-09-06T14:00:00+00:00,cow_06,49.82,17.18,42.82,0.1702,474,38.88,7.08,14.46,0.5,3,90.0,33.62,72.4,87.29,36.12,1,0.0,0.0,5.15
2026-09-06T14:00:00+00:00,cow_07,38.89,22.32,37.68,0.1567,345,38.99,6.48,14.51,0.62,2,90.0,33.62,72.4,87.29,36.12,1,0.0,0.0,5.17
2026-09-06T14:00:00+00:00,cow_08,41.21,26.05,33.95,0.1748,339,39.17,7.78,14.73,0.66,3,90.0,33.62,72.4,87.29,36.12,1,0.0,0.0,5.18
2026-09-06T14:00:00+00:00,cow_09,40.46,23.84,36.16,0.1744,388,38.91,5.76,11.89,0.48,2,90.0,33.62,72.4,87.29,36.12,1,0.0,0.0,5.15
2026-09-06T14:00:00+00:00,cow_10,42.51,24.1,35.9,0.1468,391,39.03,4.94,16.88,0.39,2,90.0,33.62,72.4,87.29,36.12,1,0.0,0.0,5.03
2026-09-06T14:00:00+00:00,cow_11,47.53,22.17,37.83,0.1585,447,39.05,8.8,16.27,0.77,2,90.0,33.62,72.4,87.29,36.12,1,0.0,0.0,5.17
2026-09-06T14:00:00+00:00,cow_12,38.11,22.74,37.26,0.1717,328,38.93,7.77,16.23,0.63,2,90.0,33.62,72.4,87.29,36.12,1,0.0,0.0,5.09
2026-09-06T14:00:00+00:00,cow_13,43.19,25.23,34.77,0.1561,373,38.97,6.19,17.18,0.6,1,90.0,33.62,72.4,87.29,36.12,1,0.0,0.0,5.1
2026-09-06T14:00:00+00:00,cow_14,45.09,24.18,35.82,0.1683,417,38.94,6.71,16.18,0.63,3,90.0,33.62,72.4,87.29,36.12,1,0.0,0.0,5.23
2026-09-06T14:00:00+00:00,cow_15,37.7,25.2,34.8,0.1518,370,38.82,7.29,14.8,0.66,2,90.0,33.62,72.4,87.29,36.12,1,0.0,0.0,5.24
2026-09-06T14:00:00+00:00,cow_16,39.74,22.44,37.56,0.1477,372,39.22,7.28,12.45,0.62,2,90.0,33.62,72.4,87.29,36.12,1,0.0,0.0,5.11
2026-09-06T15:00:00+00:00,cow_01,47.08,25.77,34.23,0.1746,455,39.09,6.51,14.58,0.49,2,88.0,32.96,71.0,86.02,35.46,1,0.0,0.0,5.02
2026-09-06T15:00:00+00:00,cow_02,47.07,23.99,36.01,0.1702,460,39.1,6.39,16.73,0.84,2,88.0,32.96,71.0,86.02,35.46,1,0.0,0.0,5.02
2026-09-06T15:00:00+00:00,cow_03,38.94,20.07,39.93,0.1643,379,38.93,5.97,13.29,0.51,2,88.0,32.96,71.0,86.02,35.46,1,0.0,0.0,5.15
2026-09-06T15:00:00+00:00,cow_04,42.52,26.28,33.72,0.1596,359,39.08,7.57,16.67,0.7,2,88.0,32.96,71.0,86.02,35.46,1,0.0,0.0,5.15
2026-09-06T15:00:00+00:00,cow_05,44.57,22.12,37.88,0.1809,420,39.16,5.79,14.05,0.64,2,88.0,32.96,71.0,86.02,35.46,1,0.0,0.0,5.2
2026-09-06T15:00:00+00:00,cow_06,48.15,22.99,37.01,0.1727,454,38.99,6.9,13.88,0.55,2,88.0,32.96,71.0,86.02,35.46,1,0.0,0.0,5.14
2026-09-06T15:00:00+00:00,cow_07,38.83,26.05,33.95,0.1643,354,39.17,7.74,14.88,0.66,2,88.0,32.96,71.0,86.02,35.46,1,0.0,0.0,5.16
2026-09-06T15:00:00+00:00,cow_08,40.18,28.7,31.3,0.161,361,39.29,7.29,15.45,0.56,2,88.0,32.96,71.0,86.02,35.46,1,0.0,0.0,5.28
2026-09-06T15:00:00+00:00,cow_09,37.25,21.3,38.7,0.1485,355,38.95,5.23,13.49,0.51,2,88.0,32.96,71.0,86.02,35.46,1,0.0,0.0,5.26
2026-09-06T15:00:00+00:00,cow_10,37.85,20.92,39.08,0.1643,375,38.96,7.39,16.75,0.61,2,88.0,32.96,71.0,86.02,35.46,1,0.0,0.0,5.27
2026-09-06T15:00:00+00:00,cow_11,49.25,23.6,36.4,0.1847,446,38.9,6.89,14.36,0.6,2,88.0,32.96,71.0,86.02,35.46,1,0.0,0.0,5.21
2026-09-06T15:00:00+00:00,cow_12,36.09,23.74,36.26,0.1575,320,38.99,6.82,15.32,0.56,2,88.0,32.96,71.0,86.02,35.46,1,0.0,0.0,5.11
2026-09-06T15:00:00+00:00,cow_13,38.34,22.03,37.97,0.1556,311,39.18,6.52,17.42,0.58,2,88.0,32.96,71.0,86.02,35.46,1,0.0,0.0,5.3
2026-09-06T15:00:00+00:00,cow_14,47.0,22.15,37.85,0.1885,425,39.02,7.58,12.57,0.63,3,88.0,32.96,71.0,86.02,35.46,1,0.0,0.0,5.16
2026-09-06T15:00:00+00:00,cow_15,36.4,18.4,41.6,0.1616,329,38.96,6.45,14.15,0.6,2,88.0,32.96,71.0,86.02,35.46,1,0.0,0.0,5.09
2026-09-06T15:00:00+00:00,cow_16,41.57,23.16,36.84,0.1758,378,39.15,6.88,13.88,0.62,2,88.0,32.96,71.0,86.02,35.46,1,0.0,0.0,5.3
2026-09-06T16:00:00+00:00,cow_01,55.77,16.84,43.16,0.2024,514,39.19,16.07,13.46,1.26,5,87.9,33.24,67.7,85.81,35.74,1,0.0,0.0,5.15
2026-09-06T16:00:00+00:00,cow_02,66.7,17.77,42.23,0.2214,598,39.11,13.17,16.85,1.71,4,87.9,33.24,67.7,85.81,35.74,1,0.0,0.0,5.34
2026-09-06T16:00:00+00:00,cow_03,53.44,16.08,43.92,0.1979,490,39.02,13.76,14.17,1.17,3,87.9,33.24,67.7,85.81,35.74,1,0.0,0.0,5.2
2026-09-06T16:00:00+00:00,cow_04,52.42,15.69,44.31,0.1931,452,39.19,14.23,15.6,1.17,5,87.9,33.24,67.7,85.81,35.74,1,0.0,0.0,5.11
2026-09-06T16:00:00+00:00,cow_05,66.42,12.12,47.88,0.21,612,39.1,13.04,13.42,1.59,4,87.9,33.24,67.7,85.81,35.74,1,0.0,0.0,5.28
2026-09-06T16:00:00+00:00,cow_06,62.98,17.04,42.96,0.2227,578,38.91,15.36,12.18,1.12,5,87.9,33.24,67.7,85.81,35.74,1,0.0,0.0,5.15
2026-09-06T16:00:00+00:00,cow_07,52.8,18.98,41.02,0.1826,487,39.0,15.68,12.27,1.4,5,87.9,33.24,67.7,85.81,35.74,1,0.0,0.0,5.15
2026-09-06T16:00:00+00:00,cow_08,52.94,16.21,43.79,0.1923,476,39.1,16.28,16.11,1.35,5,87.9,33.24,67.7,85.81,35.74,1,0.0,0.0,5.24
2026-09-06T16:00:00+00:00,cow_09,50.52,15.4,44.6,0.2043,438,38.99,14.56,14.47,1.27,4,87.9,33.24,67.7,85.81,35.74,1,0.0,0.0,5.0
2026-09-06T16:00:00+00:00,cow_10,53.56,15.9,44.1,0.183,475,39.22,13.32,16.79,1.18,4,87.9,33.24,67.7,85.81,35.74,1,0.0,0.0,5.09
2026-09-06T16:00:00+00:00,cow_11,62.52,16.03,43.97,0.2152,574,38.95,16.5,15.49,1.42,5,87.9,33.24,67.7,85.81,35.74,1,0.0,0.0,5.32
2026-09-06T16:00:00+00:00,cow_12,51.23,13.93,46.07,0.1866,454,39.03,18.0,16.64,1.33,6,87.9,33.24,67.7,85.81,35.74,1,0.0,0.0,5.25
2026-09-06T16:00:00+00:00,cow_13,58.43,15.98,44.02,0.2132,512,39.14,15.9,17.41,1.41,4,87.9,33.24,67.7,85.81,35.74,1,0.0,0.0,5.34
2026-09-06T16:00:00+00:00,cow_14,61.44,15.61,44.39,0.1923,524,39.06,15.28,15.11,1.35,5,87.9,33.24,67.7,85.81,35.74,1,0.0,0.0,5.2
2026-09-06T16:00:00+00:00,cow_15,52.24,17.57,42.43,0.2009,454,38.96,15.59,13.73,1.39,6,87.9,33.24,67.7,85.81,35.74,1,0.0,0.0,5.21
2026-09-06T16:00:00+00:00,cow_16,55.29,13.66,46.34,0.1859,517,39.16,15.31,13.56,1.4,4,87.9,33.24,67.7,85.81,35.74,1,0.0,0.0,5.28
2026-09-06T17:00:00+00:00,cow_01,57.99,18.38,41.62,0.2053,523,39.18,15.21,15.28,1.23,5,88.7,32.23,65.8,84.0,34.73,1,13.01,7.82,5.24
2026-09-06T17:00:00+00:00,cow_02,66.61,18.15,41.85,0.2243,613,39.11,12.48,15.94,1.6,4,88.7,32.23,65.8,84.0,34.73,1,12.9,7.56,5.24
2026-09-06T17:00:00+00:00,cow_03,50.01,13.65,46.35,0.1889,436,39.16,16.14,14.29,1.49,6,88.7,32.23,65.8,84.0,34.73,1,13.89,7.11,5.26
2026-09-06T17:00:00+00:00,cow_04,50.19,16.74,43.26,0.1767,454,39.14,14.34,15.71,1.22,3,88.7,32.23,65.8,84.0,34.73,1,14.14,8.97,5.14
2026-09-06T17:00:00+00:00,cow_05,60.37,11.87,48.13,0.2046,545,39.21,14.75,14.12,1.8,5,88.7,32.23,65.8,84.0,34.73,1,15.88,8.03,5.22
2026-09-06T17:00:00+00:00,cow_06,65.5,15.14,44.86,0.208,583,39.02,14.78,15.4,1.06,3,88.7,32.23,65.8,84.0,34.73,1,15.19,8.07,5.13
2026-09-06T17:00:00+00:00,cow_07,54.63,14.96,45.04,0.1822,483,39.12,17.44,13.03,1.6,5,88.7,32.23,65.8,84.0,34.73,1,14.45,7.44,5.1
2026-09-06T17:00:00+00:00,cow_08,52.72,18.03,41.97,0.1778,465,39.22,18.73,16.21,1.58,6,88.7,32.23,65.8,84.0,34.73,1,16.08,7.15,5.12
2026-09-06T17:00:00+00:00,cow_09,55.82,15.7,44.3,0.1988,512,38.89,15.82,14.9,1.47,4,88.7,32.23,65.8,84.0,34.73,1,15.72,7.02,5.17
2026-09-06T17:00:00+00:00,cow_10,53.89,13.29,46.71,0.1908,484,39.26,14.59,15.77,1.22,4,88.7,32.23,65.8,84.0,34.73,1,16.53,7.73,5.19
2026-09-06T17:00:00+00:00,cow_11,60.53,15.11,44.89,0.2068,566,39.12,17.69,16.01,1.63,5,88.7,32.23,65.8,84.0,34.73,1,14.13,6.9,5.2
2026-09-06T17:00:00+00:00,cow_12,54.22,16.97,43.03,0.1772,513,39.01,16.57,16.36,1.27,6,88.7,32.23,65.8,84.0,34.73,1,12.02,7.89,5.06
2026-09-06T17:00:00+00:00,cow_13,53.77,13.36,46.64,0.1923,466,39.29,15.68,16.71,1.32,5,88.7,32.23,65.8,84.0,34.73,1,12.63,6.92,5.26
2026-09-06T17:00:00+00:00,cow_14,65.39,14.63,45.37,0.2001,623,39.19,18.4,14.41,1.58,6,88.7,32.23,65.8,84.0,34.73,1,13.82,7.61,5.14
2026-09-06T17:00:00+00:00,cow_15,48.03,13.01,46.99,0.1822,435,39.05,15.61,13.55,1.41,4,88.7,32.23,65.8,84.0,34.73,1,15.11,8.39,5.15
2026-09-06T17:00:00+00:00,cow_16,51.61,17.58,42.42,0.1929,492,39.42,14.88,14.23,1.36,4,88.7,32.23,65.8,84.0,34.73,1,13.11,6.43,5.06
2026-09-06T18:00:00+00:00,cow_01,61.0,19.98,40.02,0.1921,526,39.19,15.94,14.8,1.27,5,85.7,32.21,64.8,83.78,34.71,1,0.0,0.0,5.39
2026-09-06T18:00:00+00:00,cow_02,64.65,14.47,45.53,0.2166,585,39.2,11.76,17.15,1.48,4,85.7,32.21,64.8,83.78,34.71,1,0.0,0.0,5.19
2026-09-06T18:00:00+00:00,cow_03,53.04,15.74,44.26,0.1786,510,39.17,14.31,13.9,1.27,4,85.7,32.21,64.8,83.78,34.71,1,0.0,0.0,5.22
2026-09-06T18:00:00+00:00,cow_04,53.77,14.41,45.59,0.1984,491,39.09,15.46,15.22,1.29,5,85.7,32.21,64.8,83.78,34.71,1,0.0,0.0,5.16
2026-09-06T18:00:00+00:00,cow_05,58.73,13.59,46.41,0.2124,534,39.17,13.0,13.65,1.55,5,85.7,32.21,64.8,83.78,34.71,1,0.0,0.0,5.34
2026-09-06T18:00:00+00:00,cow_06,64.82,15.32,44.68,0.2215,596,39.09,16.81,15.75,1.22,6,85.7,32.21,64.8,83.78,34.71,1,0.0,0.0,5.29
2026-09-06T18:00:00+00:00,cow_07,51.87,16.79,43.21,0.174,499,39.06,16.94,14.06,1.55,5,85.7,32.21,64.8,83.78,34.71,1,0.0,0.0,5.27
2026-09-06T18:00:00+00:00,cow_08,51.94,17.65,42.35,0.1848,481,39.22,17.28,15.19,1.39,5,85.7,32.21,64.8,83.78,34.71,1,0.0,0.0,5.21
2026-09-06T18:00:00+00:00,cow_09,52.84,15.86,44.14,0.1896,480,39.08,12.71,14.81,1.12,3,85.7,32.21,64.8,83.78,34.71,1,0.0,0.0,5.22
2026-09-06T18:00:00+00:00,cow_10,55.8,18.29,41.71,0.1934,515,39.22,13.62,16.25,1.21,5,85.7,32.21,64.8,83.78,34.71,1,0.0,0.0,5.23
2026-09-06T18:00:00+00:00,cow_11,67.67,15.63,44.37,0.2109,602,39.18,15.97,16.33,1.47,5,85.7,32.21,64.8,83.78,34.71,1,0.0,0.0,5.35
2026-09-06T18:00:00+00:00,cow_12,53.14,15.17,44.83,0.1821,519,39.0,16.55,15.55,1.28,6,85.7,32.21,64.8,83.78,34.71,1,0.0,0.0,5.24
2026-09-06T18:00:00+00:00,cow_13,54.36,15.37,44.63,0.2014,471,39.32,16.03,17.11,1.4,5,85.7,32.21,64.8,83.78,34.71,1,0.0,0.0,5.13
2026-09-06T18:00:00+00:00,cow_14,63.32,16.84,43.16,0.2098,585,39.09,16.87,15.68,1.43,5,85.7,32.21,64.8,83.78,34.71,1,0.0,0.0,5.13
2026-09-06T18:00:00+00:00,cow_15,50.81,14.96,45.04,0.1806,443,38.99,15.13,13.38,1.4,4,85.7,32.21,64.8,83.78,34.71,1,0.0,0.0,5.24
2026-09-06T18:00:00+00:00,cow_16,51.47,16.36,43.64,0.1819,450,39.26,13.55,11.11,1.33,4,85.7,32.21,64.8,83.78,34.71,1,0.0,0.0,5.06
2026-09-06T19:00:00+00:00,cow_01,54.01,16.46,43.54,0.1835,475,39.27,16.22,13.1,1.34,4,89.0,30.65,64.3,81.45,33.15,1,0.0,0.0,5.2
2026-09-06T19:00:00+00:00,cow_02,65.15,15.21,44.79,0.2132,588,39.23,11.53,14.86,1.45,3,89.0,30.65,64.3,81.45,33.15,1,0.0,0.0,5.18
2026-09-06T19:00:00+00:00,cow_03,52.2,14.58,45.42,0.1782,497,39.07,15.08,13.83,1.25,5,89.0,30.65,64.3,81.45,33.15,1,0.0,0.0,5.19
2026-09-06T19:00:00+00:00,cow_04,51.92,14.17,45.83,0.1902,502,39.11,15.33,15.89,1.31,5,89.0,30.65,64.3,81.45,33.15,1,0.0,0.0,5.22
2026-09-06T19:00:00+00:00,cow_05,60.2,13.3,46.7,0.2022,528,39.21,14.33,13.34,1.81,5,89.0,30.65,64.3,81.45,33.15,1,0.0,0.0,5.19
2026-09-06T19:00:00+00:00,cow_06,64.6,14.07,45.93,0.2026,599,39.15,17.79,15.59,1.3,6,89.0,30.65,64.3,81.45,33.15,1,0.0,0.0,5.18
2026-09-06T19:00:00+00:00,cow_07,49.48,15.68,44.32,0.1733,438,39.06,15.68,15.0,1.46,4,89.0,30.65,64.3,81.45,33.15,1,0.0,0.0,5.3
2026-09-06T19:00:00+00:00,cow_08,54.18,14.97,45.03,0.1961,462,39.28,17.9,16.43,1.46,6,89.0,30.65,64.3,81.45,33.15,1,0.0,0.0,5.23
2026-09-06T19:00:00+00:00,cow_09,53.06,14.79,45.21,0.1938,480,39.08,14.75,14.0,1.29,5,89.0,30.65,64.3,81.45,33.15,1,0.0,0.0,5.3
2026-09-06T19:00:00+00:00,cow_10,57.38,15.15,44.85,0.2048,518,39.12,14.16,15.36,1.31,5,89.0,30.65,64.3,81.45,33.15,1,0.0,0.0,5.25
2026-09-06T19:00:00+00:00,cow_11,64.63,14.64,45.36,0.2072,589,39.02,16.62,15.38,1.5,6,89.0,30.65,64.3,81.45,33.15,1,0.0,0.0,5.18
2026-09-06T19:00:00+00:00,cow_12,47.84,16.01,43.99,0.1703,444,38.96,16.82,13.9,1.31,5,89.0,30.65,64.3,81.45,33.15,1,0.0,0.0,5.23
2026-09-06T19:00:00+00:00,cow_13,54.17,15.71,44.29,0.1739,488,39.42,15.87,14.69,1.37,5,89.0,30.65,64.3,81.45,33.15,1,0.0,0.0,5.37
2026-09-06T19:00:00+00:00,cow_14,65.06,16.26,43.74,0.2251,574,39.32,17.51,14.63,1.54,5,89.0,30.65,64.3,81.45,33.15,1,0.0,0.0,5.1
2026-09-06T19:00:00+00:00,cow_15,50.19,15.55,44.45,0.2009,445,39.01,17.29,14.82,1.51,5,89.0,30.65,64.3,81.45,33.15,1,0.0,0.0,5.16
2026-09-06T19:00:00+00:00,cow_16,55.16,15.75,44.25,0.1956,488,39.24,12.06,13.43,1.19,3,89.0,30.65,64.3,81.45,33.15,1,0.0,0.0,5.24
2026-09-06T20:00:00+00:00,cow_01,42.34,25.87,34.13,0.1747,393,39.32,6.12,13.85,0.53,2,88.6,29.82,64.2,80.22,32.32,1,0.0,0.0,5.17
2026-09-06T20:00:00+00:00,cow_02,46.11,23.22,36.78,0.1645,417,39.3,5.81,14.6,0.71,1,88.6,29.82,64.2,80.22,32.32,1,0.0,0.0,5.28
2026-09-06T20:00:00+00:00,cow_03,39.69,21.96,38.04,0.1632,317,39.1,6.0,15.43,0.52,2,88.6,29.82,64.2,80.22,32.32,1,0.0,0.0,5.14
2026-09-06T20:00:00+00:00,cow_04,40.88,23.13,36.87,0.1658,374,39.06,5.24,16.94,0.43,2,88.6,29.82,64.2,80.22,32.32,1,0.0,0.0,5.17
2026-09-06T20:00:00+00:00,cow_05,46.57,19.62,40.38,0.1763,411,39.27,5.3,12.38,0.65,1,88.6,29.82,64.2,80.22,32.32,1,0.0,0.0,5.12
2026-09-06T20:00:00+00:00,cow_06,46.58,23.19,36.81,0.182,437,39.04,6.66,14.42,0.52,2,88.6,29.82,64.2,80.22,32.32,1,0.0,0.0,5.24
2026-09-06T20:00:00+00:00,cow_07,39.9,25.2,34.8,0.1603,367,39.19,6.28,15.19,0.52,2,88.6,29.82,64.2,80.22,32.32,1,0.0,0.0,5.14
2026-09-06T20:00:00+00:00,cow_08,38.07,26.55,33.45,0.1529,354,39.26,7.41,17.72,0.59,2,88.6,29.82,64.2,80.22,32.32,1,0.0,0.0,5.18
2026-09-06T20:00:00+00:00,cow_09,39.57,21.9,38.1,0.1634,342,39.03,6.26,15.09,0.56,2,88.6,29.82,64.2,80.22,32.32,1,0.0,0.0,5.26
2026-09-06T20:00:00+00:00,cow_10,38.03,20.57,39.43,0.1514,361,39.27,4.82,15.82,0.41,2,88.6,29.82,64.2,80.22,32.32,1,0.0,0.0,5.22
2026-09-06T20:00:00+00:00,cow_11,46.47,21.63,38.37,0.1873,412,38.98,8.2,16.07,0.7,3,88.6,29.82,64.2,80.22,32.32,1,0.0,0.0,5.26
2026-09-06T20:00:00+00:00,cow_12,41.0,23.44,36.56,0.1669,375,39.08,7.96,15.1,0.65,3,88.6,29.82,64.2,80.22,32.32,1,0.0,0.0,5.21
2026-09-06T20:00:00+00:00,cow_13,40.68,22.92,37.08,0.1733,377,39.27,5.41,16.96,0.58,2,88.6,29.82,64.2,80.22,32.32,1,0.0,0.0,5.16
2026-09-06T20:00:00+00:00,cow_14,45.11,26.76,33.24,0.1764,409,39.19,7.75,14.34,0.69,3,88.6,29.82,64.2,80.22,32.32,1,0.0,0.0,5.3
2026-09-06T20:00:00+00:00,cow_15,44.17,22.24,37.76,0.1718,395,39.12,6.41,13.35,0.55,2,88.6,29.82,64.2,80.22,32.32,1,0.0,0.0,5.38
2026-09-06T20:00:00+00:00,cow_16,39.02,24.48,35.52,0.1617,374,39.35,4.54,10.86,0.51,1,88.6,29.82,64.2,80.22,32.32,1,0.0,0.0,5.06
2026-09-06T21:00:00+00:00,cow_01,42.27,27.05,32.95,0.1604,363,39.28,6.56,14.59,0.49,2,88.4,27.95,63.5,77.43,30.45,1,0.0,0.0,5.19
2026-09-06T21:00:00+00:00,cow_02,48.29,22.92,37.08,0.1603,430,39.21,5.97,16.03,0.81,2,88.4,27.95,63.5,77.43,30.45,1,0.0,0.0,5.09
2026-09-06T21:00:00+00:00,cow_03,42.2,21.21,38.79,0.1542,349,39.05,6.77,13.85,0.53,2,88.4,27.95,63.5,77.43,30.45,1,0.0,0.0,5.3
2026-09-06T21:00:00+00:00,cow_04,37.51,24.1,35.9,0.1617,343,39.12,6.3,15.29,0.49,1,88.4,27.95,63.5,77.43,30.45,1,0.0,0.0,5.26
2026-09-06T21:00:00+00:00,cow_05,45.99,21.35,38.65,0.1785,414,39.13,4.95,11.8,0.57,1,88.4,27.95,63.5,77.43,30.45,1,0.0,0.0,5.07
2026-09-06T21:00:00+00:00,cow_06,50.63,22.68,37.32,0.1791,494,39.0,7.61,14.48,0.6,2,88.4,27.95,63.5,77.43,30.45,1,0.0,0.0,5.05
2026-09-06T21:00:00+00:00,cow_07,38.18,21.93,38.07,0.1775,351,39.11,5.8,14.84,0.56,2,88.4,27.95,63.5,77.43,30.45,1,0.0,0.0,5.2
2026-09-06T21:00:00+00:00,cow_08,39.09,24.74,35.26,0.1657,342,39.33,6.71,15.97,0.58,2,88.4,27.95,63.5,77.43,30.45,1,0.0,0.0,5.25
2026-09-06T21:00:00+00:00,cow_09,37.61,23.57,36.43,0.1577,358,39.08,5.78,15.07,0.5,1,88.4,27.95,63.5,77.43,30.45,1,0.0,0.0,5.18
2026-09-06T21:00:00+00:00,cow_10,39.92,23.12,36.88,0.1565,373,39.28,7.07,16.44,0.68,2,88.4,27.95,63.5,77.43,30.45,1,0.0,0.0,5.22
2026-09-06T21:00:00+00:00,cow_11,49.3,22.16,37.84,0.1829,456,39.07,6.53,17.01,0.67,2,88.4,27.95,63.5,77.43,30.45,1,0.0,0.0,5.15
2026-09-06T21:00:00+00:00,cow_12,39.18,23.62,36.38,0.1691,352,39.1,7.43,14.38,0.58,3,88.4,27.95,63.5,77.43,30.45,1,0.0,0.0,5.17
2026-09-06T21:00:00+00:00,cow_13,41.79,22.02,37.98,0.1723,369,39.39,7.21,15.25,0.7,2,88.4,27.95,63.5,77.43,30.45,1,0.0,0.0,5.14
2026-09-06T21:00:00+00:00,cow_14,48.09,21.86,38.14,0.1731,441,39.05,7.08,14.95,0.56,2,88.4,27.95,63.5,77.43,30.45,1,0.0,0.0,5.2
2026-09-06T21:00:00+00:00,cow_15,39.34,22.67,37.33,0.1576,354,39.16,6.53,12.17,0.6,2,88.4,27.95,63.5,77.43,30.45,1,0.0,0.0,5.17
2026-09-06T21:00:00+00:00,cow_16,40.18,22.85,37.15,0.1673,372,39.17,5.7,13.32,0.55,2,88.4,27.95,63.5,77.43,30.45,1,0.0,0.0,5.41
2026-09-06T22:00:00+00:00,cow_01,22.42,41.14,18.86,0.1411,207,39.36,1.35,17.05,0.07,1,85.2,27.64,66.3,77.35,30.14,1,0.0,0.0,5.19
2026-09-06T22:00:00+00:00,cow_02,23.77,34.06,25.94,0.1362,194,39.21,1.61,22.64,0.23,0,85.2,27.64,66.3,77.35,30.14,1,0.0,0.0,5.35
2026-09-06T22:00:00+00:00,cow_03,21.36,37.27,22.73,0.1101,178,39.22,0.66,21.07,0.03,0,85.2,27.64,66.3,77.35,30.14,1,0.0,0.0,5.24
2026-09-06T22:00:00+00:00,cow_04,21.41,37.12,22.88,0.1161,207,39.19,2.69,21.85,0.17,0,85.2,27.64,66.3,77.35,30.14,1,0.0,0.0,5.19
2026-09-06T22:00:00+00:00,cow_05,24.95,32.56,27.44,0.1483,226,39.16,2.05,16.94,0.19,1,85.2,27.64,66.3,77.35,30.14,1,0.0,0.0,5.13
2026-09-06T22:00:00+00:00,cow_06,28.64,34.9,25.1,0.1378,261,39.0,2.75,21.41,0.24,1,85.2,27.64,66.3,77.35,30.14,1,0.0,0.0,5.2
2026-09-06T22:00:00+00:00,cow_07,20.23,38.67,21.33,0.1146,208,39.15,1.94,21.0,0.19,0,85.2,27.64,66.3,77.35,30.14,1,0.0,0.0,5.23
2026-09-06T22:00:00+00:00,cow_08,19.82,39.64,20.36,0.1254,220,39.25,1.79,23.86,0.15,0,85.2,27.64,66.3,77.35,30.14,1,0.0,0.0,5.15
2026-09-06T22:00:00+00:00,cow_09,23.33,33.97,26.03,0.1194,239,39.0,1.19,21.53,0.17,1,85.2,27.64,66.3,77.35,30.14,1,0.0,0.0,5.1
2026-09-06T22:00:00+00:00,cow_10,20.08,37.66,22.34,0.124,194,39.28,3.15,21.94,0.25,1,85.2,27.64,66.3,77.35,30.14,1,0.0,0.0,5.27
2026-09-06T22:00:00+00:00,cow_11,29.86,35.13,24.87,0.1342,260,38.97,2.02,20.01,0.24,0,85.2,27.64,66.3,77.35,30.14,1,0.0,0.0,5.11
2026-09-06T22:00:00+00:00,cow_12,17.95,35.47,24.53,0.1071,170,39.11,1.72,20.81,0.1,0,85.2,27.64,66.3,77.35,30.14,1,0.0,0.0,5.17
2026-09-06T22:00:00+00:00,cow_13,19.69,33.29,26.71,0.1219,179,39.08,2.54,24.15,0.2,0,85.2,27.64,66.3,77.35,30.14,1,0.0,0.0,5.14
2026-09-06T22:00:00+00:00,cow_14,28.49,35.78,24.22,0.1347,284,39.3,2.27,20.78,0.23,1,85.2,27.64,66.3,77.35,30.14,1,0.0,0.0,5.35
2026-09-06T22:00:00+00:00,cow_15,21.22,32.63,27.37,0.125,184,39.07,0.83,19.24,0.11,1,85.2,27.64,66.3,77.35,30.14,1,0.0,0.0,5.19
2026-09-06T22:00:00+00:00,cow_16,25.57,34.3,25.7,0.118,241,39.27,2.35,17.53,0.16,1,85.2,27.64,66.3,77.35,30.14,1,0.0,0.0,5.22
2026-09-06T23:00:00+00:00,cow_01,21.21,40.44,19.56,0.1298,170,39.25,1.72,17.58,0.14,1,91.6,26.9,66.3,76.26,29.4,1,0.0,0.0,5.21
2026-09-06T23:00:00+00:00,cow_02,26.31,39.96,20.04,0.122,252,39.14,1.01,23.26,0.07,0,91.6,26.9,66.3,76.26,29.4,1,0.0,0.0,5.2
2026-09-06T23:00:00+00:00,cow_03,22.85,31.78,28.22,0.1122,191,39.23,0.46,21.01,0.01,0,91.6,26.9,66.3,76.26,29.4,1,0.0,0.0,5.25
2026-09-06T23:00:00+00:00,cow_04,19.91,31.98,28.02,0.1269,189,39.12,2.4,21.91,0.17,1,91.6,26.9,66.3,76.26,29.4,1,0.0,0.0,5.24
2026-09-06T23:00:00+00:00,cow_05,26.04,31.1,28.9,0.1491,231,39.21,0.74,18.49,0.11,1,91.6,26.9,66.3,76.26,29.4,1,0.0,0.0,5.32
2026-09-06T23:00:00+00:00,cow_06,27.2,33.44,26.56,0.129,261,39.03,1.32,21.34,0.12,0,91.6,26.9,66.3,76.26,29.4,1,0.0,0.0,5.24
2026-09-06T23:00:00+00:00,cow_07,15.25,38.25,21.75,0.1138,136,39.25,2.5,20.1,0.24,1,91.6,26.9,66.3,76.26,29.4,1,0.0,0.0,5.27
2026-09-06T23:00:00+00:00,cow_08,22.45,37.99,22.01,0.1103,196,39.26,2.03,23.22,0.16,1,91.6,26.9,66.3,76.26,29.4,1,0.0,0.0,5.12
2026-09-06T23:00:00+00:00,cow_09,19.6,31.01,28.99,0.1184,201,38.89,2.03,21.16,0.28,0,91.6,26.9,66.3,76.26,29.4,1,0.0,0.0,5.15
2026-09-06T23:00:00+00:00,cow_10,25.6,32.64,27.36,0.1287,204,39.22,2.75,23.31,0.18,1,91.6,26.9,66.3,76.26,29.4,1,0.0,0.0,5.07
2026-09-06T23:00:00+00:00,cow_11,26.76,33.81,26.19,0.1401,243,38.97,2.74,22.06,0.21,0,91.6,26.9,66.3,76.26,29.4,1,0.0,0.0,5.32
2026-09-06T23:00:00+00:00,cow_12,22.45,33.48,26.52,0.1008,215,39.06,2.03,22.69,0.19,1,91.6,26.9,66.3,76.26,29.4,1,0.0,0.0,5.2
2026-09-06T23:00:00+00:00,cow_13,24.23,32.97,27.03,0.1338,206,39.37,2.61,22.18,0.23,0,91.6,26.9,66.3,76.26,29.4,1,0.0,0.0,5.32
2026-09-06T23:00:00+00:00,cow_14,27.38,39.75,20.25,0.1375,260,39.13,2.27,20.95,0.23,1,91.6,26.9,66.3,76.26,29.4,1,0.0,0.0,5.14
2026-09-06T23:00:00+00:00,cow_15,20.14,29.54,30.46,0.1113,169,38.86,2.84,21.02,0.27,1,91.6,26.9,66.3,76.26,29.4,1,0.0,0.0,5.25
2026-09-06T23:00:00+00:00,cow_16,22.28,32.18,27.82,0.1307,171,39.26,2.31,17.61,0.26,1,91.6,26.9,66.3,76.26,29.4,1,0.0,0.0,5.23
2026-09-07T00:00:00+00:00,cow_01,21.96,39.8,20.2,0.1154,193,39.18,1.47,18.79,0.05,1,86.1,25.46,68.2,74.35,27.96,1,0.0,0.0,5.13
2026-09-07T00:00:00+00:00,cow_02,30.02,35.23,24.77,0.1489,289,39.27,1.4,22.87,0.14,0,86.1,25.46,68.2,74.35,27.96,1,0.0,0.0,5.26
2026-09-07T00:00:00+00:00,cow_03,22.79,28.97,31.03,0.1248,216,39.09,2.2,20.76,0.16,1,86.1,25.46,68.2,74.35,27.96,1,0.0,0.0,5.18
2026-09-07T00:00:00+00:00,cow_04,18.86,32.6,27.4,0.1218,150,39.1,2.98,20.9,0.27,1,86.1,25.46,68.2,74.35,27.96,1,0.0,0.0,5.18
2026-09-07T00:00:00+00:00,cow_05,24.5,33.43,26.57,0.1194,251,39.17,0.0,19.89,0.0,1,86.1,25.46,68.2,74.35,27.96,1,0.0,0.0,5.28
2026-09-07T00:00:00+00:00,cow_06,27.85,33.06,26.94,0.1424,253,38.94,0.98,20.84,0.09,0,86.1,25.46,68.2,74.35,27.96,1,0.0,0.0,5.14
2026-09-07T00:00:00+00:00,cow_07,18.18,39.6,20.4,0.0956,179,38.96,2.48,20.58,0.22,1,86.1,25.46,68.2,74.35,27.96,1,0.0,0.0,5.29
2026-09-07T00:00:00+00:00,cow_08,24.62,37.24,22.76,0.1271,245,39.33,2.4,21.54,0.23,1,86.1,25.46,68.2,74.35,27.96,1,0.0,0.0,5.12
2026-09-07T00:00:00+00:00,cow_09,18.13,33.61,26.39,0.1079,135,38.89,1.32,20.85,0.17,1,86.1,25.46,68.2,74.35,27.96,1,0.0,0.0,5.08
2026-09-07T00:00:00+00:00,cow_10,21.75,33.78,26.22,0.1386,200,39.23,3.5,20.86,0.3,1,86.1,25.46,68.2,74.35,27.96,1,0.0,0.0,5.22
2026-09-07T00:00:00+00:00,cow_11,25.46,33.65,26.35,0.1245,247,38.97,3.32,23.4,0.25,2,86.1,25.46,68.2,74.35,27.96,1,0.0,0.0,5.27
2026-09-07T00:00:00+00:00,cow_12,22.75,33.74,26.26,0.1401,208,39.02,1.68,21.83,0.16,1,86.1,25.46,68.2,74.35,27.96,1,0.0,0.0,5.24
2026-09-07T00:00:00+00:00,cow_13,23.41,33.13,26.87,0.1277,205,39.22,0.6,22.91,0.05,0,86.1,25.46,68.2,74.35,27.96,1,0.0,0.0,5.23
2026-09-07T00:00:00+00:00,cow_14,26.54,38.59,21.41,0.129,238,39.13,2.25,18.48,0.16,1,86.1,25.46,68.2,74.35,27.96,1,0.0,0.0,5.14
2026-09-07T00:00:00+00:00,cow_15,20.41,30.67,29.33,0.1375,185,39.0,2.57,19.66,0.23,1,86.1,25.46,68.2,74.35,27.96,1,0.0,0.0,5.16
2026-09-07T00:00:00+00:00,cow_16,21.51,34.98,25.02,0.127,190,39.19,2.12,19.9,0.23,1,86.1,25.46,68.2,74.35,27.96,1,0.0,0.0,5.16
2026-09-07T01:00:00+00:00,cow_01,25.78,39.17,20.83,0.1273,211,39.15,0.95,17.64,0.07,0,87.9,25.3,70.8,74.4,27.8,1,0.0,0.0,5.23
2026-09-07T01:00:00+00:00,cow_02,25.7,33.7,26.3,0.124,221,39.11,1.37,22.14,0.17,1,87.9,25.3,70.8,74.4,27.8,1,0.0,0.0,5.13
2026-09-07T01:00:00+00:00,cow_03,18.74,31.56,28.44,0.1172,180,39.08,3.32,20.18,0.28,0,87.9,25.3,70.8,74.4,27.8,1,0.0,0.0,5.1
2026-09-07T01:00:00+00:00,cow_04,19.7,35.87,24.13,0.1057,186,39.09,1.28,22.91,0.08,0,87.9,25.3,70.8,74.4,27.8,1,0.0,0.0,5.14
2026-09-07T01:00:00+00:00,cow_05,23.56,32.31,27.69,0.1262,217,39.12,1.58,19.09,0.16,1,87.9,25.3,70.8,74.4,27.8,1,0.0,0.0,5.29
2026-09-07T01:00:00+00:00,cow_06,26.74,29.62,30.38,0.1389,237,38.93,0.56,21.11,0.0,0,87.9,25.3,70.8,74.4,27.8,1,0.0,0.0,5.27
2026-09-07T01:00:00+00:00,cow_07,23.27,37.37,22.63,0.1336,191,39.12,2.82,20.43,0.23,0,87.9,25.3,70.8,74.4,27.8,1,0.0,0.0,5.17
2026-09-07T01:00:00+00:00,cow_08,22.05,36.6,23.4,0.1138,219,39.32,1.29,21.12,0.08,0,87.9,25.3,70.8,74.4,27.8,1,0.0,0.0,5.19
2026-09-07T01:00:00+00:00,cow_09,17.5,33.04,26.96,0.1289,170,38.91,1.74,19.16,0.15,1,87.9,25.3,70.8,74.4,27.8,1,0.0,0.0,5.29
2026-09-07T01:00:00+00:00,cow_10,22.67,32.51,27.49,0.1286,217,39.06,0.76,22.6,0.04,1,87.9,25.3,70.8,74.4,27.8,1,0.0,0.0,5.19
2026-09-07T01:00:00+00:00,cow_11,25.82,34.03,25.97,0.1353,227,38.92,1.4,21.56,0.09,1,87.9,25.3,70.8,74.4,27.8,1,0.0,0.0,5.13
2026-09-07T01:00:00+00:00,cow_12,21.02,35.92,24.08,0.1339,201,39.03,1.38,20.45,0.07,1,87.9,25.3,70.8,74.4,27.8,1,0.0,0.0,5.21
2026-09-07T01:00:00+00:00,cow_13,24.94,33.17,26.83,0.1313,226,39.18,1.64,24.09,0.15,1,87.9,25.3,70.8,74.4,27.8,1,0.0,0.0,5.14
2026-09-07T01:00:00+00:00,cow_14,23.64,38.1,21.9,0.1332,208,39.13,2.33,20.84,0.2,1,87.9,25.3,70.8,74.4,27.8,1,0.0,0.0,5.21
2026-09-07T01:00:00+00:00,cow_15,18.1,32.45,27.55,0.1197,165,39.0,2.59,19.08,0.22,1,87.9,25.3,70.8,74.4,27.8,1,0.0,0.0,5.2
2026-09-07T01:00:00+00:00,cow_16,23.6,35.14,24.86,0.1406,218,39.17,1.4,19.37,0.07,0,87.9,25.3,70.8,74.4,27.8,1,0.0,0.0,5.2
2026-09-07T02:00:00+00:00,cow_01,23.81,41.72,18.28,0.1287,232,39.12,1.51,19.51,0.11,0,85.5,25.52,71.8,74.85,28.02,1,0.0,0.0,5.16
2026-09-07T02:00:00+00:00,cow_02,27.01,36.25,23.75,0.1298,242,39.1,0.76,23.01,0.16,1,85.5,25.52,71.8,74.85,28.02,1,0.0,0.0,5.12
2026-09-07T02:00:00+00:00,cow_03,21.73,31.53,28.47,0.1237,212,38.95,1.1,22.41,0.1,0,85.5,25.52,71.8,74.85,28.02,1,0.0,0.0,5.19
2026-09-07T02:00:00+00:00,cow_04,20.98,36.04,23.96,0.1239,200,39.12,1.87,23.28,0.19,0,85.5,25.52,71.8,74.85,28.02,1,0.0,0.0,5.2
2026-09-07T02:00:00+00:00,cow_05,23.93,32.92,27.08,0.1414,200,39.07,0.41,18.8,0.07,0,85.5,25.52,71.8,74.85,28.02,1,0.0,0.0,5.33
2026-09-07T02:00:00+00:00,cow_06,24.05,32.79,27.21,0.1216,221,39.01,2.0,22.01,0.14,0,85.5,25.52,71.8,74.85,28.02,1,0.0,0.0,5.13
2026-09-07T02:00:00+00:00,cow_07,20.33,39.1,20.9,0.115,196,39.01,1.83,20.89,0.08,0,85.5,25.52,71.8,74.85,28.02,1,0.0,0.0,5.27
2026-09-07T02:00:00+00:00,cow_08,26.61,38.79,21.21,0.1244,267,39.2,3.51,22.33,0.31,1,85.5,25.52,71.8,74.85,28.02,1,0.0,0.0,5.06
2026-09-07T02:00:00+00:00,cow_09,20.01,31.83,28.17,0.107,184,38.94,1.41,19.65,0.16,0,85.5,25.52,71.8,74.85,28.02,1,0.0,0.0,5.25
2026-09-07T02:00:00+00:00,cow_10,20.38,31.04,28.96,0.1276,167,39.13,3.41,22.89,0.3,1,85.5,25.52,71.8,74.85,28.02,1,0.0,0.0,5.06
2026-09-07T02:00:00+00:00,cow_11,25.3,32.39,27.61,0.1357,231,39.03,1.79,22.58,0.16,1,85.5,25.52,71.8,74.85,28.02,1,0.0,0.0,5.19
2026-09-07T02:00:00+00:00,cow_12,15.53,35.44,24.56,0.1203,122,39.03,2.2,21.41,0.18,1,85.5,25.52,71.8,74.85,28.02,1,0.0,0.0,5.21
2026-09-07T02:00:00+00:00,cow_13,24.58,35.71,24.29,0.1336,200,39.06,2.91,22.6,0.23,1,85.5,25.52,71.8,74.85,28.02,1,0.0,0.0,5.23
2026-09-07T02:00:00+00:00,cow_14,27.49,35.51,24.49,0.1189,272,38.94,0.91,20.55,0.08,0,85.5,25.52,71.8,74.85,28.02,1,0.0,0.0,5.18
2026-09-07T02:00:00+00:00,cow_15,22.1,30.39,29.61,0.1254,204,38.96,2.21,18.85,0.18,0,85.5,25.52,71.8,74.85,28.02,1,0.0,0.0,5.07
2026-09-07T02:00:00+00:00,cow_16,20.59,35.1,24.9,0.121,170,39.08,1.46,17.41,0.18,1,85.5,25.52,71.8,74.85,28.02,1,0.0,0.0,5.26
2026-09-07T03:00:00+00:00,cow_01,21.49,41.91,18.09,0.1206,183,39.1,1.35,19.69,0.08,0,92.3,25.18,73.0,74.45,27.68,1,0.0,0.0,5.28
2026-09-07T03:00:00+00:00,cow_02,27.07,36.51,23.49,0.1355,239,39.04,2.12,23.18,0.29,0,92.3,25.18,73.0,74.45,27.68,1,0.0,0.0,5.15
2026-09-07T03:00:00+00:00,cow_03,20.49,35.16,24.84,0.1292,170,38.97,1.78,19.87,0.09,1,92.3,25.18,73.0,74.45,27.68,1,0.0,0.0,5.09
2026-09-07T03:00:00+00:00,cow_04,19.33,35.18,24.82,0.1162,173,38.91,2.3,22.38,0.19,0,92.3,25.18,73.0,74.45,27.68,1,0.0,0.0,5.07
2026-09-07T03:00:00+00:00,cow_05,26.5,31.78,28.22,0.1276,219,38.99,1.25,19.6,0.13,1,92.3,25.18,73.0,74.45,27.68,1,0.0,0.0,5.15
2026-09-07T03:00:00+00:00,cow_06,25.81,32.26,27.74,0.1301,262,39.0,2.62,20.46,0.21,1,92.3,25.18,73.0,74.45,27.68,1,0.0,0.0,5.2
2026-09-07T03:00:00+00:00,cow_07,21.05,38.02,21.98,0.1111,184,38.93,2.18,20.26,0.18,0,92.3,25.18,73.0,74.45,27.68,1,0.0,0.0,5.18
2026-09-07T03:00:00+00:00,cow_08,19.37,40.74,19.26,0.1154,164,39.2,3.08,22.54,0.27,1,92.3,25.18,73.0,74.45,27.68,1,0.0,0.0,5.14
2026-09-07T03:00:00+00:00,cow_09,20.3,33.43,26.57,0.1317,198,38.83,2.35,19.19,0.23,1,92.3,25.18,73.0,74.45,27.68,1,0.0,0.0,5.23
2026-09-07T03:00:00+00:00,cow_10,27.68,32.58,27.42,0.1463,236,39.14,2.28,22.51,0.18,1,92.3,25.18,73.0,74.45,27.68,1,0.0,0.0,5.22
2026-09-07T03:00:00+00:00,cow_11,24.39,32.51,27.49,0.1327,217,38.98,3.2,19.09,0.27,0,92.3,25.18,73.0,74.45,27.68,1,0.0,0.0,5.1
2026-09-07T03:00:00+00:00,cow_12,22.22,35.93,24.07,0.1246,213,38.81,3.21,20.7,0.23,1,92.3,25.18,73.0,74.45,27.68,1,0.0,0.0,5.23
2026-09-07T03:00:00+00:00,cow_13,19.74,34.41,25.59,0.13,171,39.24,1.47,22.89,0.19,0,92.3,25.18,73.0,74.45,27.68,1,0.0,0.0,5.28
2026-09-07T03:00:00+00:00,cow_14,26.23,36.63,23.37,0.1259,258,39.15,3.47,20.84,0.34,1,92.3,25.18,73.0,74.45,27.68,1,0.0,0.0,5.13
2026-09-07T03:00:00+00:00,cow_15,24.12,31.15,28.85,0.1189,219,38.96,1.25,20.19,0.09,1,92.3,25.18,73.0,74.45,27.68,1,0.0,0.0,5.14
2026-09-07T03:00:00+00:00,cow_16,21.91,33.47,26.53,0.1255,170,39.06,2.15,16.95,0.1,0,92.3,25.18,73.0,74.45,27.68,1,0.0,0.0,5.31
2026-09-07T04:00:00+00:00,cow_01,23.61,39.21,20.79,0.1315,205,38.93,2.03,18.61,0.17,0,85.0,25.39,76.9,75.2,27.89,1,0.0,0.0,5.08
2026-09-07T04:00:00+00:00,cow_02,26.87,33.83,26.17,0.1545,273,39.02,1.28,22.81,0.17,1,85.0,25.39,76.9,75.2,27.89,1,0.0,0.0,5.22
2026-09-07T04:00:00+00:00,cow_03,21.32,34.03,25.97,0.1,177,38.93,1.68,20.25,0.19,0,85.0,25.39,76.9,75.2,27.89,1,0.0,0.0,5.16
2026-09-07T04:00:00+00:00,cow_04,20.8,32.77,27.23,0.1203,172,38.93,1.46,22.6,0.18,1,85.0,25.39,76.9,75.2,27.89,1,0.0,0.0,5.21
2026-09-07T04:00:00+00:00,cow_05,23.02,33.29,26.71,0.1311,208,38.94,1.96,19.03,0.28,0,85.0,25.39,76.9,75.2,27.89,1,0.0,0.0,5.3
2026-09-07T04:00:00+00:00,cow_06,28.04,34.36,25.64,0.1277,270,38.81,3.38,22.91,0.25,1,85.0,25.39,76.9,75.2,27.89,1,0.0,0.0,5.15
2026-09-07T04:00:00+00:00,cow_07,19.89,34.09,25.91,0.1245,194,38.98,2.58,21.59,0.22,2,85.0,25.39,76.9,75.2,27.89,1,0.0,0.0,5.19
2026-09-07T04:00:00+00:00,cow_08,21.45,41.99,18.01,0.1303,193,39.02,2.39,22.09,0.22,1,85.0,25.39,76.9,75.2,27.89,1,0.0,0.0,5.28
2026-09-07T04:00:00+00:00,cow_09,21.19,35.31,24.69,0.1377,176,38.9,2.8,19.47,0.18,1,85.0,25.39,76.9,75.2,27.89,1,0.0,0.0,5.22
2026-09-07T04:00:00+00:00,cow_10,23.78,35.72,24.28,0.1083,218,38.97,2.89,23.3,0.29,1,85.0,25.39,76.9,75.2,27.89,1,0.0,0.0,5.25
2026-09-07T04:00:00+00:00,cow_11,26.07,34.2,25.8,0.1342,241,38.93,1.84,20.91,0.13,0,85.0,25.39,76.9,75.2,27.89,1,0.0,0.0,5.33
2026-09-07T04:00:00+00:00,cow_12,23.26,35.84,24.16,0.1256,235,38.75,3.82,21.67,0.37,1,85.0,25.39,76.9,75.2,27.89,1,0.0,0.0,5.17
2026-09-07T04:00:00+00:00,cow_13,25.03,34.64,25.36,0.1514,220,39.12,2.08,22.79,0.17,0,85.0,25.39,76.9,75.2,27.89,1,0.0,0.0,5.23
2026-09-07T04:00:00+00:00,cow_14,22.39,33.65,26.35,0.1227,220,39.03,1.04,19.07,0.13,0,85.0,25.39,76.9,75.2,27.89,1,0.0,0.0,5.26
2026-09-07T04:00:00+00:00,cow_15,24.12,31.74,28.26,0.1387,240,38.79,2.12,19.92,0.15,1,85.0,25.39,76.9,75.2,27.89,1,0.0,0.0,5.11
2026-09-07T04:00:00+00:00,cow_16,27.04,34.57,25.43,0.1344,267,39.09,1.22,19.45,0.0,0,85.0,25.39,76.9,75.2,27.89,1,0.0,0.0,5.29
2026-09-07T05:00:00+00:00,cow_01,44.72,25.27,34.73,0.1688,403,38.94,7.01,13.44,0.52,2,89.3,26.24,76.7,76.51,28.74,1,0.0,0.0,5.1
2026-09-07T05:00:00+00:00,cow_02,48.63,23.11,36.89,0.18,440,39.05,6.09,17.11,0.81,1,89.3,26.24,76.7,76.51,28.74,1,0.0,0.0,5.16
2026-09-07T05:00:00+00:00,cow_03,41.0,20.75,39.25,0.17,358,39.02,6.48,13.15,0.53,3,89.3,26.24,76.7,76.51,28.74,1,0.0,0.0,5.22
2026-09-07T05:00:00+00:00,cow_04,35.75,23.41,36.59,0.1278,324,38.91,7.03,15.03,0.63,2,89.3,26.24,76.7,76.51,28.74,1,0.0,0.0,5.19
2026-09-07T05:00:00+00:00,cow_05,42.8,23.48,36.52,0.168,405,38.98,4.88,14.48,0.62,1,89.3,26.24,76.7,76.51,28.74,1,0.0,0.0,5.24
2026-09-07T05:00:00+00:00,cow_06,51.88,23.57,36.43,0.1854,490,38.67,6.26,14.34,0.56,1,89.3,26.24,76.7,76.51,28.74,1,0.0,0.0,5.06
2026-09-07T05:00:00+00:00,cow_07,39.44,24.33,35.67,0.1591,369,38.91,6.99,14.68,0.6,2,89.3,26.24,76.7,76.51,28.74,1,0.0,0.0,5.22
2026-09-07T05:00:00+00:00,cow_08,37.82,20.97,39.03,0.1642,357,39.16,7.69,15.66,0.66,3,89.3,26.24,76.7,76.51,28.74,1,0.0,0.0,5.2
2026-09-07T05:00:00+00:00,cow_09,34.77,22.08,37.92,0.1394,329,38.72,4.94,13.76,0.46,1,89.3,26.24,76.7,76.51,28.74,1,0.0,0.0,5.15
2026-09-07T05:00:00+00:00,cow_10,41.45,24.47,35.53,0.1716,371,39.01,6.0,14.91,0.55,2,89.3,26.24,76.7,76.51,28.74,1,0.0,0.0,5.14
2026-09-07T05:00:00+00:00,cow_11,48.02,21.3,38.7,0.193,447,38.77,7.53,16.85,0.63,2,89.3,26.24,76.7,76.51,28.74,1,0.0,0.0,5.2
2026-09-07T05:00:00+00:00,cow_12,37.89,22.14,37.86,0.1542,350,38.99,6.9,17.74,0.61,3,89.3,26.24,76.7,76.51,28.74,1,0.0,0.0,5.25
2026-09-07T05:00:00+00:00,cow_13,40.7,21.2,38.8,0.158,354,39.05,7.01,16.41,0.61,2,89.3,26.24,76.7,76.51,28.74,1,0.0,0.0,5.34
2026-09-07T05:00:00+00:00,cow_14,49.03,24.8,35.2,0.1641,418,39.16,6.64,14.16,0.58,2,89.3,26.24,76.7,76.51,28.74,1,0.0,0.0,5.25
2026-09-07T05:00:00+00:00,cow_15,40.62,20.2,39.8,0.1728,363,38.78,5.86,12.41,0.52,1,89.3,26.24,76.7,76.51,28.74,1,0.0,0.0,5.27
2026-09-07T05:00:00+00:00,cow_16,41.15,24.9,35.1,0.1493,363,39.05,6.06,14.41,0.61,2,89.3,26.24,76.7,76.51,28.74,1,0.0,0.0,5.22
2026-09-07T06:00:00+00:00,cow_01,54.9,18.86,41.14,0.2051,482,38.99,16.67,14.0,1.28,5,94.1,26.66,78.8,77.42,29.16,1,11.25,8.26,5.26
2026-09-07T06:00:00+00:00,cow_02,67.62,15.7,44.3,0.2082,602,38.99,12.62,15.73,1.6,3,94.1,26.66,78.8,77.42,29.16,1,12.46,7.93,5.22
2026-09-07T06:00:00+00:00,cow_03,53.69,14.94,45.06,0.1962,490,38.79,15.62,16.28,1.46,5,94.1,26.66,78.8,77.42,29.16,1,13.85,7.71,5.35
2026-09-07T06:00:00+00:00,cow_04,52.5,15.53,44.47,0.183,496,38.89,16.37,16.44,1.37,4,94.1,26.66,78.8,77.42,29.16,1,13.62,7.09,5.26
2026-09-07T06:00:00+00:00,cow_05,61.25,14.77,45.23,0.2111,584,38.79,15.19,13.46,1.84,5,94.1,26.66,78.8,77.42,29.16,1,16.61,7.08,5.34
2026-09-07T06:00:00+00:00,cow_06,62.42,15.64,44.36,0.2105,582,38.86,17.94,13.18,1.41,6,94.1,26.66,78.8,77.42,29.16,1,13.74,6.72,5.14
2026-09-07T06:00:00+00:00,cow_07,48.93,15.71,44.29,0.1791,438,38.88,16.36,13.48,1.4,5,94.1,26.66,78.8,77.42,29.16,1,14.94,7.08,5.23
2026-09-07T06:00:00+00:00,cow_08,51.76,18.11,41.89,0.1916,470,38.97,17.83,13.52,1.51,6,94.1,26.66,78.8,77.42,29.16,1,15.3,7.31,5.16
2026-09-07T06:00:00+00:00,cow_09,53.79,13.53,46.47,0.1965,481,38.76,14.82,16.08,1.32,4,94.1,26.66,78.8,77.42,29.16,1,15.24,7.1,5.22
2026-09-07T06:00:00+00:00,cow_10,56.7,16.35,43.65,0.1888,516,38.97,13.6,15.73,1.17,5,94.1,26.66,78.8,77.42,29.16,1,15.89,7.5,5.17
2026-09-07T06:00:00+00:00,cow_11,65.31,13.97,46.03,0.2078,589,38.84,19.3,14.74,1.69,7,94.1,26.66,78.8,77.42,29.16,1,14.49,7.77,5.32
2026-09-07T06:00:00+00:00,cow_12,53.98,12.72,47.28,0.1769,494,38.86,17.61,16.08,1.37,6,94.1,26.66,78.8,77.42,29.16,1,12.31,6.86,5.2
2026-09-07T06:00:00+00:00,cow_13,55.62,14.05,45.95,0.2107,541,38.95,17.34,16.1,1.52,5,94.1,26.66,78.8,77.42,29.16,1,11.91,7.32,5.25
2026-09-07T06:00:00+00:00,cow_14,63.53,15.63,44.37,0.2159,570,38.98,17.0,14.62,1.41,6,94.1,26.66,78.8,77.42,29.16,1,13.63,7.45,5.16
2026-09-07T06:00:00+00:00,cow_15,51.27,15.46,44.54,0.1834,465,38.68,16.56,15.6,1.49,5,94.1,26.66,78.8,77.42,29.16,1,15.28,7.98,5.15
2026-09-07T06:00:00+00:00,cow_16,52.92,15.65,44.35,0.1769,471,38.98,13.96,13.66,1.38,4,94.1,26.66,78.8,77.42,29.16,1,12.24,7.41,5.22
2026-09-07T07:00:00+00:00,cow_01,57.94,17.43,42.57,0.2107,509,39.04,16.11,12.61,1.28,5,88.7,29.08,80.0,81.44,31.58,1,0.0,0.0,5.19
2026-09-07T07:00:00+00:00,cow_02,65.1,16.66,43.34,0.2118,582,39.01,12.39,15.01,1.5,4,88.7,29.08,80.0,81.44,31.58,1,0.0,0.0,5.1
2026-09-07T07:00:00+00:00,cow_03,53.47,14.34,45.66,0.2089,488,38.98,15.58,14.33,1.32,5,88.7,29.08,80.0,81.44,31.58,1,0.0,0.0,5.29
2026-09-07T07:00:00+00:00,cow_04,53.04,13.93,46.07,0.1841,464,38.99,14.48,12.73,1.31,4,88.7,29.08,80.0,81.44,31.58,1,0.0,0.0,5.15
2026-09-07T07:00:00+00:00,cow_05,58.5,16.16,43.84,0.1938,511,39.03,14.14,14.18,1.77,5,88.7,29.08,80.0,81.44,31.58,1,0.0,0.0,5.1
2026-09-07T07:00:00+00:00,cow_06,63.22,13.21,46.79,0.2134,592,38.79,16.05,13.43,1.2,5,88.7,29.08,80.0,81.44,31.58,1,0.0,0.0,5.26
2026-09-07T07:00:00+00:00,cow_07,49.19,16.28,43.72,0.1886,459,38.77,15.76,15.32,1.38,5,88.7,29.08,80.0,81.44,31.58,1,0.0,0.0,5.19
2026-09-07T07:00:00+00:00,cow_08,56.96,17.63,42.37,0.1894,496,38.86,17.33,18.2,1.42,6,88.7,29.08,80.0,81.44,31.58,1,0.0,0.0,5.19
2026-09-07T07:00:00+00:00,cow_09,50.54,13.02,46.98,0.1748,446,38.54,15.48,14.62,1.38,5,88.7,29.08,80.0,81.44,31.58,1,0.0,0.0,5.13
2026-09-07T07:00:00+00:00,cow_10,63.18,15.5,44.5,0.2033,545,38.87,14.58,17.43,1.34,4,88.7,29.08,80.0,81.44,31.58,1,0.0,0.0,5.32
2026-09-07T07:00:00+00:00,cow_11,66.02,15.62,44.38,0.2,582,38.76,17.48,14.15,1.58,5,88.7,29.08,80.0,81.44,31.58,1,0.0,0.0,5.26
2026-09-07T07:00:00+00:00,cow_12,49.08,17.64,42.36,0.1688,462,38.8,17.35,15.49,1.34,6,88.7,29.08,80.0,81.44,31.58,1,0.0,0.0,5.23
2026-09-07T07:00:00+00:00,cow_13,56.83,13.46,46.54,0.1989,508,38.94,15.73,16.4,1.39,5,88.7,29.08,80.0,81.44,31.58,1,0.0,0.0,5.3
2026-09-07T07:00:00+00:00,cow_14,64.59,16.92,43.08,0.2198,594,38.99,18.47,14.23,1.64,5,88.7,29.08,80.0,81.44,31.58,1,0.0,0.0,5.27
2026-09-07T07:00:00+00:00,cow_15,46.18,14.86,45.14,0.1816,423,38.75,16.07,13.02,1.53,5,88.7,29.08,80.0,81.44,31.58,1,0.0,0.0,5.23
2026-09-07T07:00:00+00:00,cow_16,49.63,14.25,45.75,0.167,467,38.97,13.29,12.2,1.27,4,88.7,29.08,80.0,81.44,31.58,1,0.0,0.0,5.28
2026-09-07T08:00:00+00:00,cow_01,56.41,17.55,42.45,0.1949,495,39.08,14.86,15.53,1.21,4,86.4,29.27,80.9,81.88,31.77,1,0.0,0.0,5.18
2026-09-07T08:00:00+00:00,cow_02,67.82,16.39,43.61,0.1955,613,38.96,10.54,17.13,1.31,3,86.4,29.27,80.9,81.88,31.77,1,0.0,0.0,5.21
2026-09-07T08:00:00+00:00,cow_03,55.09,15.32,44.68,0.2199,527,38.84,15.91,13.81,1.3,4,86.4,29.27,80.9,81.88,31.77,1,0.0,0.0,5.17
2026-09-07T08:00:00+00:00,cow_04,52.9,16.01,43.99,0.1559,477,38.84,13.27,14.61,1.12,4,86.4,29.27,80.9,81.88,31.77,1,0.0,0.0,5.13
2026-09-07T08:00:00+00:00,cow_05,62.95,14.95,45.05,0.2002,564,38.96,12.44,13.9,1.5,4,86.4,29.27,80.9,81.88,31.77,1,0.0,0.0,5.27
2026-09-07T08:00:00+00:00,cow_06,63.08,12.84,47.16,0.198,580,38.7,15.3,15.0,1.06,5,86.4,29.27,80.9,81.88,31.77,1,0.0,0.0,5.11
2026-09-07T08:00:00+00:00,cow_07,49.42,20.96,39.04,0.1874,432,38.87,14.61,15.68,1.26,5,86.4,29.27,80.9,81.88,31.77,1,0.0,0.0,5.37
2026-09-07T08:00:00+00:00,cow_08,57.45,17.34,42.66,0.1966,509,39.05,16.76,18.18,1.37,5,86.4,29.27,80.9,81.88,31.77,1,0.0,0.0,5.28
2026-09-07T08:00:00+00:00,cow_09,52.21,12.97,47.03,0.1879,480,38.97,13.47,14.75,1.27,4,86.4,29.27,80.9,81.88,31.77,1,0.0,0.0,5.29
2026-09-07T08:00:00+00:00,cow_10,56.74,17.2,42.8,0.2012,528,38.88,13.74,16.92,1.23,4,86.4,29.27,80.9,81.88,31.77,1,0.0,0.0,5.23
2026-09-07T08:00:00+00:00,cow_11,65.94,16.06,43.94,0.2131,600,38.82,17.11,16.5,1.59,5,86.4,29.27,80.9,81.88,31.77,1,0.0,0.0,5.2
2026-09-07T08:00:00+00:00,cow_12,54.5,15.86,44.14,0.2045,464,38.84,16.82,13.56,1.23,5,86.4,29.27,80.9,81.88,31.77,1,0.0,0.0,5.21
2026-09-07T08:00:00+00:00,cow_13,50.09,16.96,43.04,0.1932,434,39.02,17.01,14.85,1.5,5,86.4,29.27,80.9,81.88,31.77,1,0.0,0.0,5.06
2026-09-07T08:00:00+00:00,cow_14,66.54,15.48,44.52,0.2344,610,38.81,16.3,13.3,1.41,5,86.4,29.27,80.9,81.88,31.77,1,0.0,0.0,5.17
2026-09-07T08:00:00+00:00,cow_15,50.2,14.96,45.04,0.169,472,38.86,14.84,14.04,1.35,5,86.4,29.27,80.9,81.88,31.77,1,0.0,0.0,5.33
2026-09-07T08:00:00+00:00,cow_16,51.71,14.57,45.43,0.1718,486,39.0,14.38,11.84,1.34,4,86.4,29.27,80.9,81.88,31.77,1,0.0,0.0,5.3
2026-09-07T09:00:00+00:00,cow_01,57.93,16.36,43.64,0.2096,543,39.03,16.9,12.55,1.27,5,94.1,29.85,79.3,82.57,32.35,1,0.0,0.0,5.19
2026-09-07T09:00:00+00:00,cow_02,68.39,16.53,43.47,0.2318,607,39.06,12.67,17.77,1.61,3,94.1,29.85,79.3,82.57,32.35,1,0.0,0.0,5.26
2026-09-07T09:00:00+00:00,cow_03,52.35,14.34,45.66,0.1855,447,38.7,17.34,13.72,1.55,6,94.1,29.85,79.3,82.57,32.35,1,0.0,0.0,5.33
2026-09-07T09:00:00+00:00,cow_04,49.01,13.62,46.38,0.1758,409,38.8,15.7,14.52,1.27,5,94.1,29.85,79.3,82.57,32.35,1,0.0,0.0,5.23
2026-09-07T09:00:00+00:00,cow_05,61.8,14.66,45.34,0.2069,552,38.9,15.59,13.88,1.97,5,94.1,29.85,79.3,82.57,32.35,1,0.0,0.0,5.19
2026-09-07T09:00:00+00:00,cow_06,61.23,13.62,46.38,0.1973,549,38.75,17.48,14.68,1.36,7,94.1,29.85,79.3,82.57,32.35,1,0.0,0.0,5.1
2026-09-07T09:00:00+00:00,cow_07,50.87,17.23,42.77,0.1732,448,38.85,16.31,14.29,1.43,5,94.1,29.85,79.3,82.57,32.35,1,0.0,0.0,5.12
2026-09-07T09:00:00+00:00,cow_08,51.47,17.69,42.31,0.1987,471,39.04,19.37,14.81,1.68,5,94.1,29.85,79.3,82.57,32.35,1,0.0,0.0,5.27
2026-09-07T09:00:00+00:00,cow_09,49.59,16.45,43.55,0.1864,479,38.79,15.01,13.88,1.29,4,94.1,29.85,79.3,82.57,32.35,1,0.0,0.0,5.18
2026-09-07T09:00:00+00:00,cow_10,53.55,14.85,45.15,0.1953,496,38.83,14.6,15.65,1.3,3,94.1,29.85,79.3,82.57,32.35,1,0.0,0.0,5.32
2026-09-07T09:00:00+00:00,cow_11,61.21,15.51,44.49,0.2086,574,38.74,17.99,14.9,1.66,5,94.1,29.85,79.3,82.57,32.35,1,0.0,0.0,5.13
2026-09-07T09:00:00+00:00,cow_12,48.61,17.87,42.13,0.1987,435,38.73,18.53,14.76,1.47,5,94.1,29.85,79.3,82.57,32.35,1,0.0,0.0,5.24
2026-09-07T09:00:00+00:00,cow_13,54.32,15.72,44.28,0.1999,495,39.05,16.22,17.38,1.46,5,94.1,29.85,79.3,82.57,32.35,1,0.0,0.0,5.19
2026-09-07T09:00:00+00:00,cow_14,60.96,17.68,42.32,0.1991,580,38.9,18.75,14.01,1.55,6,94.1,29.85,79.3,82.57,32.35,1,0.0,0.0,5.22
2026-09-07T09:00:00+00:00,cow_15,52.05,14.34,45.66,0.1656,481,38.69,16.63,15.72,1.55,5,94.1,29.85,79.3,82.57,32.35,1,0.0,0.0,5.25
2026-09-07T09:00:00+00:00,cow_16,54.0,14.73,45.27,0.1732,492,38.92,13.99,14.39,1.31,4,94.1,29.85,79.3,82.57,32.35,1,0.0,0.0,5.24
2026-09-07T10:00:00+00:00,cow_01,45.08,23.93,36.07,0.1613,418,38.96,8.14,12.84,0.55,2,94.9,32.11,78.5,86.05,34.61,1,0.0,0.0,5.15
2026-09-07T10:00:00+00:00,cow_02,48.39,24.62,35.38,0.1832,444,38.98,5.65,15.08,0.73,2,94.9,32.11,78.5,86.05,34.61,1,0.0,0.0,5.23
2026-09-07T10:00:00+00:00,cow_03,40.82,22.13,37.87,0.1706,369,38.82,6.76,13.6,0.56,2,94.9,32.11,78.5,86.05,34.61,1,0.0,0.0,5.28
2026-09-07T10:00:00+00:00,cow_04,39.38,24.16,35.84,0.161,361,38.82,5.86,16.41,0.43,1,94.9,32.11,78.5,86.05,34.61,1,0.0,0.0,5.21
2026-09-07T10:00:00+00:00,cow_05,45.34,21.34,38.66,0.1671,413,39.01,5.09,13.8,0.55,2,94.9,32.11,78.5,86.05,34.61,1,0.0,0.0,5.24
2026-09-07T10:00:00+00:00,cow_06,49.8,22.28,37.72,0.1741,452,38.93,6.63,14.76,0.42,2,94.9,32.11,78.5,86.05,34.61,1,0.0,0.0,5.13
2026-09-07T10:00:00+00:00,cow_07,34.5,25.82,34.18,0.1665,328,38.94,8.62,14.19,0.78,3,94.9,32.11,78.5,86.05,34.61,1,0.0,0.0,5.24
2026-09-07T10:00:00+00:00,cow_08,43.34,25.94,34.06,0.1591,402,39.02,7.27,15.36,0.64,2,94.9,32.11,78.5,86.05,34.61,1,0.0,0.0,5.17
2026-09-07T10:00:00+00:00,cow_09,38.75,23.49,36.51,0.1659,345,38.83,7.12,15.42,0.69,2,94.9,32.11,78.5,86.05,34.61,1,0.0,0.0,5.13
2026-09-07T10:00:00+00:00,cow_10,44.16,20.46,39.54,0.1572,374,38.77,5.31,16.03,0.43,2,94.9,32.11,78.5,86.05,34.61,1,0.0,0.0,5.2
2026-09-07T10:00:00+00:00,cow_11,47.79,22.06,37.94,0.1969,438,38.65,7.82,15.74,0.73,4,94.9,32.11,78.5,86.05,34.61,1,0.0,0.0,5.16
2026-09-07T10:00:00+00:00,cow_12,39.03,25.34,34.66,0.1666,349,38.92,9.22,14.47,0.67,3,94.9,32.11,78.5,86.05,34.61,1,0.0,0.0,5.22
2026-09-07T10:00:00+00:00,cow_13,40.31,23.05,36.95,0.178,369,38.95,7.66,15.87,0.69,2,94.9,32.11,78.5,86.05,34.61,1,0.0,0.0,5.19
2026-09-07T10:00:00+00:00,cow_14,45.74,26.0,34.0,0.1755,434,38.86,7.1,14.03,0.6,2,94.9,32.11,78.5,86.05,34.61,1,0.0,0.0,5.07
2026-09-07T10:00:00+00:00,cow_15,36.01,22.25,37.75,0.1419,302,38.74,7.71,13.51,0.65,3,94.9,32.11,78.5,86.05,34.61,1,0.0,0.0,5.2
2026-09-07T10:00:00+00:00,cow_16,37.18,21.82,38.18,0.1521,349,38.99,6.06,12.35,0.63,2,94.9,32.11,78.5,86.05,34.61,1,0.0,0.0,5.27
2026-09-07T11:00:00+00:00,cow_01,39.21,25.55,34.45,0.1541,352,39.13,5.87,13.88,0.42,2,92.0,32.84,75.1,86.58,35.34,1,0.0,0.0,5.26
2026-09-07T11:00:00+00:00,cow_02,48.66,22.78,37.22,0.1827,467,38.91,7.05,17.73,0.95,2,92.0,32.84,75.1,86.58,35.34,1,0.0,0.0,5.29
2026-09-07T11:00:00+00:00,cow_03,38.05,22.92,37.08,0.1608,343,38.89,6.34,13.37,0.56,2,92.0,32.84,75.1,86.58,35.34,1,0.0,0.0,5.15
2026-09-07T11:00:00+00:00,cow_04,41.21,23.87,36.13,0.1863,386,38.87,5.8,16.83,0.4,2,92.0,32.84,75.1,86.58,35.34,1,0.0,0.0,5.03
2026-09-07T11:00:00+00:00,cow_05,47.18,21.54,38.46,0.1859,458,39.02,8.14,13.46,1.05,2,92.0,32.84,75.1,86.58,35.34,1,0.0,0.0,5.33
2026-09-07T11:00:00+00:00,cow_06,51.58,22.43,37.57,0.1729,475,38.74,6.8,14.79,0.6,2,92.0,32.84,75.1,86.58,35.34,1,0.0,0.0,5.21
2026-09-07T11:00:00+00:00,cow_07,34.49,25.35,34.65,0.1516,299,38.84,6.63,14.2,0.57,1,92.0,32.84,75.1,86.58,35.34,1,0.0,0.0,5.22
2026-09-07T11:00:00+00:00,cow_08,39.83,24.66,35.34,0.1674,359,39.07,8.55,16.6,0.71,2,92.0,32.84,75.1,86.58,35.34,1,0.0,0.0,5.14
2026-09-07T11:00:00+00:00,cow_09,34.89,21.45,38.55,0.1512,321,38.77,6.36,12.69,0.58,2,92.0,32.84,75.1,86.58,35.34,1,0.0,0.0,5.13
2026-09-07T11:00:00+00:00,cow_10,41.46,22.95,37.05,0.1699,396,38.85,6.52,15.92,0.57,1,92.0,32.84,75.1,86.58,35.34,1,0.0,0.0,5.25
2026-09-07T11:00:00+00:00,cow_11,48.97,24.74,35.26,0.19,466,38.82,8.02,14.39,0.72,3,92.0,32.84,75.1,86.58,35.34,1,0.0,0.0,5.15
2026-09-07T11:00:00+00:00,cow_12,40.24,24.21,35.79,0.1496,373,38.78,8.4,13.57,0.66,3,92.0,32.84,75.1,86.58,35.34,1,0.0,0.0,5.04
2026-09-07T11:00:00+00:00,cow_13,37.31,21.36,38.64,0.1618,342,38.97,6.11,17.35,0.54,2,92.0,32.84,75.1,86.58,35.34,1,0.0,0.0,5.28
2026-09-07T11:00:00+00:00,cow_14,47.51,25.15,34.85,0.1717,441,39.04,7.21,14.65,0.64,3,92.0,32.84,75.1,86.58,35.34,1,0.0,0.0,5.21
2026-09-07T11:00:00+00:00,cow_15,38.77,18.73,41.27,0.1452,370,38.81,7.1,15.3,0.63,2,92.0,32.84,75.1,86.58,35.34,1,0.0,0.0,5.13
2026-09-07T11:00:00+00:00,cow_16,41.76,21.98,38.02,0.1562,419,38.97,5.42,14.0,0.51,1,92.0,32.84,75.1,86.58,35.34,1,0.0,0.0,5.24
2026-09-07T12:00:00+00:00,cow_01,44.86,23.68,36.32,0.1732,396,39.12,7.17,11.88,0.6,2,85.6,34.03,76.5,88.69,36.53,1,0.0,0.0,5.21
2026-09-07T12:00:00+00:00,cow_02,47.42,21.75,38.25,0.1667,439,38.94,4.39,15.51,0.56,1,85.6,34.03,76.5,88.69,36.53,1,0.0,0.0,5.09
2026-09-07T12:00:00+00:00,cow_03,38.36,23.15,36.85,0.1542,326,38.95,6.27,13.05,0.48,2,85.6,34.03,76.5,88.69,36.53,1,0.0,0.0,5.1
2026-09-07T12:00:00+00:00,cow_04,35.52,20.02,39.98,0.1529,311,38.91,6.21,15.27,0.48,2,85.6,34.03,76.5,88.69,36.53,1,0.0,0.0,5.21
2026-09-07T12:00:00+00:00,cow_05,45.26,19.92,40.08,0.1625,406,38.9,5.43,12.84,0.67,2,85.6,34.03,76.5,88.69,36.53,1,0.0,0.0,5.34
2026-09-07T12:00:00+00:00,cow_06,47.93,20.69,39.31,0.1732,423,38.85,5.38,15.39,0.42,3,85.6,34.03,76.5,88.69,36.53,1,0.0,0.0,5.34
2026-09-07T12:00:00+00:00,cow_07,40.17,24.73,35.27,0.1652,390,38.93,6.59,12.14,0.62,3,85.6,34.03,76.5,88.69,36.53,1,0.0,0.0,5.25
2026-09-07T12:00:00+00:00,cow_08,42.08,24.45,35.55,0.1693,389,39.15,8.35,15.72,0.69,2,85.6,34.03,76.5,88.69,36.53,1,0.0,0.0,5.2
2026-09-07T12:00:00+00:00,cow_09,36.87,19.51,40.49,0.1571,322,38.82,6.3,13.3,0.56,2,85.6,34.03,76.5,88.69,36.53,1,0.0,0.0,5.14
2026-09-07T12:00:00+00:00,cow_10,42.63,22.06,37.94,0.1688,392,38.99,4.17,14.85,0.33,2,85.6,34.03,76.5,88.69,36.53,1,0.0,0.0,5.06
2026-09-07T12:00:00+00:00,cow_11,46.33,23.4,36.6,0.1705,421,38.77,7.92,14.98,0.69,3,85.6,34.03,76.5,88.69,36.53,1,0.0,0.0,5.07
2026-09-07T12:00:00+00:00,cow_12,38.81,23.61,36.39,0.1627,351,38.85,8.3,17.01,0.64,2,85.6,34.03,76.5,88.69,36.53,1,0.0,0.0,5.12
2026-09-07T12:00:00+00:00,cow_13,38.64,20.64,39.36,0.1542,358,39.16,6.69,16.72,0.63,2,85.6,34.03,76.5,88.69,36.53,1,0.0,0.0,5.16
2026-09-07T12:00:00+00:00,cow_14,49.27,24.98,35.02,0.1821,456,39.03,5.26,15.23,0.5,2,85.6,34.03,76.5,88.69,36.53,1,0.0,0.0,5.23
2026-09-07T12:00:00+00:00,cow_15,36.44,21.24,38.76,0.1618,337,38.87,6.06,15.25,0.51,2,85.6,34.03,76.5,88.69,36.53,1,0.0,0.0,5.16
2026-09-07T12:00:00+00:00,cow_16,44.94,23.61,36.39,0.1742,429,38.96,5.44,12.77,0.48,1,85.6,34.03,76.5,88.69,36.53,1,0.0,0.0,5.18
2026-09-07T13:00:00+00:00,cow_01,37.93,25.75,34.25,0.1359,323,39.0,6.17,13.01,0.44,1,93.5,33.79,74.9,88.01,36.29,1,0.0,0.0,5.32
2026-09-07T13:00:00+00:00,cow_02,44.25,23.21,36.79,0.1593,388,38.99,5.21,15.33,0.68,2,93.5,33.79,74.9,88.01,36.29,1,0.0,0.0,5.24
2026-09-07T13:00:00+00:00,cow_03,37.07,21.84,38.16,0.1534,332,38.91,5.66,16.61,0.48,2,93.5,33.79,74.9,88.01,36.29,1,0.0,0.0,5.2
2026-09-07T13:00:00+00:00,cow_04,38.79,20.61,39.39,0.1442,358,39.02,7.41,16.59,0.59,3,93.5,33.79,74.9,88.01,36.29,1,0.0,0.0,5.26
2026-09-07T13:00:00+00:00,cow_05,50.25,24.19,35.81,0.1897,465,39.11,5.46,12.66,0.7,1,93.5,33.79,74.9,88.01,36.29,1,0.0,0.0,5.25
2026-09-07T13:00:00+00:00,cow_06,46.46,22.39,37.61,0.1881,423,38.85,7.47,15.06,0.55,2,93.5,33.79,74.9,88.01,36.29,1,0.0,0.0,5.12
2026-09-07T13:00:00+00:00,cow_07,35.97,25.92,34.08,0.1552,324,38.98,7.46,13.84,0.62,2,93.5,33.79,74.9,88.01,36.29,1,0.0,0.0,5.08
2026-09-07T13:00:00+00:00,cow_08,37.67,24.76,35.24,0.1558,358,39.15,7.78,17.53,0.57,3,93.5,33.79,74.9,88.01,36.29,1,0.0,0.0,5.26
2026-09-07T13:00:00+00:00,cow_09,36.24,21.17,38.83,0.1602,338,38.98,5.72,13.46,0.53,2,93.5,33.79,74.9,88.01,36.29,1,0.0,0.0,5.2
2026-09-07T13:00:00+00:00,cow_10,42.06,22.23,37.77,0.1727,400,38.99,4.95,15.58,0.57,1,93.5,33.79,74.9,88.01,36.29,1,0.0,0.0,5.19
2026-09-07T13:00:00+00:00,cow_11,49.98,22.1,37.9,0.1939,436,38.82,8.48,15.57,0.72,2,93.5,33.79,74.9,88.01,36.29,1,0.0,0.0,5.14
2026-09-07T13:00:00+00:00,cow_12,39.03,22.11,37.89,0.1637,348,38.99,9.73,14.86,0.77,3,93.5,33.79,74.9,88.01,36.29,1,0.0,0.0,5.21
2026-09-07T13:00:00+00:00,cow_13,42.39,21.74,38.26,0.1799,388,39.08,9.09,16.09,0.81,3,93.5,33.79,74.9,88.01,36.29,1,0.0,0.0,5.19
2026-09-07T13:00:00+00:00,cow_14,45.14,25.41,34.59,0.1548,390,39.07,6.39,12.79,0.5,3,93.5,33.79,74.9,88.01,36.29,1,0.0,0.0,5.06
2026-09-07T13:00:00+00:00,cow_15,34.11,21.0,39.0,0.1454,302,38.94,6.1,14.04,0.56,1,93.5,33.79,74.9,88.01,36.29,1,0.0,0.0,5.24
2026-09-07T13:00:00+00:00,cow_16,41.29,22.69,37.31,0.144,394,39.18,5.94,12.37,0.62,3,93.5,33.79,74.9,88.01,36.29,1,0.0,0.0,5.19
2026-09-07T14:00:00+00:00,cow_01,39.9,25.25,34.75,0.1495,359,39.16,7.32,15.54,0.56,2,92.3,33.97,70.3,87.41,36.47,1,0.0,0.0,5.21
2026-09-07T14:00:00+00:00,cow_02,50.29,23.54,36.46,0.1622,456,39.19,6.29,17.85,0.77,2,92.3,33.97,70.3,87.41,36.47,1,0.0,0.0,5.19
2026-09-07T14:00:00+00:00,cow_03,38.94,22.56,37.44,0.1558,343,39.0,6.98,15.33,0.58,3,92.3,33.97,70.3,87.41,36.47,1,0.0,0.0,5.11
2026-09-07T14:00:00+00:00,cow_04,41.0,22.18,37.82,0.1614,358,39.03,8.08,16.46,0.66,3,92.3,33.97,70.3,87.41,36.47,1,0.0,0.0,5.23
2026-09-07T14:00:00+00:00,cow_05,48.11,20.85,39.15,0.164,432,39.08,5.27,11.33,0.71,3,92.3,33.97,70.3,87.41,36.47,1,0.0,0.0,5.16
2026-09-07T14:00:00+00:00,cow_06,45.38,21.12,38.88,0.1575,392,38.91,5.81,13.1,0.44,1,92.3,33.97,70.3,87.41,36.47,1,0.0,0.0,5.23
2026-09-07T14:00:00+00:00,cow_07,37.04,26.39,33.61,0.1503,347,38.91,6.38,13.04,0.5,1,92.3,33.97,70.3,87.41,36.47,1,0.0,0.0,5.06
2026-09-07T14:00:00+00:00,cow_08,41.37,25.49,34.51,0.1607,365,39.13,7.75,15.1,0.66,2,92.3,33.97,70.3,87.41,36.47,1,0.0,0.0,5.22
2026-09-07T14:00:00+00:00,cow_09,35.09,23.78,36.22,0.1517,313,38.98,5.29,12.8,0.5,2,92.3,33.97,70.3,87.41,36.47,1,0.0,0.0,5.22
2026-09-07T14:00:00+00:00,cow_10,39.2,21.7,38.3,0.1536,371,39.14,6.64,15.27,0.55,3,92.3,33.97,70.3,87.41,36.47,1,0.0,0.0,5.2
2026-09-07T14:00:00+00:00,cow_11,47.69,25.15,34.85,0.1893,431,38.86,7.45,14.4,0.66,2,92.3,33.97,70.3,87.41,36.47,1,0.0,0.0,5.22
2026-09-07T14:00:00+00:00,cow_12,37.67,22.05,37.95,0.1578,364,38.96,6.47,15.2,0.49,2,92.3,33.97,70.3,87.41,36.47,1,0.0,0.0,5.37
2026-09-07T14:00:00+00:00,cow_13,40.33,25.08,34.92,0.1722,360,39.1,6.8,16.03,0.56,1,92.3,33.97,70.3,87.41,36.47,1,0.0,0.0,5.09
2026-09-07T14:00:00+00:00,cow_14,47.92,24.74,35.26,0.1889,417,39.25,8.71,14.82,0.72,2,92.3,33.97,70.3,87.41,36.47,1,0.0,0.0,5.22
2026-09-07T14:00:00+00:00,cow_15,37.11,19.04,40.96,0.1749,331,38.96,7.5,13.99,0.71,2,92.3,33.97,70.3,87.41,36.47,1,0.0,0.0,5.18
2026-09-07T14:00:00+00:00,cow_16,40.03,23.67,36.33,0.1673,340,39.11,5.71,13.88,0.49,2,92.3,33.97,70.3,87.41,36.47,1,0.0,0.0,5.11
2026-09-07T15:00:00+00:00,cow_01,41.49,26.34,33.66,0.1538,367,39.14,6.4,14.34,0.48,2,87.0,34.29,68.7,87.58,36.79,1,0.0,0.0,5.23
2026-09-07T15:00:00+00:00,cow_02,47.06,24.89,35.11,0.167,427,39.12,5.02,16.11,0.6,1,87.0,34.29,68.7,87.58,36.79,1,0.0,0.0,5.31
2026-09-07T15:00:00+00:00,cow_03,39.24,21.57,38.43,0.1712,385,38.93,6.21,13.42,0.47,1,87.0,34.29,68.7,87.58,36.79,1,0.0,0.0,5.14
2026-09-07T15:00:00+00:00,cow_04,41.3,22.92,37.08,0.162,392,39.05,5.51,13.87,0.49,1,87.0,34.29,68.7,87.58,36.79,1,0.0,0.0,5.2
2026-09-07T15:00:00+00:00,cow_05,48.32,21.08,38.92,0.1827,425,39.24,5.39,13.32,0.65,2,87.0,34.29,68.7,87.58,36.79,1,0.0,0.0,5.22
2026-09-07T15:00:00+00:00,cow_06,49.12,22.02,37.98,0.1898,451,38.92,5.89,14.75,0.48,3,87.0,34.29,68.7,87.58,36.79,1,0.0,0.0,5.06
2026-09-07T15:00:00+00:00,cow_07,38.52,25.66,34.34,0.1689,360,38.91,5.82,14.45,0.56,2,87.0,34.29,68.7,87.58,36.79,1,0.0,0.0,5.07
2026-09-07T15:00:00+00:00,cow_08,41.08,24.98,35.02,0.1652,389,39.11,6.94,15.7,0.59,3,87.0,34.29,68.7,87.58,36.79,1,0.0,0.0,5.08
2026-09-07T15:00:00+00:00,cow_09,40.12,19.05,40.95,0.1614,346,38.87,3.83,15.83,0.33,1,87.0,34.29,68.7,87.58,36.79,1,0.0,0.0,5.23
2026-09-07T15:00:00+00:00,cow_10,39.48,24.5,35.5,0.1788,350,39.27,5.75,14.46,0.48,3,87.0,34.29,68.7,87.58,36.79,1,0.0,0.0,5.09
2026-09-07T15:00:00+00:00,cow_11,46.58,24.22,35.78,0.1722,435,39.02,8.14,14.96,0.71,2,87.0,34.29,68.7,87.58,36.79,1,0.0,0.0,5.1
2026-09-07T15:00:00+00:00,cow_12,36.2,24.23,35.77,0.1483,302,39.02,7.26,15.29,0.6,3,87.0,34.29,68.7,87.58,36.79,1,0.0,0.0,5.14
2026-09-07T15:00:00+00:00,cow_13,38.89,20.25,39.75,0.1653,359,39.24,7.64,17.0,0.71,1,87.0,34.29,68.7,87.58,36.79,1,0.0,0.0,5.18
2026-09-07T15:00:00+00:00,cow_14,44.43,24.65,35.35,0.1761,410,39.05,7.39,14.97,0.57,3,87.0,34.29,68.7,87.58,36.79,1,0.0,0.0,5.22
2026-09-07T15:00:00+00:00,cow_15,40.35,22.21,37.79,0.1487,354,38.95,6.13,14.44,0.51,2,87.0,34.29,68.7,87.58,36.79,1,0.0,0.0,5.28
2026-09-07T15:00:00+00:00,cow_16,40.57,24.26,35.74,0.1602,357,39.23,5.92,12.59,0.55,1,87.0,34.29,68.7,87.58,36.79,1,0.0,0.0,5.36
2026-09-07T16:00:00+00:00,cow_01,59.46,15.7,44.3,0.2128,537,39.25,14.36,14.91,1.11,4,91.7,33.46,68.7,86.34,35.96,1,0.0,0.0,5.23
2026-09-07T16:00:00+00:00,cow_02,65.86,16.23,43.77,0.2244,594,39.18,11.18,17.87,1.43,4,91.7,33.46,68.7,86.34,35.96,1,0.0,0.0,5.16
2026-09-07T16:00:00+00:00,cow_03,52.07,15.14,44.86,0.1876,490,39.11,15.35,15.18,1.29,4,91.7,33.46,68.7,86.34,35.96,1,0.0,0.0,5.24
2026-09-07T16:00:00+00:00,cow_04,49.92,14.48,45.52,0.1896,459,39.08,16.98,16.86,1.42,5,91.7,33.46,68.7,86.34,35.96,1,0.0,0.0,5.15
2026-09-07T16:00:00+00:00,cow_05,57.64,12.63,47.37,0.2045,547,39.15,13.26,9.77,1.71,3,91.7,33.46,68.7,86.34,35.96,1,0.0,0.0,5.08
2026-09-07T16:00:00+00:00,cow_06,65.17,15.31,44.69,0.2048,598,38.92,16.36,14.31,1.2,4,91.7,33.46,68.7,86.34,35.96,1,0.0,0.0,5.1
2026-09-07T16:00:00+00:00,cow_07,51.55,17.85,42.15,0.1828,465,39.11,17.07,15.73,1.49,5,91.7,33.46,68.7,86.34,35.96,1,0.0,0.0,5.28
2026-09-07T16:00:00+00:00,cow_08,51.64,18.18,41.82,0.1786,479,39.36,18.04,14.52,1.47,6,91.7,33.46,68.7,86.34,35.96,1,0.0,0.0,5.34
2026-09-07T16:00:00+00:00,cow_09,52.46,13.3,46.7,0.2007,472,38.96,14.99,16.34,1.36,5,91.7,33.46,68.7,86.34,35.96,1,0.0,0.0,5.08
2026-09-07T16:00:00+00:00,cow_10,58.14,15.08,44.92,0.1988,531,39.15,11.8,15.8,1.05,4,91.7,33.46,68.7,86.34,35.96,1,0.0,0.0,5.39
2026-09-07T16:00:00+00:00,cow_11,60.05,18.73,41.27,0.2095,541,39.11,15.43,15.0,1.41,5,91.7,33.46,68.7,86.34,35.96,1,0.0,0.0,5.32
2026-09-07T16:00:00+00:00,cow_12,52.8,15.05,44.95,0.1976,471,38.98,17.2,15.56,1.27,6,91.7,33.46,68.7,86.34,35.96,1,0.0,0.0,5.16
2026-09-07T16:00:00+00:00,cow_13,53.69,14.9,45.1,0.1807,498,39.13,17.27,15.92,1.54,5,91.7,33.46,68.7,86.34,35.96,1,0.0,0.0,5.18
2026-09-07T16:00:00+00:00,cow_14,63.6,17.88,42.12,0.2032,578,39.12,18.85,15.11,1.62,6,91.7,33.46,68.7,86.34,35.96,1,0.0,0.0,5.27
2026-09-07T16:00:00+00:00,cow_15,50.24,14.54,45.46,0.1717,479,39.09,16.5,14.04,1.43,4,91.7,33.46,68.7,86.34,35.96,1,0.0,0.0,5.13
2026-09-07T16:00:00+00:00,cow_16,53.78,17.26,42.74,0.1897,475,39.18,14.37,11.63,1.34,4,91.7,33.46,68.7,86.34,35.96,1,0.0,0.0,5.27
2026-09-07T17:00:00+00:00,cow_01,57.4,18.88,41.12,0.1942,508,39.29,15.94,14.42,1.26,4,90.2,32.76,66.8,84.94,35.26,1,13.19,8.14,5.13
2026-09-07T17:00:00+00:00,cow_02,65.51,17.99,42.01,0.218,608,39.21,12.94,15.07,1.71,3,90.2,32.76,66.8,84.94,35.26,1,12.85,8.46,5.13
2026-09-07T17:00:00+00:00,cow_03,54.79,19.34,40.66,0.1783,478,39.03,15.69,13.52,1.3,5,90.2,32.76,66.8,84.94,35.26,1,13.71,7.35,5.11
2026-09-07T17:00:00+00:00,cow_04,54.77,13.9,46.1,0.1848,506,39.07,16.38,16.32,1.38,5,90.2,32.76,66.8,84.94,35.26,1,13.97,7.95,5.18
2026-09-07T17:00:00+00:00,cow_05,61.62,15.62,44.38,0.1779,559,39.14,14.84,13.87,1.85,4,90.2,32.76,66.8,84.94,35.26,1,15.96,7.21,5.13
2026-09-07T17:00:00+00:00,cow_06,70.25,17.49,42.51,0.2343,616,39.04,16.65,15.84,1.26,5,90.2,32.76,66.8,84.94,35.26,1,14.21,7.69,5.06
2026-09-07T17:00:00+00:00,cow_07,53.06,16.43,43.57,0.1881,458,39.21,17.28,14.8,1.55,6,90.2,32.76,66.8,84.94,35.26,1,13.75,8.0,5.13
2026-09-07T17:00:00+00:00,cow_08,50.78,16.65,43.35,0.2008,467,39.27,16.98,16.91,1.36,4,90.2,32.76,66.8,84.94,35.26,1,16.01,7.23,5.31
2026-09-07T17:00:00+00:00,cow_09,55.34,14.64,45.36,0.1925,528,39.01,13.94,15.24,1.24,4,90.2,32.76,66.8,84.94,35.26,1,14.42,7.98,5.21
2026-09-07T17:00:00+00:00,cow_10,58.56,16.04,43.96,0.2037,531,39.16,12.53,13.51,1.17,4,90.2,32.76,66.8,84.94,35.26,1,15.72,7.15,5.29
2026-09-07T17:00:00+00:00,cow_11,62.72,15.8,44.2,0.1925,558,38.96,16.24,14.89,1.39,5,90.2,32.76,66.8,84.94,35.26,1,14.61,7.29,5.11
2026-09-07T17:00:00+00:00,cow_12,47.83,18.38,41.62,0.154,428,38.98,16.86,15.47,1.27,6,90.2,32.76,66.8,84.94,35.26,1,11.85,7.69,5.01
2026-09-07T17:00:00+00:00,cow_13,55.55,16.49,43.51,0.1986,495,39.15,15.91,18.13,1.42,6,90.2,32.76,66.8,84.94,35.26,1,13.26,7.6,5.19
2026-09-07T17:00:00+00:00,cow_14,63.32,16.63,43.37,0.2074,544,39.29,16.94,13.35,1.47,5,90.2,32.76,66.8,84.94,35.26,1,14.17,7.42,5.27
2026-09-07T17:00:00+00:00,cow_15,49.47,13.71,46.29,0.174,449,39.09,15.55,12.97,1.38,5,90.2,32.76,66.8,84.94,35.26,1,14.81,7.98,5.27
2026-09-07T17:00:00+00:00,cow_16,53.05,15.56,44.44,0.2039,464,39.24,12.74,15.0,1.19,5,90.2,32.76,66.8,84.94,35.26,1,13.95,7.6,5.19
2026-09-07T18:00:00+00:00,cow_01,58.94,15.44,44.56,0.2067,521,39.32,16.12,13.9,1.26,6,89.3,31.68,64.7,82.99,34.18,1,0.0,0.0,5.34
2026-09-07T18:00:00+00:00,cow_02,65.97,16.41,43.59,0.2287,589,39.2,12.65,16.49,1.6,3,89.3,31.68,64.7,82.99,34.18,1,0.0,0.0,5.27
2026-09-07T18:00:00+00:00,cow_03,53.7,14.89,45.11,0.1966,494,39.12,15.1,14.45,1.24,4,89.3,31.68,64.7,82.99,34.18,1,0.0,0.0,5.24
2026-09-07T18:00:00+00:00,cow_04,50.42,15.07,44.93,0.1675,460,39.17,16.78,16.44,1.37,5,89.3,31.68,64.7,82.99,34.18,1,0.0,0.0,5.25
2026-09-07T18:00:00+00:00,cow_05,65.25,16.19,43.81,0.2182,614,39.18,13.5,12.0,1.73,4,89.3,31.68,64.7,82.99,34.18,1,0.0,0.0,5.19
2026-09-07T18:00:00+00:00,cow_06,67.96,16.77,43.23,0.21,625,39.25,15.31,15.25,1.16,5,89.3,31.68,64.7,82.99,34.18,1,0.0,0.0,5.36
2026-09-07T18:00:00+00:00,cow_07,53.27,17.65,42.35,0.1953,490,39.19,16.32,13.71,1.47,6,89.3,31.68,64.7,82.99,34.18,1,0.0,0.0,5.12
2026-09-07T18:00:00+00:00,cow_08,51.81,15.66,44.34,0.1765,485,39.21,16.69,16.94,1.4,6,89.3,31.68,64.7,82.99,34.18,1,0.0,0.0,5.15
2026-09-07T18:00:00+00:00,cow_09,53.07,16.17,43.83,0.1775,486,38.99,15.13,15.08,1.42,4,89.3,31.68,64.7,82.99,34.18,1,0.0,0.0,5.14
2026-09-07T18:00:00+00:00,cow_10,55.51,15.77,44.23,0.1828,527,39.29,14.22,16.41,1.27,4,89.3,31.68,64.7,82.99,34.18,1,0.0,0.0,5.14
2026-09-07T18:00:00+00:00,cow_11,65.31,13.71,46.29,0.2298,592,39.03,16.89,14.94,1.5,6,89.3,31.68,64.7,82.99,34.18,1,0.0,0.0,5.2
2026-09-07T18:00:00+00:00,cow_12,52.21,16.18,43.82,0.1867,468,39.21,17.86,15.07,1.41,6,89.3,31.68,64.7,82.99,34.18,1,0.0,0.0,5.23
2026-09-07T18:00:00+00:00,cow_13,54.76,14.01,45.99,0.1886,498,39.26,15.76,16.6,1.43,5,89.3,31.68,64.7,82.99,34.18,1,0.0,0.0,5.16
2026-09-07T18:00:00+00:00,cow_14,66.13,15.19,44.81,0.2115,601,39.24,17.63,14.94,1.56,6,89.3,31.68,64.7,82.99,34.18,1,0.0,0.0,5.16
2026-09-07T18:00:00+00:00,cow_15,52.03,17.2,42.8,0.1795,445,39.03,17.18,14.27,1.63,5,89.3,31.68,64.7,82.99,34.18,1,0.0,0.0,5.14
2026-09-07T18:00:00+00:00,cow_16,54.83,15.8,44.2,0.1844,515,39.32,12.95,13.91,1.21,4,89.3,31.68,64.7,82.99,34.18,1,0.0,0.0,5.27
2026-09-07T19:00:00+00:00,cow_01,55.96,15.56,44.44,0.1981,501,39.24,16.7,14.24,1.26,5,94.0,31.03,64.3,82.0,33.53,1,0.0,0.0,5.14
2026-09-07T19:00:00+00:00,cow_02,64.47,15.44,44.56,0.2243,577,39.23,13.41,16.54,1.68,4,94.0,31.03,64.3,82.0,33.53,1,0.0,0.0,5.28
2026-09-07T19:00:00+00:00,cow_03,54.64,13.12,46.88,0.2206,512,39.1,15.3,15.53,1.28,5,94.0,31.03,64.3,82.0,33.53,1,0.0,0.0,5.07
2026-09-07T19:00:00+00:00,cow_04,53.51,16.76,43.24,0.1963,496,39.14,15.52,16.14,1.33,5,94.0,31.03,64.3,82.0,33.53,1,0.0,0.0,5.3
2026-09-07T19:00:00+00:00,cow_05,59.0,14.44,45.56,0.2017,535,39.28,14.84,11.78,1.9,3,94.0,31.03,64.3,82.0,33.53,1,0.0,0.0,5.37
2026-09-07T19:00:00+00:00,cow_06,64.84,15.2,44.8,0.2165,589,39.04,18.27,15.17,1.33,6,94.0,31.03,64.3,82.0,33.53,1,0.0,0.0,5.24
2026-09-07T19:00:00+00:00,cow_07,52.29,17.02,42.98,0.1847,471,38.99,16.63,14.86,1.47,4,94.0,31.03,64.3,82.0,33.53,1,0.0,0.0,5.28
2026-09-07T19:00:00+00:00,cow_08,50.72,20.76,39.24,0.1732,474,39.3,18.8,15.32,1.52,6,94.0,31.03,64.3,82.0,33.53,1,0.0,0.0,5.23
2026-09-07T19:00:00+00:00,cow_09,51.5,18.27,41.73,0.188,476,39.0,14.59,14.94,1.32,5,94.0,31.03,64.3,82.0,33.53,1,0.0,0.0,5.13
2026-09-07T19:00:00+00:00,cow_10,56.94,13.44,46.56,0.2029,492,39.29,15.46,16.6,1.41,4,94.0,31.03,64.3,82.0,33.53,1,0.0,0.0,5.34
2026-09-07T19:00:00+00:00,cow_11,62.72,14.23,45.77,0.2208,597,38.91,17.14,15.41,1.47,5,94.0,31.03,64.3,82.0,33.53,1,0.0,0.0,5.29
2026-09-07T19:00:00+00:00,cow_12,51.58,14.59,45.41,0.2019,460,39.17,17.75,16.04,1.38,5,94.0,31.03,64.3,82.0,33.53,1,0.0,0.0,5.14
2026-09-07T19:00:00+00:00,cow_13,54.84,14.32,45.68,0.2069,506,39.29,16.6,16.02,1.45,5,94.0,31.03,64.3,82.0,33.53,1,0.0,0.0,5.25
2026-09-07T19:00:00+00:00,cow_14,61.71,17.91,42.09,0.2066,539,39.09,17.94,13.94,1.55,5,94.0,31.03,64.3,82.0,33.53,1,0.0,0.0,5.21
2026-09-07T19:00:00+00:00,cow_15,54.23,16.08,43.92,0.2044,493,39.18,16.99,15.64,1.51,4,94.0,31.03,64.3,82.0,33.53,1,0.0,0.0,5.04
2026-09-07T19:00:00+00:00,cow_16,55.69,16.45,43.55,0.2088,481,39.31,14.33,14.04,1.33,4,94.0,31.03,64.3,82.0,33.53,1,0.0,0.0,5.1
2026-09-07T20:00:00+00:00,cow_01,41.2,27.57,32.43,0.1686,373,39.23,6.43,12.76,0.44,2,87.0,29.2,63.4,79.22,31.7,1,0.0,0.0,5.02
2026-09-07T20:00:00+00:00,cow_02,50.27,23.73,36.27,0.1974,447,39.32,5.04,17.07,0.65,2,87.0,29.2,63.4,79.22,31.7,1,0.0,0.0,5.22
2026-09-07T20:00:00+00:00,cow_03,37.13,21.88,38.12,0.162,336,39.15,4.79,16.13,0.35,1,87.0,29.2,63.4,79.22,31.7,1,0.0,0.0,5.14
2026-09-07T20:00:00+00:00,cow_04,39.68,23.28,36.72,0.1682,386,39.1,5.5,15.6,0.42,2,87.0,29.2,63.4,79.22,31.7,1,0.0,0.0,5.08
2026-09-07T20:00:00+00:00,cow_05,41.59,22.93,37.07,0.1662,406,39.29,6.52,13.1,0.83,2,87.0,29.2,63.4,79.22,31.7,1,0.0,0.0,5.16
2026-09-07T20:00:00+00:00,cow_06,44.52,21.59,38.41,0.179,397,39.09,6.39,15.36,0.49,2,87.0,29.2,63.4,79.22,31.7,1,0.0,0.0,5.2
2026-09-07T20:00:00+00:00,cow_07,40.32,24.51,35.49,0.1616,385,39.25,5.5,13.22,0.45,1,87.0,29.2,63.4,79.22,31.7,1,0.0,0.0,5.23
2026-09-07T20:00:00+00:00,cow_08,39.38,26.49,33.51,0.1719,380,39.26,6.67,14.76,0.53,2,87.0,29.2,63.4,79.22,31.7,1,0.0,0.0,5.14
2026-09-07T20:00:00+00:00,cow_09,35.53,26.34,33.66,0.1505,350,38.99,6.53,14.26,0.59,2,87.0,29.2,63.4,79.22,31.7,1,0.0,0.0,5.17
2026-09-07T20:00:00+00:00,cow_10,40.21,21.02,38.98,0.1631,337,39.25,6.5,15.38,0.56,3,87.0,29.2,63.4,79.22,31.7,1,0.0,0.0,5.32
2026-09-07T20:00:00+00:00,cow_11,46.19,22.72,37.28,0.1644,400,39.05,6.61,13.49,0.62,3,87.0,29.2,63.4,79.22,31.7,1,0.0,0.0,5.25
2026-09-07T20:00:00+00:00,cow_12,33.29,22.82,37.18,0.1415,289,38.98,8.65,14.14,0.59,3,87.0,29.2,63.4,79.22,31.7,1,0.0,0.0,5.2
2026-09-07T20:00:00+00:00,cow_13,42.02,23.1,36.9,0.1681,359,39.16,6.0,15.69,0.51,2,87.0,29.2,63.4,79.22,31.7,1,0.0,0.0,5.18
2026-09-07T20:00:00+00:00,cow_14,47.87,25.58,34.42,0.1698,414,39.25,6.55,15.64,0.52,1,87.0,29.2,63.4,79.22,31.7,1,0.0,0.0,5.15
2026-09-07T20:00:00+00:00,cow_15,36.54,21.28,38.72,0.1498,347,39.04,5.34,15.06,0.5,2,87.0,29.2,63.4,79.22,31.7,1,0.0,0.0,5.16
2026-09-07T20:00:00+00:00,cow_16,40.29,23.09,36.91,0.1743,375,39.28,5.56,13.3,0.51,2,87.0,29.2,63.4,79.22,31.7,1,0.0,0.0,5.08
2026-09-07T21:00:00+00:00,cow_01,44.7,26.08,33.92,0.1796,378,39.37,7.45,11.28,0.61,2,89.3,28.75,63.1,78.53,31.25,1,0.0,0.0,5.04
2026-09-07T21:00:00+00:00,cow_02,46.94,22.68,37.32,0.1859,422,39.27,5.15,16.86,0.65,2,89.3,28.75,63.1,78.53,31.25,1,0.0,0.0,5.16
2026-09-07T21:00:00+00:00,cow_03,40.21,24.62,35.38,0.1584,362,39.2,7.29,13.45,0.62,1,89.3,28.75,63.1,78.53,31.25,1,0.0,0.0,5.18
2026-09-07T21:00:00+00:00,cow_04,37.33,22.55,37.45,0.1511,326,39.16,5.48,16.14,0.47,1,89.3,28.75,63.1,78.53,31.25,1,0.0,0.0,5.21
2026-09-07T21:00:00+00:00,cow_05,46.45,19.15,40.85,0.1716,418,39.33,5.79,14.21,0.74,2,89.3,28.75,63.1,78.53,31.25,1,0.0,0.0,5.17
2026-09-07T21:00:00+00:00,cow_06,47.56,19.75,40.25,0.1751,439,39.02,6.15,13.34,0.49,3,89.3,28.75,63.1,78.53,31.25,1,0.0,0.0,5.18
2026-09-07T21:00:00+00:00,cow_07,38.56,27.55,32.45,0.1523,347,39.17,6.89,16.69,0.61,2,89.3,28.75,63.1,78.53,31.25,1,0.0,0.0,5.11
2026-09-07T21:00:00+00:00,cow_08,37.67,26.5,33.5,0.1503,323,39.34,6.96,16.67,0.6,2,89.3,28.75,63.1,78.53,31.25,1,0.0,0.0,5.18
2026-09-07T21:00:00+00:00,cow_09,36.18,18.15,41.85,0.1611,331,39.01,4.83,12.33,0.44,2,89.3,28.75,63.1,78.53,31.25,1,0.0,0.0,5.19
2026-09-07T21:00:00+00:00,cow_10,41.93,25.5,34.5,0.1733,367,39.21,5.87,14.83,0.56,1,89.3,28.75,63.1,78.53,31.25,1,0.0,0.0,5.08
2026-09-07T21:00:00+00:00,cow_11,47.65,21.84,38.16,0.1698,423,39.07,7.54,14.58,0.61,2,89.3,28.75,63.1,78.53,31.25,1,0.0,0.0,5.21
2026-09-07T21:00:00+00:00,cow_12,36.44,21.72,38.28,0.1538,343,39.18,7.35,15.03,0.55,3,89.3,28.75,63.1,78.53,31.25,1,0.0,0.0,5.26
2026-09-07T21:00:00+00:00,cow_13,42.68,21.7,38.3,0.1583,402,39.16,7.43,15.43,0.67,2,89.3,28.75,63.1,78.53,31.25,1,0.0,0.0,5.26
2026-09-07T21:00:00+00:00,cow_14,47.6,24.22,35.78,0.1784,426,39.14,7.21,13.77,0.58,2,89.3,28.75,63.1,78.53,31.25,1,0.0,0.0,5.17
2026-09-07T21:00:00+00:00,cow_15,39.35,20.91,39.09,0.1582,337,39.17,8.75,13.34,0.83,3,89.3,28.75,63.1,78.53,31.25,1,0.0,0.0,5.33
2026-09-07T21:00:00+00:00,cow_16,40.69,19.1,40.9,0.1544,370,39.34,4.81,12.54,0.48,1,89.3,28.75,63.1,78.53,31.25,1,0.0,0.0,5.21
2026-09-07T22:00:00+00:00,cow_01,21.77,35.64,24.36,0.112,219,39.2,2.23,20.08,0.19,1,89.4,27.4,65.4,76.89,29.9,1,0.0,0.0,5.16
2026-09-07T22:00:00+00:00,cow_02,24.69,36.52,23.48,0.1289,231,39.34,0.79,23.56,0.11,0,89.4,27.4,65.4,76.89,29.9,1,0.0,0.0,5.21
2026-09-07T22:00:00+00:00,cow_03,19.11,31.79,28.21,0.1021,175,39.1,2.22,20.51,0.17,1,89.4,27.4,65.4,76.89,29.9,1,0.0,0.0,5.22
2026-09-07T22:00:00+00:00,cow_04,22.76,33.92,26.08,0.1037,220,39.22,3.07,20.03,0.27,1,89.4,27.4,65.4,76.89,29.9,1,0.0,0.0,5.3
2026-09-07T22:00:00+00:00,cow_05,25.05,30.71,29.29,0.1301,233,39.18,0.47,18.99,0.0,0,89.4,27.4,65.4,76.89,29.9,1,0.0,0.0,5.11
2026-09-07T22:00:00+00:00,cow_06,30.57,32.04,27.96,0.1362,277,38.98,2.8,19.89,0.17,1,89.4,27.4,65.4,76.89,29.9,1,0.0,0.0,5.09
2026-09-07T22:00:00+00:00,cow_07,20.65,38.58,21.42,0.1217,189,39.09,1.42,19.02,0.17,1,89.4,27.4,65.4,76.89,29.9,1,0.0,0.0,5.2
2026-09-07T22:00:00+00:00,cow_08,17.31,41.05,18.95,0.1155,145,39.24,1.93,24.45,0.17,1,89.4,27.4,65.4,76.89,29.9,1,0.0,0.0,5.14
2026-09-07T22:00:00+00:00,cow_09,23.01,35.01,24.99,0.1137,221,39.01,2.19,19.8,0.26,1,89.4,27.4,65.4,76.89,29.9,1,0.0,0.0,5.15
2026-09-07T22:00:00+00:00,cow_10,24.98,35.02,24.98,0.1319,221,39.22,1.32,21.86,0.22,1,89.4,27.4,65.4,76.89,29.9,1,0.0,0.0,5.19
2026-09-07T22:00:00+00:00,cow_11,25.85,35.21,24.79,0.1412,225,38.88,1.17,22.23,0.0,0,89.4,27.4,65.4,76.89,29.9,1,0.0,0.0,5.21
2026-09-07T22:00:00+00:00,cow_12,25.93,33.17,26.83,0.1379,254,39.08,2.28,20.96,0.12,0,89.4,27.4,65.4,76.89,29.9,1,0.0,0.0,5.21
2026-09-07T22:00:00+00:00,cow_13,20.64,35.85,24.15,0.1079,196,39.34,2.31,24.58,0.22,1,89.4,27.4,65.4,76.89,29.9,1,0.0,0.0,4.99
2026-09-07T22:00:00+00:00,cow_14,27.14,38.22,21.78,0.1417,239,39.18,3.68,18.96,0.36,1,89.4,27.4,65.4,76.89,29.9,1,0.0,0.0,5.15
2026-09-07T22:00:00+00:00,cow_15,21.36,35.06,24.94,0.1198,204,39.02,0.77,19.78,0.04,0,89.4,27.4,65.4,76.89,29.9,1,0.0,0.0,5.17
2026-09-07T22:00:00+00:00,cow_16,24.47,34.91,25.09,0.116,240,39.31,2.05,19.64,0.19,0,89.4,27.4,65.4,76.89,29.9,1,0.0,0.0,5.23
2026-09-07T23:00:00+00:00,cow_01,26.75,39.16,20.84,0.1248,238,39.17,2.11,20.49,0.11,1,85.4,26.47,67.2,75.74,28.97,1,0.0,0.0,5.28
2026-09-07T23:00:00+00:00,cow_02,29.85,33.46,26.54,0.1461,248,39.2,2.26,23.47,0.32,0,85.4,26.47,67.2,75.74,28.97,1,0.0,0.0,5.32
2026-09-07T23:00:00+00:00,cow_03,23.69,31.61,28.39,0.1402,210,39.1,2.46,21.16,0.17,2,85.4,26.47,67.2,75.74,28.97,1,0.0,0.0,5.35
2026-09-07T23:00:00+00:00,cow_04,22.36,34.51,25.49,0.1102,204,39.21,1.42,22.05,0.02,0,85.4,26.47,67.2,75.74,28.97,1,0.0,0.0,5.27
2026-09-07T23:00:00+00:00,cow_05,22.84,32.51,27.49,0.1377,199,39.23,1.67,19.91,0.16,0,85.4,26.47,67.2,75.74,28.97,1,0.0,0.0,5.22
2026-09-07T23:00:00+00:00,cow_06,26.46,34.97,25.03,0.1248,220,39.02,1.74,20.32,0.18,1,85.4,26.47,67.2,75.74,28.97,1,0.0,0.0,5.24
2026-09-07T23:00:00+00:00,cow_07,19.64,37.21,22.79,0.1082,168,38.96,1.09,20.12,0.09,0,85.4,26.47,67.2,75.74,28.97,1,0.0,0.0,5.29
2026-09-07T23:00:00+00:00,cow_08,20.92,35.4,24.6,0.1252,201,39.15,1.23,21.19,0.11,0,85.4,26.47,67.2,75.74,28.97,1,0.0,0.0,5.18
2026-09-07T23:00:00+00:00,cow_09,18.87,35.02,24.98,0.1213,153,39.06,1.09,21.78,0.13,0,85.4,26.47,67.2,75.74,28.97,1,0.0,0.0,5.34
2026-09-07T23:00:00+00:00,cow_10,22.58,33.32,26.68,0.1226,191,39.18,0.85,23.34,0.1,0,85.4,26.47,67.2,75.74,28.97,1,0.0,0.0,5.34
2026-09-07T23:00:00+00:00,cow_11,26.13,32.61,27.39,0.1431,242,38.91,3.16,22.46,0.25,1,85.4,26.47,67.2,75.74,28.97,1,0.0,0.0,5.1
2026-09-07T23:00:00+00:00,cow_12,21.23,34.0,26.0,0.1189,168,39.08,0.6,21.57,0.0,0,85.4,26.47,67.2,75.74,28.97,1,0.0,0.0,5.2
2026-09-07T23:00:00+00:00,cow_13,24.63,35.83,24.17,0.1143,223,39.37,2.12,22.04,0.18,0,85.4,26.47,67.2,75.74,28.97,1,0.0,0.0,5.11
2026-09-07T23:00:00+00:00,cow_14,27.14,35.41,24.59,0.1346,238,39.07,0.96,19.59,0.08,0,85.4,26.47,67.2,75.74,28.97,1,0.0,0.0,5.12
2026-09-07T23:00:00+00:00,cow_15,22.17,33.22,26.78,0.1354,198,39.12,2.31,19.46,0.21,0,85.4,26.47,67.2,75.74,28.97,1,0.0,0.0,5.18
2026-09-07T23:00:00+00:00,cow_16,23.6,34.26,25.74,0.1556,212,39.23,2.73,19.37,0.27,1,85.4,26.47,67.2,75.74,28.97,1,0.0,0.0,5.23
2026-09-08T00:00:00+00:00,cow_01,19.83,36.36,23.64,0.1134,153,38.7,1.74,23.36,0.1,0,90.0,15.05,53.5,58.81,14.05,0,0.0,0.0,5.28
2026-09-08T00:00:00+00:00,cow_02,32.83,35.54,24.46,0.1244,275,38.69,3.34,27.92,0.42,1,90.0,15.05,53.5,58.81,14.05,0,0.0,0.0,5.04
2026-09-08T00:00:00+00:00,cow_03,28.4,32.92,27.08,0.1328,218,38.61,4.1,23.87,0.34,1,90.0,15.05,53.5,58.81,14.05,0,0.0,0.0,5.22
2026-09-08T00:00:00+00:00,cow_04,28.21,30.99,29.01,0.1262,204,38.7,1.14,26.71,0.03,0,90.0,15.05,53.5,58.81,14.05,0,0.0,0.0,5.12
2026-09-08T00:00:00+00:00,cow_05,28.3,35.28,24.72,0.1167,209,38.74,2.03,20.46,0.23,0,90.0,15.05,53.5,58.81,14.05,0,0.0,0.0,5.16
2026-09-08T00:00:00+00:00,cow_06,27.78,34.57,25.43,0.1364,182,38.56,0.34,24.25,0.11,0,90.0,15.05,53.5,58.81,14.05,0,0.0,0.0,5.22
2026-09-08T00:00:00+00:00,cow_07,25.25,39.65,20.35,0.1338,208,38.56,3.27,25.26,0.32,1,90.0,15.05,53.5,58.81,14.05,0,0.0,0.0,5.07
2026-09-08T00:00:00+00:00,cow_08,22.07,37.85,22.15,0.1087,174,38.71,3.74,26.49,0.26,0,90.0,15.05,53.5,58.81,14.05,0,0.0,0.0,5.21
2026-09-08T00:00:00+00:00,cow_09,23.17,33.38,26.62,0.1192,211,38.58,1.46,21.6,0.12,0,90.0,15.05,53.5,58.81,14.05,0,0.0,0.0,5.06
2026-09-08T00:00:00+00:00,cow_10,27.84,33.92,26.08,0.1413,221,38.68,0.88,25.66,0.0,1,90.0,15.05,53.5,58.81,14.05,0,0.0,0.0,5.09
2026-09-08T00:00:00+00:00,cow_11,30.45,32.97,27.03,0.1387,244,38.46,2.43,27.36,0.18,1,90.0,15.05,53.5,58.81,14.05,0,0.0,0.0,5.25
2026-09-08T00:00:00+00:00,cow_12,24.1,33.39,26.61,0.1261,185,38.61,1.52,25.71,0.12,1,90.0,15.05,53.5,58.81,14.05,0,0.0,0.0,5.26
2026-09-08T00:00:00+00:00,cow_13,23.62,32.92,27.08,0.1247,203,38.73,4.04,26.56,0.33,1,90.0,15.05,53.5,58.81,14.05,0,0.0,0.0,5.16
2026-09-08T00:00:00+00:00,cow_14,28.04,37.81,22.19,0.1398,228,38.7,4.64,25.4,0.39,2,90.0,15.05,53.5,58.81,14.05,0,0.0,0.0,5.18
2026-09-08T00:00:00+00:00,cow_15,24.83,33.49,26.51,0.1247,187,38.53,2.12,23.8,0.21,0,90.0,15.05,53.5,58.81,14.05,0,0.0,0.0,5.23
2026-09-08T00:00:00+00:00,cow_16,32.61,34.4,25.6,0.1486,271,38.67,2.73,21.05,0.26,0,90.0,15.05,53.5,58.81,14.05,0,0.0,0.0,5.24
2026-09-08T01:00:00+00:00,cow_01,24.55,38.13,21.87,0.1187,225,38.68,2.22,24.48,0.21,1,91.4,14.48,57.8,58.05,13.48,0,0.0,0.0,5.13
2026-09-08T01:00:00+00:00,cow_02,29.4,34.7,25.3,0.1409,253,38.67,1.71,27.03,0.15,0,91.4,14.48,57.8,58.05,13.48,0,0.0,0.0,5.26
2026-09-08T01:00:00+00:00,cow_03,22.51,33.37,26.63,0.1074,177,38.55,1.32,25.14,0.16,0,91.4,14.48,57.8,58.05,13.48,0,0.0,0.0,5.18
2026-09-08T01:00:00+00:00,cow_04,24.44,31.3,28.7,0.11,214,38.55,3.73,24.7,0.35,1,91.4,14.48,57.8,58.05,13.48,0,0.0,0.0,5.19
2026-09-08T01:00:00+00:00,cow_05,32.95,30.36,29.64,0.1453,271,38.84,1.14,21.24,0.19,0,91.4,14.48,57.8,58.05,13.48,0,0.0,0.0,5.16
2026-09-08T01:00:00+00:00,cow_06,32.61,33.71,26.29,0.1298,271,38.54,2.37,23.81,0.14,1,91.4,14.48,57.8,58.05,13.48,0,0.0,0.0,5.17
2026-09-08T01:00:00+00:00,cow_07,21.48,36.56,23.44,0.1226,164,38.47,1.46,23.19,0.12,0,91.4,14.48,57.8,58.05,13.48,0,0.0,0.0,5.17
2026-09-08T01:00:00+00:00,cow_08,21.04,37.62,22.38,0.1297,183,38.75,3.41,28.05,0.23,1,91.4,14.48,57.8,58.05,13.48,0,0.0,0.0,5.11
2026-09-08T01:00:00+00:00,cow_09,21.12,33.87,26.13,0.1275,166,38.58,2.57,23.0,0.18,1,91.4,14.48,57.8,58.05,13.48,0,0.0,0.0,5.21
2026-09-08T01:00:00+00:00,cow_10,27.93,29.95,30.05,0.1327,215,38.58,2.12,27.72,0.31,1,91.4,14.48,57.8,58.05,13.48,0,0.0,0.0,5.14
2026-09-08T01:00:00+00:00,cow_11,27.97,34.79,25.21,0.1204,233,38.51,2.99,23.96,0.26,0,91.4,14.48,57.8,58.05,13.48,0,0.0,0.0,5.15
2026-09-08T01:00:00+00:00,cow_12,26.04,36.35,23.65,0.129,199,38.6,2.26,23.98,0.21,1,91.4,14.48,57.8,58.05,13.48,0,0.0,0.0,5.16
2026-09-08T01:00:00+00:00,cow_13,26.09,34.92,25.08,0.129,215,38.68,3.17,26.94,0.26,1,91.4,14.48,57.8,58.05,13.48,0,0.0,0.0,5.19
2026-09-08T01:00:00+00:00,cow_14,25.76,36.46,23.54,0.127,185,38.63,5.15,23.21,0.43,1,91.4,14.48,57.8,58.05,13.48,0,0.0,0.0,5.19
2026-09-08T01:00:00+00:00,cow_15,21.29,32.32,27.68,0.1111,186,38.5,1.64,24.5,0.1,0,91.4,14.48,57.8,58.05,13.48,0,0.0,0.0,5.2
2026-09-08T01:00:00+00:00,cow_16,30.06,32.13,27.87,0.1208,251,38.68,2.88,21.06,0.29,2,91.4,14.48,57.8,58.05,13.48,0,0.0,0.0,5.1
2026-09-08T02:00:00+00:00,cow_01,27.58,38.34,21.66,0.1254,226,38.6,3.46,20.58,0.33,1,90.9,14.91,58.7,58.65,13.91,0,0.0,0.0,5.36
2026-09-08T02:00:00+00:00,cow_02,31.17,37.24,22.76,0.1431,236,38.61,1.13,27.38,0.15,0,90.9,14.91,58.7,58.65,13.91,0,0.0,0.0,5.24
2026-09-08T02:00:00+00:00,cow_03,22.84,34.49,25.51,0.1254,206,38.56,2.45,26.77,0.21,1,90.9,14.91,58.7,58.65,13.91,0,0.0,0.0,5.23
2026-09-08T02:00:00+00:00,cow_04,26.66,34.15,25.85,0.1556,204,38.63,1.0,25.13,0.01,0,90.9,14.91,58.7,58.65,13.91,0,0.0,0.0,5.07
2026-09-08T02:00:00+00:00,cow_05,28.58,30.9,29.1,0.1466,236,38.64,2.47,22.77,0.37,0,90.9,14.91,58.7,58.65,13.91,0,0.0,0.0,5.15
2026-09-08T02:00:00+00:00,cow_06,31.25,36.46,23.54,0.1226,255,38.54,3.28,24.64,0.28,2,90.9,14.91,58.7,58.65,13.91,0,0.0,0.0,5.26
2026-09-08T02:00:00+00:00,cow_07,19.52,38.37,21.63,0.116,171,38.53,2.66,23.52,0.25,1,90.9,14.91,58.7,58.65,13.91,0,0.0,0.0,5.17
2026-09-08T02:00:00+00:00,cow_08,24.36,39.39,20.61,0.1301,235,38.62,3.49,28.74,0.26,1,90.9,14.91,58.7,58.65,13.91,0,0.0,0.0,5.17
2026-09-08T02:00:00+00:00,cow_09,22.59,32.22,27.78,0.1198,178,38.5,0.9,24.95,0.12,0,90.9,14.91,58.7,58.65,13.91,0,0.0,0.0,5.38
2026-09-08T02:00:00+00:00,cow_10,29.32,33.19,26.81,0.1209,224,38.58,0.35,27.01,0.0,0,90.9,14.91,58.7,58.65,13.91,0,0.0,0.0,5.28
2026-09-08T02:00:00+00:00,cow_11,33.39,32.96,27.04,0.1329,287,38.53,3.47,25.01,0.26,1,90.9,14.91,58.7,58.65,13.91,0,0.0,0.0,5.2
2026-09-08T02:00:00+00:00,cow_12,26.85,33.5,26.5,0.1394,235,38.47,3.14,23.95,0.19,1,90.9,14.91,58.7,58.65,13.91,0,0.0,0.0,5.16
2026-09-08T02:00:00+00:00,cow_13,26.44,34.5,25.5,0.1341,219,38.71,2.85,27.29,0.26,1,90.9,14.91,58.7,58.65,13.91,0,0.0,0.0,5.35
2026-09-08T02:00:00+00:00,cow_14,31.25,38.16,21.84,0.1341,253,38.6,2.13,24.33,0.28,0,90.9,14.91,58.7,58.65,13.91,0,0.0,0.0,5.33
2026-09-08T02:00:00+00:00,cow_15,20.89,32.89,27.11,0.1248,178,38.41,1.41,24.23,0.1,1,90.9,14.91,58.7,58.65,13.91,0,0.0,0.0,5.31
2026-09-08T02:00:00+00:00,cow_16,23.65,34.09,25.91,0.1023,201,38.78,1.01,23.55,0.16,1,90.9,14.91,58.7,58.65,13.91,0,0.0,0.0,5.15
2026-09-08T03:00:00+00:00,cow_01,24.96,40.16,19.84,0.12,194,38.62,1.77,24.22,0.19,0,85.2,14.52,60.1,58.11,13.52,0,0.0,0.0,5.28
2026-09-08T03:00:00+00:00,cow_02,26.65,34.42,25.58,0.1327,224,38.64,0.05,26.14,0.03,1,85.2,14.52,60.1,58.11,13.52,0,0.0,0.0,5.3
2026-09-08T03:00:00+00:00,cow_03,28.64,33.74,26.26,0.1349,213,38.55,2.29,25.02,0.2,1,85.2,14.52,60.1,58.11,13.52,0,0.0,0.0,5.19
2026-09-08T03:00:00+00:00,cow_04,24.89,35.52,24.48,0.1121,176,38.54,3.75,28.34,0.26,1,85.2,14.52,60.1,58.11,13.52,0,0.0,0.0,5.08
2026-09-08T03:00:00+00:00,cow_05,26.94,33.92,26.08,0.1284,209,38.62,1.27,23.9,0.16,0,85.2,14.52,60.1,58.11,13.52,0,0.0,0.0,5.25
2026-09-08T03:00:00+00:00,cow_06,32.56,36.5,23.5,0.1365,276,38.45,1.89,23.31,0.09,0,85.2,14.52,60.1,58.11,13.52,0,0.0,0.0,5.29
2026-09-08T03:00:00+00:00,cow_07,25.17,36.63,23.37,0.1078,184,38.45,2.18,24.88,0.17,1,85.2,14.52,60.1,58.11,13.52,0,0.0,0.0,5.07
2026-09-08T03:00:00+00:00,cow_08,23.86,40.11,19.89,0.1314,185,38.69,3.53,26.15,0.32,1,85.2,14.52,60.1,58.11,13.52,0,0.0,0.0,5.15
2026-09-08T03:00:00+00:00,cow_09,28.11,32.07,27.93,0.132,206,38.43,1.13,23.58,0.03,1,85.2,14.52,60.1,58.11,13.52,0,0.0,0.0,5.23
2026-09-08T03:00:00+00:00,cow_10,28.96,33.42,26.58,0.1435,232,38.58,4.15,25.83,0.44,1,85.2,14.52,60.1,58.11,13.52,0,0.0,0.0,5.15
2026-09-08T03:00:00+00:00,cow_11,26.61,31.79,28.21,0.1392,238,38.42,2.75,26.77,0.26,1,85.2,14.52,60.1,58.11,13.52,0,0.0,0.0,5.22
2026-09-08T03:00:00+00:00,cow_12,24.09,33.45,26.55,0.1139,145,38.51,2.5,24.86,0.1,0,85.2,14.52,60.1,58.11,13.52,0,0.0,0.0,5.14
2026-09-08T03:00:00+00:00,cow_13,23.85,34.76,25.24,0.1242,170,38.57,1.16,29.1,0.18,0,85.2,14.52,60.1,58.11,13.52,0,0.0,0.0,5.04
2026-09-08T03:00:00+00:00,cow_14,29.7,37.49,22.51,0.1366,248,38.6,1.46,24.92,0.17,0,85.2,14.52,60.1,58.11,13.52,0,0.0,0.0,5.22
2026-09-08T03:00:00+00:00,cow_15,21.94,35.68,24.32,0.1062,192,38.34,4.25,22.12,0.4,0,85.2,14.52,60.1,58.11,13.52,0,0.0,0.0,5.09
2026-09-08T03:00:00+00:00,cow_16,27.54,36.42,23.58,0.132,231,38.69,1.43,20.38,0.14,0,85.2,14.52,60.1,58.11,13.52,0,0.0,0.0,5.23
2026-09-08T04:00:00+00:00,cow_01,24.71,40.21,19.79,0.1285,207,38.62,3.47,21.42,0.29,1,92.7,15.19,60.3,59.05,14.19,0,0.0,0.0,5.29
2026-09-08T04:00:00+00:00,cow_02,33.51,34.93,25.07,0.1611,294,38.54,1.81,28.24,0.2,1,92.7,15.19,60.3,59.05,14.19,0,0.0,0.0,5.22
2026-09-08T04:00:00+00:00,cow_03,27.92,33.87,26.13,0.11,236,38.53,2.51,24.37,0.23,0,92.7,15.19,60.3,59.05,14.19,0,0.0,0.0,5.4
2026-09-08T04:00:00+00:00,cow_04,22.37,35.41,24.59,0.1295,172,38.44,2.4,27.15,0.22,2,92.7,15.19,60.3,59.05,14.19,0,0.0,0.0,5.15
2026-09-08T04:00:00+00:00,cow_05,26.9,33.56,26.44,0.1117,206,38.55,2.23,21.38,0.19,1,92.7,15.19,60.3,59.05,14.19,0,0.0,0.0,5.31
2026-09-08T04:00:00+00:00,cow_06,26.05,35.12,24.88,0.1255,216,38.42,1.26,25.2,0.07,0,92.7,15.19,60.3,59.05,14.19,0,0.0,0.0,5.22
2026-09-08T04:00:00+00:00,cow_07,19.49,40.21,19.79,0.1122,157,38.48,2.8,22.76,0.31,1,92.7,15.19,60.3,59.05,14.19,0,0.0,0.0,5.11
2026-09-08T04:00:00+00:00,cow_08,25.61,38.81,21.19,0.1259,206,38.61,4.41,26.01,0.27,1,92.7,15.19,60.3,59.05,14.19,0,0.0,0.0,5.27
2026-09-08T04:00:00+00:00,cow_09,19.97,33.87,26.13,0.1019,172,38.39,1.51,22.01,0.25,2,92.7,15.19,60.3,59.05,14.19,0,0.0,0.0,5.11
2026-09-08T04:00:00+00:00,cow_10,23.48,34.06,25.94,0.1184,182,38.55,4.13,28.05,0.36,1,92.7,15.19,60.3,59.05,14.19,0,0.0,0.0,5.05
2026-09-08T04:00:00+00:00,cow_11,30.24,32.99,27.01,0.1441,251,38.39,3.3,25.32,0.36,1,92.7,15.19,60.3,59.05,14.19,0,0.0,0.0,5.19
2026-09-08T04:00:00+00:00,cow_12,24.0,35.77,24.23,0.1326,186,38.37,2.43,24.85,0.2,1,92.7,15.19,60.3,59.05,14.19,0,0.0,0.0,5.16
2026-09-08T04:00:00+00:00,cow_13,26.81,33.98,26.02,0.1284,218,38.65,2.92,23.83,0.25,2,92.7,15.19,60.3,59.05,14.19,0,0.0,0.0,5.29
2026-09-08T04:00:00+00:00,cow_14,31.35,39.18,20.82,0.1447,268,38.49,2.74,24.74,0.24,0,92.7,15.19,60.3,59.05,14.19,0,0.0,0.0,5.21
2026-09-08T04:00:00+00:00,cow_15,19.07,33.36,26.64,0.1076,119,38.39,4.22,21.21,0.37,0,92.7,15.19,60.3,59.05,14.19,0,0.0,0.0,5.22
2026-09-08T04:00:00+00:00,cow_16,27.47,33.66,26.34,0.1252,217,38.66,0.9,21.52,0.17,0,92.7,15.19,60.3,59.05,14.19,0,0.0,0.0,5.17
2026-09-08T05:00:00+00:00,cow_01,46.11,23.73,36.27,0.1723,359,38.58,7.21,16.05,0.55,2,91.8,15.6,64.6,59.67,14.6,0,0.0,0.0,5.14
2026-09-08T05:00:00+00:00,cow_02,58.42,23.02,36.98,0.1837,465,38.64,7.56,20.37,0.91,2,91.8,15.6,64.6,59.67,14.6,0,0.0,0.0,5.3
2026-09-08T05:00:00+00:00,cow_03,41.98,21.9,38.1,0.1449,321,38.52,8.87,18.32,0.81,2,91.8,15.6,64.6,59.67,14.6,0,0.0,0.0,5.14
2026-09-08T05:00:00+00:00,cow_04,43.23,22.0,38.0,0.1756,325,38.43,7.03,19.9,0.7,2,91.8,15.6,64.6,59.67,14.6,0,0.0,0.0,5.23
2026-09-08T05:00:00+00:00,cow_05,51.71,21.78,38.22,0.1808,420,38.55,7.88,13.44,1.0,2,91.8,15.6,64.6,59.67,14.6,0,0.0,0.0,5.23
2026-09-08T05:00:00+00:00,cow_06,54.51,22.59,37.41,0.1709,409,38.42,7.48,16.98,0.54,3,91.8,15.6,64.6,59.67,14.6,0,0.0,0.0,5.19
2026-09-08T05:00:00+00:00,cow_07,41.77,26.34,33.66,0.1768,340,38.4,9.25,14.74,0.84,3,91.8,15.6,64.6,59.67,14.6,0,0.0,0.0,5.21
2026-09-08T05:00:00+00:00,cow_08,45.23,25.54,34.46,0.1575,366,38.62,9.04,16.11,0.79,3,91.8,15.6,64.6,59.67,14.6,0,0.0,0.0,5.17
2026-09-08T05:00:00+00:00,cow_09,39.74,22.85,37.15,0.169,325,38.44,8.36,17.8,0.75,2,91.8,15.6,64.6,59.67,14.6,0,0.0,0.0,5.2
2026-09-08T05:00:00+00:00,cow_10,47.55,21.85,38.15,0.1678,360,38.55,6.14,18.41,0.58,1,91.8,15.6,64.6,59.67,14.6,0,0.0,0.0,5.04
2026-09-08T05:00:00+00:00,cow_11,53.4,19.7,40.3,0.1832,409,38.42,9.0,18.38,0.74,2,91.8,15.6,64.6,59.67,14.6,0,0.0,0.0,5.19
2026-09-08T05:00:00+00:00,cow_12,39.94,22.73,37.27,0.1479,316,38.38,8.67,18.24,0.68,2,91.8,15.6,64.6,59.67,14.6,0,0.0,0.0,5.16
2026-09-08T05:00:00+00:00,cow_13,44.31,21.38,38.62,0.1742,368,38.62,9.76,18.51,0.89,2,91.8,15.6,64.6,59.67,14.6,0,0.0,0.0,5.25
2026-09-08T05:00:00+00:00,cow_14,52.69,24.65,35.35,0.1756,429,38.55,8.97,17.55,0.8,3,91.8,15.6,64.6,59.67,14.6,0,0.0,0.0,5.06
2026-09-08T05:00:00+00:00,cow_15,39.98,22.42,37.58,0.1547,323,38.39,8.69,15.96,0.82,2,91.8,15.6,64.6,59.67,14.6,0,0.0,0.0,5.16
2026-09-08T05:00:00+00:00,cow_16,47.71,23.83,36.17,0.168,407,38.64,8.28,18.71,0.8,2,91.8,15.6,64.6,59.67,14.6,0,0.0,0.0,5.27
2026-09-08T06:00:00+00:00,cow_01,64.57,15.29,44.71,0.1695,507,38.47,19.54,16.33,1.59,5,91.9,16.15,63.2,60.45,15.15,0,13.33,6.97,5.19
2026-09-08T06:00:00+00:00,cow_02,78.92,16.03,43.97,0.2107,615,38.53,15.91,19.19,2.12,3,91.9,16.15,63.2,60.45,15.15,0,15.55,7.93,5.19
2026-09-08T06:00:00+00:00,cow_03,59.06,16.06,43.94,0.1782,497,38.41,18.94,15.73,1.66,5,91.9,16.15,63.2,60.45,15.15,0,15.51,6.52,5.14
2026-09-08T06:00:00+00:00,cow_04,56.89,15.07,44.93,0.1859,450,38.45,17.94,19.17,1.54,4,91.9,16.15,63.2,60.45,15.15,0,16.05,6.73,5.15
2026-09-08T06:00:00+00:00,cow_05,66.88,12.33,47.67,0.1981,545,38.58,16.44,15.38,2.18,4,91.9,16.15,63.2,60.45,15.15,0,17.42,7.29,5.19
2026-09-08T06:00:00+00:00,cow_06,72.46,13.18,46.82,0.2264,587,38.43,21.44,17.19,1.56,5,91.9,16.15,63.2,60.45,15.15,0,15.74,6.59,5.12
2026-09-08T06:00:00+00:00,cow_07,55.22,16.96,43.04,0.1953,431,38.43,19.36,16.36,1.76,6,91.9,16.15,63.2,60.45,15.15,0,14.32,7.62,5.14
2026-09-08T06:00:00+00:00,cow_08,61.74,15.69,44.31,0.1907,494,38.63,22.48,18.93,1.88,6,91.9,16.15,63.2,60.45,15.15,0,17.51,7.01,5.15
2026-09-08T06:00:00+00:00,cow_09,57.87,15.98,44.02,0.179,463,38.31,18.15,17.05,1.65,5,91.9,16.15,63.2,60.45,15.15,0,16.3,7.66,5.29
2026-09-08T06:00:00+00:00,cow_10,65.88,12.74,47.26,0.1981,550,38.48,16.82,17.34,1.48,4,91.9,16.15,63.2,60.45,15.15,0,17.47,7.53,5.16
2026-09-08T06:00:00+00:00,cow_11,75.1,15.73,44.27,0.2162,614,38.37,21.27,20.31,1.93,5,91.9,16.15,63.2,60.45,15.15,0,18.05,6.16,5.14
2026-09-08T06:00:00+00:00,cow_12,57.48,17.31,42.69,0.1804,433,38.34,21.55,17.55,1.66,5,91.9,16.15,63.2,60.45,15.15,0,14.76,7.58,5.15
2026-09-08T06:00:00+00:00,cow_13,63.81,14.43,45.57,0.1873,511,38.46,22.16,18.38,1.97,6,91.9,16.15,63.2,60.45,15.15,0,14.36,6.83,5.17
2026-09-08T06:00:00+00:00,cow_14,72.36,15.95,44.05,0.2311,575,38.38,22.04,16.2,1.94,6,91.9,16.15,63.2,60.45,15.15,0,15.49,7.97,5.18
2026-09-08T06:00:00+00:00,cow_15,60.81,14.44,45.56,0.2097,460,38.28,19.68,17.9,1.81,5,91.9,16.15,63.2,60.45,15.15,0,16.84,7.76,5.08
2026-09-08T06:00:00+00:00,cow_16,61.11,17.16,42.84,0.1757,495,38.54,16.69,14.98,1.63,4,91.9,16.15,63.2,60.45,15.15,0,14.02,8.1,5.24
2026-09-08T07:00:00+00:00,cow_01,66.54,17.37,42.63,0.2055,532,38.5,18.62,16.77,1.52,5,91.2,17.0,64.4,61.69,16.0,0,0.0,0.0,5.23
2026-09-08T07:00:00+00:00,cow_02,77.77,18.36,41.64,0.2012,587,38.6,14.39,18.12,1.86,3,91.2,17.0,64.4,61.69,16.0,0,0.0,0.0,5.17
2026-09-08T07:00:00+00:00,cow_03,58.26,14.55,45.45,0.1877,460,38.38,19.48,18.39,1.78,5,91.2,17.0,64.4,61.69,16.0,0,0.0,0.0,5.35
2026-09-08T07:00:00+00:00,cow_04,61.9,13.4,46.6,0.1788,486,38.49,18.25,16.37,1.56,4,91.2,17.0,64.4,61.69,16.0,0,0.0,0.0,5.12
2026-09-08T07:00:00+00:00,cow_05,68.03,14.68,45.32,0.2127,554,38.43,16.4,15.67,2.07,4,91.2,17.0,64.4,61.69,16.0,0,0.0,0.0,5.06
2026-09-08T07:00:00+00:00,cow_06,71.28,14.69,45.31,0.1774,579,38.27,21.02,17.89,1.58,6,91.2,17.0,64.4,61.69,16.0,0,0.0,0.0,5.26
2026-09-08T07:00:00+00:00,cow_07,56.67,16.62,43.38,0.193,456,38.43,17.79,16.74,1.54,4,91.2,17.0,64.4,61.69,16.0,0,0.0,0.0,5.26
2026-09-08T07:00:00+00:00,cow_08,65.04,16.04,43.96,0.1918,518,38.49,23.08,19.02,1.98,6,91.2,17.0,64.4,61.69,16.0,0,0.0,0.0,5.19
2026-09-08T07:00:00+00:00,cow_09,56.57,14.84,45.16,0.1733,454,38.37,16.67,15.11,1.55,4,91.2,17.0,64.4,61.69,16.0,0,0.0,0.0,5.2
2026-09-08T07:00:00+00:00,cow_10,65.21,12.0,48.0,0.2043,504,38.47,15.91,18.05,1.55,4,91.2,17.0,64.4,61.69,16.0,0,0.0,0.0,5.27
2026-09-08T07:00:00+00:00,cow_11,73.76,15.88,44.12,0.2169,593,38.36,21.39,21.05,2.04,5,91.2,17.0,64.4,61.69,16.0,0,0.0,0.0,5.19
2026-09-08T07:00:00+00:00,cow_12,59.29,15.53,44.47,0.1936,486,38.27,22.85,17.35,1.77,5,91.2,17.0,64.4,61.69,16.0,0,0.0,0.0,5.26
2026-09-08T07:00:00+00:00,cow_13,62.75,14.36,45.64,0.1887,475,38.48,18.77,18.75,1.72,5,91.2,17.0,64.4,61.69,16.0,0,0.0,0.0,5.3
2026-09-08T07:00:00+00:00,cow_14,74.69,15.98,44.02,0.2146,597,38.37,19.71,17.2,1.72,5,91.2,17.0,64.4,61.69,16.0,0,0.0,0.0,5.24
2026-09-08T07:00:00+00:00,cow_15,52.82,15.43,44.57,0.1769,431,38.37,19.85,18.13,1.77,4,91.2,17.0,64.4,61.69,16.0,0,0.0,0.0,5.23
2026-09-08T07:00:00+00:00,cow_16,61.16,16.03,43.97,0.21,495,38.54,16.3,13.59,1.58,5,91.2,17.0,64.4,61.69,16.0,0,0.0,0.0,5.17
2026-09-08T08:00:00+00:00,cow_01,63.07,18.43,41.57,0.1738,509,38.54,18.68,16.16,1.45,5,90.9,18.16,65.4,63.42,17.16,0,0.0,0.0,5.21
2026-09-08T08:00:00+00:00,cow_02,79.14,13.96,46.04,0.2138,625,38.54,15.95,19.93,2.04,3,90.9,18.16,65.4,63.42,17.16,0,0.0,0.0,5.14
2026-09-08T08:00:00+00:00,cow_03,64.15,13.97,46.03,0.1972,514,38.4,17.82,18.12,1.55,6,90.9,18.16,65.4,63.42,17.16,0,0.0,0.0,5.17
2026-09-08T08:00:00+00:00,cow_04,62.16,14.67,45.33,0.2111,508,38.35,20.09,19.57,1.7,4,90.9,18.16,65.4,63.42,17.16,0,0.0,0.0,5.3
2026-09-08T08:00:00+00:00,cow_05,73.82,16.13,43.87,0.2216,598,38.54,16.45,13.4,2.13,4,90.9,18.16,65.4,63.42,17.16,0,0.0,0.0,5.09
2026-09-08T08:00:00+00:00,cow_06,68.68,15.41,44.59,0.2021,545,38.36,19.52,18.0,1.53,4,90.9,18.16,65.4,63.42,17.16,0,0.0,0.0,5.19
2026-09-08T08:00:00+00:00,cow_07,57.94,18.38,41.62,0.1898,437,38.38,19.85,17.91,1.74,5,90.9,18.16,65.4,63.42,17.16,0,0.0,0.0,5.27
2026-09-08T08:00:00+00:00,cow_08,62.59,17.22,42.78,0.2045,489,38.57,22.92,17.46,2.02,5,90.9,18.16,65.4,63.42,17.16,0,0.0,0.0,5.23
2026-09-08T08:00:00+00:00,cow_09,57.44,16.46,43.54,0.1867,486,38.37,17.91,18.4,1.66,4,90.9,18.16,65.4,63.42,17.16,0,0.0,0.0,5.16
2026-09-08T08:00:00+00:00,cow_10,64.12,10.55,49.45,0.2093,511,38.51,16.67,16.86,1.54,4,90.9,18.16,65.4,63.42,17.16,0,0.0,0.0,5.15
2026-09-08T08:00:00+00:00,cow_11,72.4,14.99,45.01,0.1858,584,38.33,21.67,17.97,2.12,6,90.9,18.16,65.4,63.42,17.16,0,0.0,0.0,5.17
2026-09-08T08:00:00+00:00,cow_12,55.2,13.42,46.58,0.1834,452,38.34,21.44,17.54,1.72,5,90.9,18.16,65.4,63.42,17.16,0,0.0,0.0,5.2
2026-09-08T08:00:00+00:00,cow_13,63.65,16.22,43.78,0.1864,494,38.52,20.15,19.06,1.68,5,90.9,18.16,65.4,63.42,17.16,0,0.0,0.0,5.41
2026-09-08T08:00:00+00:00,cow_14,74.4,13.84,46.16,0.2099,592,38.45,19.62,16.33,1.77,5,90.9,18.16,65.4,63.42,17.16,0,0.0,0.0,5.19
2026-09-08T08:00:00+00:00,cow_15,59.62,13.67,46.33,0.1839,471,38.23,19.67,18.6,1.87,5,90.9,18.16,65.4,63.42,17.16,0,0.0,0.0,5.18
2026-09-08T08:00:00+00:00,cow_16,66.51,15.26,44.74,0.1945,546,38.44,17.01,15.55,1.68,4,90.9,18.16,65.4,63.42,17.16,0,0.0,0.0,5.19
2026-09-08T09:00:00+00:00,cow_01,67.69,16.92,43.08,0.2044,546,38.54,21.65,16.93,1.67,5,94.1,18.94,63.5,64.47,17.94,0,0.0,0.0,5.2
2026-09-08T09:00:00+00:00,cow_02,80.79,15.76,44.24,0.2156,652,38.54,16.16,19.16,2.15,4,94.1,18.94,63.5,64.47,17.94,0,0.0,0.0,5.17
2026-09-08T09:00:00+00:00,cow_03,59.32,16.54,43.46,0.1896,458,38.35,21.71,18.44,1.93,5,94.1,18.94,63.5,64.47,17.94,0,0.0,0.0,5.32
2026-09-08T09:00:00+00:00,cow_04,56.95,16.38,43.62,0.1781,451,38.45,19.2,18.12,1.62,4,94.1,18.94,63.5,64.47,17.94,0,0.0,0.0,5.26
2026-09-08T09:00:00+00:00,cow_05,66.98,17.24,42.76,0.1977,555,38.4,18.04,16.76,2.36,4,94.1,18.94,63.5,64.47,17.94,0,0.0,0.0,5.14
2026-09-08T09:00:00+00:00,cow_06,75.6,15.51,44.49,0.219,599,38.41,23.59,17.3,1.83,6,94.1,18.94,63.5,64.47,17.94,0,0.0,0.0,5.3
2026-09-08T09:00:00+00:00,cow_07,59.52,15.66,44.34,0.181,460,38.52,21.46,15.91,1.91,6,94.1,18.94,63.5,64.47,17.94,0,0.0,0.0,5.27
2026-09-08T09:00:00+00:00,cow_08,62.69,16.81,43.19,0.1959,503,38.49,21.88,19.6,1.88,6,94.1,18.94,63.5,64.47,17.94,0,0.0,0.0,5.26
2026-09-08T09:00:00+00:00,cow_09,62.36,13.77,46.23,0.1986,510,38.3,18.53,16.61,1.83,5,94.1,18.94,63.5,64.47,17.94,0,0.0,0.0,5.24
2026-09-08T09:00:00+00:00,cow_10,63.75,14.49,45.51,0.1817,526,38.51,16.79,17.63,1.55,4,94.1,18.94,63.5,64.47,17.94,0,0.0,0.0,5.18
2026-09-08T09:00:00+00:00,cow_11,70.22,15.27,44.73,0.2088,578,38.3,21.58,16.44,2.06,6,94.1,18.94,63.5,64.47,17.94,0,0.0,0.0,5.2
2026-09-08T09:00:00+00:00,cow_12,54.98,13.64,46.36,0.1735,454,38.35,20.76,18.43,1.6,5,94.1,18.94,63.5,64.47,17.94,0,0.0,0.0,5.28
2026-09-08T09:00:00+00:00,cow_13,65.33,17.0,43.0,0.1974,535,38.49,20.39,18.68,1.83,4,94.1,18.94,63.5,64.47,17.94,0,0.0,0.0,5.18
2026-09-08T09:00:00+00:00,cow_14,75.74,15.13,44.87,0.203,587,38.61,22.06,17.07,1.94,6,94.1,18.94,63.5,64.47,17.94,0,0.0,0.0,5.15
2026-09-08T09:00:00+00:00,cow_15,55.96,14.41,45.59,0.1735,441,38.33,19.64,19.77,1.83,4,94.1,18.94,63.5,64.47,17.94,0,0.0,0.0,5.0
2026-09-08T09:00:00+00:00,cow_16,60.37,16.66,43.34,0.1936,481,38.5,16.82,15.14,1.59,4,94.1,18.94,63.5,64.47,17.94,0,0.0,0.0,5.31
2026-09-08T10:00:00+00:00,cow_01,50.76,26.67,33.33,0.1689,377,38.54,7.82,16.82,0.64,1,93.4,19.44,63.8,65.2,18.44,0,0.0,0.0,5.22
2026-09-08T10:00:00+00:00,cow_02,60.15,23.53,36.47,0.1882,476,38.54,8.32,20.69,1.06,2,93.4,19.44,63.8,65.2,18.44,0,0.0,0.0,5.2
2026-09-08T10:00:00+00:00,cow_03,45.94,22.42,37.58,0.1617,348,38.41,7.93,16.06,0.73,2,93.4,19.44,63.8,65.2,18.44,0,0.0,0.0,5.12
2026-09-08T10:00:00+00:00,cow_04,49.18,22.91,37.09,0.1764,409,38.41,8.63,16.32,0.79,2,93.4,19.44,63.8,65.2,18.44,0,0.0,0.0,5.24
2026-09-08T10:00:00+00:00,cow_05,51.3,23.85,36.15,0.1846,371,38.53,6.95,16.29,0.91,1,93.4,19.44,63.8,65.2,18.44,0,0.0,0.0,5.19
2026-09-08T10:00:00+00:00,cow_06,52.39,24.58,35.42,0.1776,425,38.36,7.71,17.93,0.68,1,93.4,19.44,63.8,65.2,18.44,0,0.0,0.0,5.21
2026-09-08T10:00:00+00:00,cow_07,44.45,24.1,35.9,0.1673,356,38.36,6.19,16.51,0.56,2,93.4,19.44,63.8,65.2,18.44,0,0.0,0.0,5.23
2026-09-08T10:00:00+00:00,cow_08,43.63,23.15,36.85,0.1673,350,38.53,8.99,20.6,0.84,2,93.4,19.44,63.8,65.2,18.44,0,0.0,0.0,5.02
2026-09-08T10:00:00+00:00,cow_09,42.88,22.17,37.83,0.1579,319,38.41,5.83,16.05,0.49,1,93.4,19.44,63.8,65.2,18.44,0,0.0,0.0,5.03
2026-09-08T10:00:00+00:00,cow_10,47.86,24.36,35.64,0.1645,367,38.55,7.98,17.7,0.75,3,93.4,19.44,63.8,65.2,18.44,0,0.0,0.0,5.13
2026-09-08T10:00:00+00:00,cow_11,54.66,21.26,38.74,0.1665,439,38.34,9.2,17.32,0.96,2,93.4,19.44,63.8,65.2,18.44,0,0.0,0.0,5.24
2026-09-08T10:00:00+00:00,cow_12,45.2,18.87,41.13,0.1697,361,38.34,9.18,18.65,0.61,2,93.4,19.44,63.8,65.2,18.44,0,0.0,0.0,5.23
2026-09-08T10:00:00+00:00,cow_13,52.38,20.42,39.58,0.1787,411,38.56,9.49,18.19,0.95,3,93.4,19.44,63.8,65.2,18.44,0,0.0,0.0,5.26
2026-09-08T10:00:00+00:00,cow_14,52.52,23.68,36.32,0.1789,414,38.46,10.94,18.06,1.0,4,93.4,19.44,63.8,65.2,18.44,0,0.0,0.0,5.21
2026-09-08T10:00:00+00:00,cow_15,40.83,19.81,40.19,0.167,321,38.18,5.96,14.87,0.53,1,93.4,19.44,63.8,65.2,18.44,0,0.0,0.0,5.24
2026-09-08T10:00:00+00:00,cow_16,43.15,23.18,36.82,0.1665,343,38.52,6.54,17.0,0.57,2,93.4,19.44,63.8,65.2,18.44,0,0.0,0.0,5.2
2026-09-08T11:00:00+00:00,cow_01,48.77,27.06,32.94,0.1761,393,38.59,10.93,16.97,0.86,3,92.8,20.06,63.1,66.05,19.06,0,0.0,0.0,5.12
2026-09-08T11:00:00+00:00,cow_02,61.73,26.16,33.84,0.1919,526,38.59,6.31,20.51,0.84,2,92.8,20.06,63.1,66.05,19.06,0,0.0,0.0,5.09
2026-09-08T11:00:00+00:00,cow_03,42.88,24.0,36.0,0.1741,364,38.55,8.82,17.74,0.72,2,92.8,20.06,63.1,66.05,19.06,0,0.0,0.0,5.04
2026-09-08T11:00:00+00:00,cow_04,43.43,19.2,40.8,0.169,353,38.35,7.85,21.0,0.67,1,92.8,20.06,63.1,66.05,19.06,0,0.0,0.0,5.06
2026-09-08T11:00:00+00:00,cow_05,47.09,21.92,38.08,0.1604,371,38.5,7.05,14.1,0.91,1,92.8,20.06,63.1,66.05,19.06,0,0.0,0.0,5.14
2026-09-08T11:00:00+00:00,cow_06,57.46,22.91,37.09,0.1903,491,38.37,8.74,16.85,0.65,2,92.8,20.06,63.1,66.05,19.06,0,0.0,0.0,5.21
2026-09-08T11:00:00+00:00,cow_07,43.44,25.84,34.16,0.1588,361,38.42,8.24,15.51,0.67,3,92.8,20.06,63.1,66.05,19.06,0,0.0,0.0,5.14
2026-09-08T11:00:00+00:00,cow_08,42.64,24.88,35.12,0.154,365,38.56,12.11,19.18,1.14,3,92.8,20.06,63.1,66.05,19.06,0,0.0,0.0,5.23
2026-09-08T11:00:00+00:00,cow_09,47.36,23.51,36.49,0.1716,413,38.33,6.66,16.14,0.71,2,92.8,20.06,63.1,66.05,19.06,0,0.0,0.0,5.16
2026-09-08T11:00:00+00:00,cow_10,41.82,21.93,38.07,0.1451,327,38.45,5.49,20.97,0.47,2,92.8,20.06,63.1,66.05,19.06,0,0.0,0.0,5.18
2026-09-08T11:00:00+00:00,cow_11,51.53,22.61,37.39,0.1688,409,38.35,8.3,16.36,0.77,3,92.8,20.06,63.1,66.05,19.06,0,0.0,0.0,5.13
2026-09-08T11:00:00+00:00,cow_12,43.57,24.86,35.14,0.1575,349,38.38,8.57,16.76,0.63,2,92.8,20.06,63.1,66.05,19.06,0,0.0,0.0,5.26
2026-09-08T11:00:00+00:00,cow_13,48.99,21.88,38.12,0.1791,396,38.57,5.24,18.09,0.4,2,92.8,20.06,63.1,66.05,19.06,0,0.0,0.0,5.21
2026-09-08T11:00:00+00:00,cow_14,50.73,24.97,35.03,0.1571,390,38.48,9.52,19.08,0.8,3,92.8,20.06,63.1,66.05,19.06,0,0.0,0.0,5.2
2026-09-08T11:00:00+00:00,cow_15,43.0,21.32,38.68,0.1554,350,38.39,7.69,16.41,0.79,2,92.8,20.06,63.1,66.05,19.06,0,0.0,0.0,5.22
2026-09-08T11:00:00+00:00,cow_16,48.91,22.1,37.9,0.1677,403,38.63,5.0,14.74,0.44,1,92.8,20.06,63.1,66.05,19.06,0,0.0,0.0,5.13
2026-09-08T12:00:00+00:00,cow_01,45.62,27.07,32.93,0.1786,382,38.55,7.72,13.53,0.61,2,92.4,21.3,61.2,67.7,20.3,0,0.0,0.0,5.26
2026-09-08T12:00:00+00:00,cow_02,60.27,21.87,38.13,0.1899,478,38.58,8.28,19.54,1.11,2,92.4,21.3,61.2,67.7,20.3,0,0.0,0.0,5.22
2026-09-08T12:00:00+00:00,cow_03,42.99,24.58,35.42,0.157,351,38.48,6.09,15.89,0.54,1,92.4,21.3,61.2,67.7,20.3,0,0.0,0.0,5.23
2026-09-08T12:00:00+00:00,cow_04,41.96,22.31,37.69,0.1384,348,38.51,8.5,18.53,0.7,3,92.4,21.3,61.2,67.7,20.3,0,0.0,0.0,5.33
2026-09-08T12:00:00+00:00,cow_05,51.3,20.26,39.74,0.1551,413,38.52,6.68,16.73,0.8,3,92.4,21.3,61.2,67.7,20.3,0,0.0,0.0,5.12
2026-09-08T12:00:00+00:00,cow_06,49.82,21.36,38.64,0.1732,400,38.41,8.4,16.57,0.58,2,92.4,21.3,61.2,67.7,20.3,0,0.0,0.0,5.28
2026-09-08T12:00:00+00:00,cow_07,42.59,24.08,35.92,0.1581,362,38.44,7.37,16.89,0.7,2,92.4,21.3,61.2,67.7,20.3,0,0.0,0.0,5.26
2026-09-08T12:00:00+00:00,cow_08,45.37,24.25,35.75,0.1518,357,38.64,8.78,18.51,0.71,3,92.4,21.3,61.2,67.7,20.3,0,0.0,0.0,5.18
2026-09-08T12:00:00+00:00,cow_09,45.09,24.2,35.8,0.1517,372,38.38,9.02,16.0,0.85,3,92.4,21.3,61.2,67.7,20.3,0,0.0,0.0,5.15
2026-09-08T12:00:00+00:00,cow_10,47.19,22.02,37.98,0.1759,410,38.62,8.51,13.69,0.79,2,92.4,21.3,61.2,67.7,20.3,0,0.0,0.0,5.26
2026-09-08T12:00:00+00:00,cow_11,50.75,22.93,37.07,0.1505,421,38.29,10.29,19.71,0.94,3,92.4,21.3,61.2,67.7,20.3,0,0.0,0.0,5.2
2026-09-08T12:00:00+00:00,cow_12,39.49,23.45,36.55,0.163,311,38.44,8.33,19.05,0.66,2,92.4,21.3,61.2,67.7,20.3,0,0.0,0.0,5.24
2026-09-08T12:00:00+00:00,cow_13,50.8,23.23,36.77,0.1606,395,38.59,9.03,17.68,0.83,3,92.4,21.3,61.2,67.7,20.3,0,0.0,0.0,5.16
2026-09-08T12:00:00+00:00,cow_14,58.34,23.4,36.6,0.187,435,38.53,8.78,16.89,0.73,2,92.4,21.3,61.2,67.7,20.3,0,0.0,0.0,5.25
2026-09-08T12:00:00+00:00,cow_15,37.61,18.62,41.38,0.1428,299,38.35,8.6,17.38,0.83,3,92.4,21.3,61.2,67.7,20.3,0,0.0,0.0,5.09
2026-09-08T12:00:00+00:00,cow_16,44.06,21.53,38.47,0.1694,342,38.62,5.91,14.85,0.53,2,92.4,21.3,61.2,67.7,20.3,0,0.0,0.0,5.1
2026-09-08T13:00:00+00:00,cow_01,47.21,24.7,35.3,0.1757,365,38.57,8.41,17.88,0.71,1,87.2,22.09,59.8,68.72,21.09,0,0.0,0.0,5.15
2026-09-08T13:00:00+00:00,cow_02,58.31,26.13,33.87,0.1872,457,38.71,6.26,18.7,0.78,1,87.2,22.09,59.8,68.72,21.09,0,0.0,0.0,5.43
2026-09-08T13:00:00+00:00,cow_03,48.46,20.79,39.21,0.1845,395,38.53,7.02,16.52,0.61,1,87.2,22.09,59.8,68.72,21.09,0,0.0,0.0,5.16
2026-09-08T13:00:00+00:00,cow_04,44.24,24.25,35.75,0.1535,366,38.42,8.72,17.56,0.76,2,87.2,22.09,59.8,68.72,21.09,0,0.0,0.0,5.22
2026-09-08T13:00:00+00:00,cow_05,51.21,19.26,40.74,0.1633,424,38.56,6.65,13.79,0.89,1,87.2,22.09,59.8,68.72,21.09,0,0.0,0.0,5.27
2026-09-08T13:00:00+00:00,cow_06,52.28,23.87,36.13,0.1742,409,38.52,8.12,16.74,0.67,1,87.2,22.09,59.8,68.72,21.09,0,0.0,0.0,5.0
2026-09-08T13:00:00+00:00,cow_07,45.45,23.96,36.04,0.1704,364,38.43,8.73,16.13,0.74,2,87.2,22.09,59.8,68.72,21.09,0,0.0,0.0,5.06
2026-09-08T13:00:00+00:00,cow_08,45.97,24.1,35.9,0.1624,364,38.6,7.38,22.14,0.63,3,87.2,22.09,59.8,68.72,21.09,0,0.0,0.0,5.29
2026-09-08T13:00:00+00:00,cow_09,42.61,22.1,37.9,0.1582,368,38.47,6.38,17.37,0.63,1,87.2,22.09,59.8,68.72,21.09,0,0.0,0.0,5.24
2026-09-08T13:00:00+00:00,cow_10,51.07,20.95,39.05,0.1647,425,38.56,5.69,19.77,0.55,1,87.2,22.09,59.8,68.72,21.09,0,0.0,0.0,5.29
2026-09-08T13:00:00+00:00,cow_11,57.35,21.72,38.28,0.203,482,38.31,7.52,15.6,0.68,1,87.2,22.09,59.8,68.72,21.09,0,0.0,0.0,5.13
2026-09-08T13:00:00+00:00,cow_12,45.91,19.97,40.03,0.1639,369,38.44,8.82,15.27,0.66,3,87.2,22.09,59.8,68.72,21.09,0,0.0,0.0,5.1
2026-09-08T13:00:00+00:00,cow_13,51.14,20.33,39.67,0.1568,394,38.69,7.51,19.49,0.68,2,87.2,22.09,59.8,68.72,21.09,0,0.0,0.0,5.3
2026-09-08T13:00:00+00:00,cow_14,55.34,22.8,37.2,0.1769,468,38.6,6.92,15.67,0.65,2,87.2,22.09,59.8,68.72,21.09,0,0.0,0.0,5.13
2026-09-08T13:00:00+00:00,cow_15,44.28,23.81,36.19,0.1743,378,38.45,7.88,16.15,0.72,2,87.2,22.09,59.8,68.72,21.09,0,0.0,0.0,5.17
2026-09-08T13:00:00+00:00,cow_16,49.18,20.44,39.56,0.1531,405,38.62,4.99,15.55,0.48,1,87.2,22.09,59.8,68.72,21.09,0,0.0,0.0,5.25
2026-09-08T14:00:00+00:00,cow_01,46.6,25.96,34.04,0.1646,367,38.67,7.52,14.77,0.54,3,85.5,20.97,58.0,67.03,19.97,0,0.0,0.0,5.25
2026-09-08T14:00:00+00:00,cow_02,58.56,24.66,35.34,0.1993,477,38.56,5.37,19.71,0.71,1,85.5,20.97,58.0,67.03,19.97,0,0.0,0.0,5.11
2026-09-08T14:00:00+00:00,cow_03,43.51,22.14,37.86,0.1587,359,38.49,8.07,16.45,0.69,2,85.5,20.97,58.0,67.03,19.97,0,0.0,0.0,5.06
2026-09-08T14:00:00+00:00,cow_04,44.55,24.17,35.83,0.148,384,38.53,7.99,17.05,0.79,1,85.5,20.97,58.0,67.03,19.97,0,0.0,0.0,5.22
2026-09-08T14:00:00+00:00,cow_05,50.14,21.05,38.95,0.1714,396,38.6,6.57,15.49,0.85,2,85.5,20.97,58.0,67.03,19.97,0,0.0,0.0,5.26
2026-09-08T14:00:00+00:00,cow_06,56.34,22.55,37.45,0.1788,427,38.49,9.12,16.25,0.66,3,85.5,20.97,58.0,67.03,19.97,0,0.0,0.0,5.33
2026-09-08T14:00:00+00:00,cow_07,40.46,29.05,30.95,0.157,337,38.51,8.22,17.14,0.7,3,85.5,20.97,58.0,67.03,19.97,0,0.0,0.0,5.2
2026-09-08T14:00:00+00:00,cow_08,43.71,23.77,36.23,0.1643,353,38.63,8.86,19.69,0.74,2,85.5,20.97,58.0,67.03,19.97,0,0.0,0.0,5.2
2026-09-08T14:00:00+00:00,cow_09,42.87,20.39,39.61,0.1592,311,38.54,8.23,15.72,0.69,3,85.5,20.97,58.0,67.03,19.97,0,0.0,0.0,5.19
2026-09-08T14:00:00+00:00,cow_10,47.86,22.27,37.73,0.153,394,38.64,6.56,15.99,0.63,2,85.5,20.97,58.0,67.03,19.97,0,0.0,0.0,5.19
2026-09-08T14:00:00+00:00,cow_11,56.77,23.54,36.46,0.1855,431,38.39,7.69,18.01,0.76,2,85.5,20.97,58.0,67.03,19.97,0,0.0,0.0,5.19
2026-09-08T14:00:00+00:00,cow_12,44.76,21.44,38.56,0.1668,361,38.51,9.36,17.89,0.64,2,85.5,20.97,58.0,67.03,19.97,0,0.0,0.0,5.26
2026-09-08T14:00:00+00:00,cow_13,45.56,21.45,38.55,0.1626,380,38.69,9.64,19.55,0.89,2,85.5,20.97,58.0,67.03,19.97,0,0.0,0.0,5.08
2026-09-08T14:00:00+00:00,cow_14,53.78,24.58,35.42,0.1834,434,38.63,9.4,17.09,0.87,3,85.5,20.97,58.0,67.03,19.97,0,0.0,0.0,5.16
2026-09-08T14:00:00+00:00,cow_15,41.39,20.26,39.74,0.1409,358,38.62,8.1,16.24,0.83,2,85.5,20.97,58.0,67.03,19.97,0,0.0,0.0,5.14
2026-09-08T14:00:00+00:00,cow_16,43.79,24.08,35.92,0.1627,367,38.71,5.56,14.7,0.5,1,85.5,20.97,58.0,67.03,19.97,0,0.0,0.0,5.19
2026-09-08T15:00:00+00:00,cow_01,46.46,23.34,36.66,0.1632,372,38.78,7.02,17.25,0.5,1,85.6,21.2,56.1,67.22,20.2,0,0.0,0.0,5.18
2026-09-08T15:00:00+00:00,cow_02,53.51,21.72,38.28,0.1958,421,38.82,5.22,17.37,0.74,1,85.6,21.2,56.1,67.22,20.2,0,0.0,0.0,5.21
2026-09-08T15:00:00+00:00,cow_03,41.52,21.71,38.29,0.141,331,38.56,7.83,17.89,0.69,2,85.6,21.2,56.1,67.22,20.2,0,0.0,0.0,5.19
2026-09-08T15:00:00+00:00,cow_04,43.14,22.99,37.01,0.1565,344,38.62,6.38,20.35,0.54,2,85.6,21.2,56.1,67.22,20.2,0,0.0,0.0,5.2
2026-09-08T15:00:00+00:00,cow_05,53.11,21.63,38.37,0.1751,446,38.51,7.87,16.68,0.91,2,85.6,21.2,56.1,67.22,20.2,0,0.0,0.0,5.28
2026-09-08T15:00:00+00:00,cow_06,56.34,20.01,39.99,0.1882,465,38.49,8.48,16.75,0.69,2,85.6,21.2,56.1,67.22,20.2,0,0.0,0.0,5.15
2026-09-08T15:00:00+00:00,cow_07,42.45,23.21,36.79,0.155,345,38.61,8.23,14.91,0.81,3,85.6,21.2,56.1,67.22,20.2,0,0.0,0.0,5.21
2026-09-08T15:00:00+00:00,cow_08,43.08,24.71,35.29,0.1555,348,38.71,7.88,20.33,0.69,1,85.6,21.2,56.1,67.22,20.2,0,0.0,0.0,5.22
2026-09-08T15:00:00+00:00,cow_09,43.82,20.75,39.25,0.1708,352,38.49,6.97,17.48,0.64,2,85.6,21.2,56.1,67.22,20.2,0,0.0,0.0,5.29
2026-09-08T15:00:00+00:00,cow_10,44.16,20.36,39.64,0.1673,389,38.7,8.41,18.19,0.74,2,85.6,21.2,56.1,67.22,20.2,0,0.0,0.0,5.28
2026-09-08T15:00:00+00:00,cow_11,51.08,21.52,38.48,0.1717,398,38.46,9.24,18.87,0.9,2,85.6,21.2,56.1,67.22,20.2,0,0.0,0.0,5.13
2026-09-08T15:00:00+00:00,cow_12,44.24,21.17,38.83,0.1565,338,38.49,8.62,17.4,0.64,3,85.6,21.2,56.1,67.22,20.2,0,0.0,0.0,5.19
2026-09-08T15:00:00+00:00,cow_13,45.66,20.82,39.18,0.1435,361,38.64,8.62,19.11,0.85,2,85.6,21.2,56.1,67.22,20.2,0,0.0,0.0,5.14
2026-09-08T15:00:00+00:00,cow_14,48.71,25.72,34.28,0.1547,383,38.74,8.88,17.87,0.83,3,85.6,21.2,56.1,67.22,20.2,0,0.0,0.0,5.33
2026-09-08T15:00:00+00:00,cow_15,40.9,20.85,39.15,0.1444,326,38.49,6.15,15.85,0.63,2,85.6,21.2,56.1,67.22,20.2,0,0.0,0.0,5.26
2026-09-08T15:00:00+00:00,cow_16,45.69,20.02,39.98,0.161,381,38.66,7.54,13.58,0.74,2,85.6,21.2,56.1,67.22,20.2,0,0.0,0.0,5.18
2026-09-08T16:00:00+00:00,cow_01,64.53,17.69,42.31,0.2114,501,38.78,18.93,17.33,1.51,4,91.5,22.02,54.5,68.22,21.02,0,0.0,0.0,5.15
2026-09-08T16:00:00+00:00,cow_02,74.16,17.68,42.32,0.2269,587,38.69,17.82,20.4,2.28,5,91.5,22.02,54.5,68.22,21.02,0,0.0,0.0,5.17
2026-09-08T16:00:00+00:00,cow_03,57.41,14.43,45.57,0.1696,452,38.6,18.76,18.23,1.65,4,91.5,22.02,54.5,68.22,21.02,0,0.0,0.0,5.23
2026-09-08T16:00:00+00:00,cow_04,62.98,14.0,46.0,0.1802,487,38.65,20.31,19.65,1.81,4,91.5,22.02,54.5,68.22,21.02,0,0.0,0.0,5.13
2026-09-08T16:00:00+00:00,cow_05,66.7,15.29,44.71,0.1981,488,38.75,18.0,17.99,2.29,5,91.5,22.02,54.5,68.22,21.02,0,0.0,0.0,5.11
2026-09-08T16:00:00+00:00,cow_06,70.06,17.16,42.84,0.2116,579,38.54,22.78,17.55,1.71,6,91.5,22.02,54.5,68.22,21.02,0,0.0,0.0,5.07
2026-09-08T16:00:00+00:00,cow_07,55.09,16.67,43.33,0.1947,439,38.66,20.16,15.39,1.86,5,91.5,22.02,54.5,68.22,21.02,0,0.0,0.0,5.17
2026-09-08T16:00:00+00:00,cow_08,65.77,18.36,41.64,0.1902,537,38.71,20.43,20.41,1.76,5,91.5,22.02,54.5,68.22,21.02,0,0.0,0.0,5.07
2026-09-08T16:00:00+00:00,cow_09,57.82,15.23,44.77,0.1724,463,38.62,18.14,17.65,1.67,4,91.5,22.02,54.5,68.22,21.02,0,0.0,0.0,5.16
2026-09-08T16:00:00+00:00,cow_10,67.04,15.07,44.93,0.1987,528,38.62,18.0,18.46,1.63,5,91.5,22.02,54.5,68.22,21.02,0,0.0,0.0,5.16
2026-09-08T16:00:00+00:00,cow_11,74.16,13.92,46.08,0.2147,592,38.62,23.23,19.25,2.16,6,91.5,22.02,54.5,68.22,21.02,0,0.0,0.0,5.26
2026-09-08T16:00:00+00:00,cow_12,57.12,12.99,47.01,0.1638,455,38.53,21.11,16.98,1.62,6,91.5,22.02,54.5,68.22,21.02,0,0.0,0.0,4.96
2026-09-08T16:00:00+00:00,cow_13,64.89,14.94,45.06,0.2112,523,38.66,18.21,17.7,1.65,4,91.5,22.02,54.5,68.22,21.02,0,0.0,0.0,5.21
2026-09-08T16:00:00+00:00,cow_14,73.86,15.98,44.02,0.2041,558,38.77,22.84,18.86,1.99,6,91.5,22.02,54.5,68.22,21.02,0,0.0,0.0,5.25
2026-09-08T16:00:00+00:00,cow_15,57.62,9.98,50.02,0.1929,479,38.59,20.53,17.79,1.8,5,91.5,22.02,54.5,68.22,21.02,0,0.0,0.0,5.15
2026-09-08T16:00:00+00:00,cow_16,65.71,15.91,44.09,0.1967,510,38.7,16.11,16.52,1.6,4,91.5,22.02,54.5,68.22,21.02,0,0.0,0.0,5.26
2026-09-08T17:00:00+00:00,cow_01,64.54,18.93,41.07,0.1991,526,38.74,18.58,16.71,1.54,5,94.7,20.15,51.9,65.56,19.15,0,14.85,7.45,5.17
2026-09-08T17:00:00+00:00,cow_02,79.79,15.82,44.18,0.2201,610,38.8,15.63,19.6,2.02,4,94.7,20.15,51.9,65.56,19.15,0,14.77,8.09,5.2
2026-09-08T17:00:00+00:00,cow_03,64.43,15.87,44.13,0.2087,528,38.67,21.43,15.57,1.83,5,94.7,20.15,51.9,65.56,19.15,0,16.24,6.94,5.25
2026-09-08T17:00:00+00:00,cow_04,60.97,14.37,45.63,0.1863,490,38.75,18.76,18.54,1.56,4,94.7,20.15,51.9,65.56,19.15,0,15.3,7.71,5.22
2026-09-08T17:00:00+00:00,cow_05,71.21,13.32,46.68,0.2133,571,38.74,16.18,15.76,2.06,4,94.7,20.15,51.9,65.56,19.15,0,18.14,6.95,5.26
2026-09-08T17:00:00+00:00,cow_06,73.62,16.06,43.94,0.2098,603,38.59,19.16,18.18,1.46,4,94.7,20.15,51.9,65.56,19.15,0,15.8,7.88,5.1
2026-09-08T17:00:00+00:00,cow_07,57.35,15.87,44.13,0.1913,465,38.62,19.72,15.61,1.75,5,94.7,20.15,51.9,65.56,19.15,0,15.01,7.37,5.2
2026-09-08T17:00:00+00:00,cow_08,63.28,17.8,42.2,0.1993,498,38.73,22.63,20.04,1.97,5,94.7,20.15,51.9,65.56,19.15,0,17.08,7.43,5.12
2026-09-08T17:00:00+00:00,cow_09,58.95,17.15,42.85,0.1873,480,38.53,18.58,17.12,1.72,5,94.7,20.15,51.9,65.56,19.15,0,17.4,8.08,5.24
2026-09-08T17:00:00+00:00,cow_10,58.74,16.88,43.12,0.1686,474,38.84,17.16,18.93,1.56,5,94.7,20.15,51.9,65.56,19.15,0,18.2,7.44,5.15
2026-09-08T17:00:00+00:00,cow_11,70.58,14.77,45.23,0.2029,566,38.52,21.85,18.31,2.04,6,94.7,20.15,51.9,65.56,19.15,0,16.96,7.54,5.14
2026-09-08T17:00:00+00:00,cow_12,57.85,17.0,43.0,0.1956,442,38.62,23.22,16.33,1.86,6,94.7,20.15,51.9,65.56,19.15,0,13.59,7.59,5.18
2026-09-08T17:00:00+00:00,cow_13,64.84,13.87,46.13,0.2083,488,38.84,21.33,18.32,1.96,5,94.7,20.15,51.9,65.56,19.15,0,14.56,7.62,5.22
2026-09-08T17:00:00+00:00,cow_14,70.01,16.03,43.97,0.2073,549,38.74,21.13,18.6,1.93,5,94.7,20.15,51.9,65.56,19.15,0,16.35,7.03,5.18
2026-09-08T17:00:00+00:00,cow_15,56.18,14.78,45.22,0.1633,458,38.57,21.77,17.37,1.99,5,94.7,20.15,51.9,65.56,19.15,0,18.7,7.33,5.37
2026-09-08T17:00:00+00:00,cow_16,64.69,14.57,45.43,0.1906,511,38.82,16.76,17.49,1.68,5,94.7,20.15,51.9,65.56,19.15,0,14.44,6.04,5.27
2026-09-08T18:00:00+00:00,cow_01,62.05,15.68,44.32,0.2125,513,38.85,19.42,14.0,1.53,5,90.4,19.93,53.0,65.31,18.93,0,0.0,0.0,5.29
2026-09-08T18:00:00+00:00,cow_02,76.48,16.94,43.06,0.216,621,38.75,15.73,19.15,2.12,3,90.4,19.93,53.0,65.31,18.93,0,0.0,0.0,5.19
2026-09-08T18:00:00+00:00,cow_03,61.25,12.12,47.88,0.1977,488,38.62,20.09,16.24,1.79,5,90.4,19.93,53.0,65.31,18.93,0,0.0,0.0,5.17
2026-09-08T18:00:00+00:00,cow_04,57.19,14.18,45.82,0.1917,474,38.72,18.57,19.47,1.61,4,90.4,19.93,53.0,65.31,18.93,0,0.0,0.0,5.13
2026-09-08T18:00:00+00:00,cow_05,68.71,13.5,46.5,0.205,573,38.78,18.1,15.58,2.29,4,90.4,19.93,53.0,65.31,18.93,0,0.0,0.0,5.25
2026-09-08T18:00:00+00:00,cow_06,72.52,14.0,46.0,0.2004,585,38.58,21.81,18.51,1.64,4,90.4,19.93,53.0,65.31,18.93,0,0.0,0.0,5.21
2026-09-08T18:00:00+00:00,cow_07,56.67,18.59,41.41,0.1821,470,38.68,18.74,15.73,1.68,5,90.4,19.93,53.0,65.31,18.93,0,0.0,0.0,5.18
2026-09-08T18:00:00+00:00,cow_08,62.49,18.21,41.79,0.1883,509,38.75,22.62,20.15,1.94,6,90.4,19.93,53.0,65.31,18.93,0,0.0,0.0,5.25
2026-09-08T18:00:00+00:00,cow_09,61.23,16.05,43.95,0.2023,466,38.6,17.65,17.13,1.69,4,90.4,19.93,53.0,65.31,18.93,0,0.0,0.0,5.21
2026-09-08T18:00:00+00:00,cow_10,65.57,12.95,47.05,0.2136,523,38.82,15.57,17.61,1.42,4,90.4,19.93,53.0,65.31,18.93,0,0.0,0.0,5.16
2026-09-08T18:00:00+00:00,cow_11,71.37,15.5,44.5,0.223,595,38.57,19.99,17.99,1.95,6,90.4,19.93,53.0,65.31,18.93,0,0.0,0.0,5.23
2026-09-08T18:00:00+00:00,cow_12,57.13,16.83,43.17,0.2055,454,38.52,20.37,18.02,1.6,6,90.4,19.93,53.0,65.31,18.93,0,0.0,0.0,5.15
2026-09-08T18:00:00+00:00,cow_13,62.98,14.39,45.61,0.2012,490,38.79,18.32,18.44,1.73,5,90.4,19.93,53.0,65.31,18.93,0,0.0,0.0,5.25
2026-09-08T18:00:00+00:00,cow_14,73.21,15.83,44.17,0.2138,588,38.75,21.57,16.27,2.02,6,90.4,19.93,53.0,65.31,18.93,0,0.0,0.0,5.14
2026-09-08T18:00:00+00:00,cow_15,57.52,13.75,46.25,0.1899,458,38.5,18.91,18.23,1.71,5,90.4,19.93,53.0,65.31,18.93,0,0.0,0.0,5.25
2026-09-08T18:00:00+00:00,cow_16,64.43,15.5,44.5,0.1743,503,38.7,15.63,15.72,1.53,5,90.4,19.93,53.0,65.31,18.93,0,0.0,0.0,5.2
2026-09-08T19:00:00+00:00,cow_01,61.25,19.15,40.85,0.1824,479,38.75,19.27,15.54,1.5,4,90.9,18.55,53.4,63.5,17.55,0,0.0,0.0,5.23
2026-09-08T19:00:00+00:00,cow_02,73.39,15.34,44.66,0.1902,616,38.85,15.19,18.34,1.98,4,90.9,18.55,53.4,63.5,17.55,0,0.0,0.0,5.1
2026-09-08T19:00:00+00:00,cow_03,54.25,14.11,45.89,0.162,436,38.7,18.19,16.49,1.67,5,90.9,18.55,53.4,63.5,17.55,0,0.0,0.0,5.16
2026-09-08T19:00:00+00:00,cow_04,65.44,13.45,46.55,0.1897,521,38.63,20.48,18.86,1.72,5,90.9,18.55,53.4,63.5,17.55,0,0.0,0.0,5.21
2026-09-08T19:00:00+00:00,cow_05,68.73,12.64,47.36,0.1894,582,38.71,18.41,14.56,2.38,5,90.9,18.55,53.4,63.5,17.55,0,0.0,0.0,5.25
2026-09-08T19:00:00+00:00,cow_06,75.99,12.87,47.13,0.21,587,38.63,18.94,14.79,1.44,4,90.9,18.55,53.4,63.5,17.55,0,0.0,0.0,5.22
2026-09-08T19:00:00+00:00,cow_07,54.3,15.99,44.01,0.1549,459,38.6,19.75,14.47,1.75,6,90.9,18.55,53.4,63.5,17.55,0,0.0,0.0,5.22
2026-09-08T19:00:00+00:00,cow_08,58.88,17.4,42.6,0.1804,469,38.86,21.7,19.37,1.86,5,90.9,18.55,53.4,63.5,17.55,0,0.0,0.0,5.14
2026-09-08T19:00:00+00:00,cow_09,57.3,15.99,44.01,0.191,441,38.6,17.03,17.91,1.56,5,90.9,18.55,53.4,63.5,17.55,0,0.0,0.0,5.22
2026-09-08T19:00:00+00:00,cow_10,67.36,13.69,46.31,0.2014,548,38.71,16.53,19.97,1.5,4,90.9,18.55,53.4,63.5,17.55,0,0.0,0.0,5.34
2026-09-08T19:00:00+00:00,cow_11,70.45,15.18,44.82,0.1997,549,38.63,20.97,18.79,1.84,5,90.9,18.55,53.4,63.5,17.55,0,0.0,0.0,5.14
2026-09-08T19:00:00+00:00,cow_12,53.6,18.29,41.71,0.1825,432,38.69,21.75,16.99,1.71,5,90.9,18.55,53.4,63.5,17.55,0,0.0,0.0,5.16
2026-09-08T19:00:00+00:00,cow_13,60.27,13.9,46.1,0.1974,487,38.79,18.91,18.58,1.62,5,90.9,18.55,53.4,63.5,17.55,0,0.0,0.0,5.28
2026-09-08T19:00:00+00:00,cow_14,78.02,15.12,44.88,0.2295,613,38.71,19.73,17.57,1.68,5,90.9,18.55,53.4,63.5,17.55,0,0.0,0.0,5.16
2026-09-08T19:00:00+00:00,cow_15,55.4,13.43,46.57,0.1554,444,38.61,19.14,17.07,1.82,5,90.9,18.55,53.4,63.5,17.55,0,0.0,0.0,5.31
2026-09-08T19:00:00+00:00,cow_16,67.68,19.43,40.57,0.1899,523,38.8,17.25,17.53,1.71,4,90.9,18.55,53.4,63.5,17.55,0,0.0,0.0,5.15
2026-09-08T20:00:00+00:00,cow_01,41.67,25.57,34.43,0.1648,325,38.84,7.63,18.79,0.66,1,86.5,17.98,50.5,62.64,16.98,0,0.0,0.0,5.3
2026-09-08T20:00:00+00:00,cow_02,61.89,23.43,36.57,0.1963,510,38.76,4.45,19.61,0.54,1,86.5,17.98,50.5,62.64,16.98,0,0.0,0.0,5.28
2026-09-08T20:00:00+00:00,cow_03,46.32,22.61,37.39,0.1621,360,38.66,9.42,19.84,0.87,2,86.5,17.98,50.5,62.64,16.98,0,0.0,0.0,5.11
2026-09-08T20:00:00+00:00,cow_04,51.03,22.97,37.03,0.1762,399,38.74,7.28,17.37,0.61,2,86.5,17.98,50.5,62.64,16.98,0,0.0,0.0,5.32
2026-09-08T20:00:00+00:00,cow_05,47.54,19.26,40.74,0.1613,366,38.78,6.21,15.73,0.8,1,86.5,17.98,50.5,62.64,16.98,0,0.0,0.0,5.18
2026-09-08T20:00:00+00:00,cow_06,52.94,24.05,35.95,0.1685,416,38.58,8.09,16.99,0.69,2,86.5,17.98,50.5,62.64,16.98,0,0.0,0.0,5.31
2026-09-08T20:00:00+00:00,cow_07,46.4,24.69,35.31,0.1618,362,38.62,10.42,15.94,0.9,2,86.5,17.98,50.5,62.64,16.98,0,0.0,0.0,5.15
2026-09-08T20:00:00+00:00,cow_08,44.2,27.37,32.63,0.1777,322,38.91,10.5,18.36,0.85,3,86.5,17.98,50.5,62.64,16.98,0,0.0,0.0,5.15
2026-09-08T20:00:00+00:00,cow_09,47.16,22.57,37.43,0.1573,381,38.62,5.21,15.77,0.45,1,86.5,17.98,50.5,62.64,16.98,0,0.0,0.0,5.25
2026-09-08T20:00:00+00:00,cow_10,50.72,21.18,38.82,0.1565,393,38.73,5.82,18.68,0.57,1,86.5,17.98,50.5,62.64,16.98,0,0.0,0.0,5.24
2026-09-08T20:00:00+00:00,cow_11,56.78,21.83,38.17,0.1708,450,38.65,9.11,17.02,0.91,2,86.5,17.98,50.5,62.64,16.98,0,0.0,0.0,5.11
2026-09-08T20:00:00+00:00,cow_12,43.1,20.32,39.68,0.1641,362,38.58,8.45,18.99,0.6,2,86.5,17.98,50.5,62.64,16.98,0,0.0,0.0,5.18
2026-09-08T20:00:00+00:00,cow_13,46.28,22.52,37.48,0.1623,350,38.74,6.67,19.67,0.65,2,86.5,17.98,50.5,62.64,16.98,0,0.0,0.0,5.26
2026-09-08T20:00:00+00:00,cow_14,51.89,23.96,36.04,0.1826,422,38.78,8.21,16.01,0.72,2,86.5,17.98,50.5,62.64,16.98,0,0.0,0.0,5.38
2026-09-08T20:00:00+00:00,cow_15,42.21,20.86,39.14,0.1588,359,38.63,7.81,15.69,0.67,2,86.5,17.98,50.5,62.64,16.98,0,0.0,0.0,5.18
2026-09-08T20:00:00+00:00,cow_16,51.01,22.98,37.02,0.1767,399,38.79,7.62,17.06,0.69,2,86.5,17.98,50.5,62.64,16.98,0,0.0,0.0,5.15
2026-09-08T21:00:00+00:00,cow_01,53.32,23.8,36.2,0.186,449,38.82,7.05,15.07,0.55,2,85.8,17.36,52.6,61.89,16.36,0,0.0,0.0,5.1
2026-09-08T21:00:00+00:00,cow_02,51.26,24.3,35.7,0.1781,439,38.74,6.1,20.82,0.8,1,85.8,17.36,52.6,61.89,16.36,0,0.0,0.0,5.26
2026-09-08T21:00:00+00:00,cow_03,43.41,23.05,36.95,0.1456,324,38.67,5.05,17.24,0.35,1,85.8,17.36,52.6,61.89,16.36,0,0.0,0.0,5.21
2026-09-08T21:00:00+00:00,cow_04,44.06,22.94,37.06,0.1614,348,38.8,7.82,19.56,0.73,2,85.8,17.36,52.6,61.89,16.36,0,0.0,0.0,5.37
2026-09-08T21:00:00+00:00,cow_05,51.89,21.11,38.89,0.1669,411,38.74,7.32,14.48,0.93,2,85.8,17.36,52.6,61.89,16.36,0,0.0,0.0,5.21
2026-09-08T21:00:00+00:00,cow_06,52.69,23.4,36.6,0.174,378,38.58,9.45,18.95,0.75,3,85.8,17.36,52.6,61.89,16.36,0,0.0,0.0,5.14
2026-09-08T21:00:00+00:00,cow_07,41.9,27.07,32.93,0.1597,336,38.66,9.17,17.97,0.86,2,85.8,17.36,52.6,61.89,16.36,0,0.0,0.0,5.17
2026-09-08T21:00:00+00:00,cow_08,46.69,23.85,36.15,0.1551,351,38.89,8.03,19.59,0.68,3,85.8,17.36,52.6,61.89,16.36,0,0.0,0.0,5.24
2026-09-08T21:00:00+00:00,cow_09,38.76,23.59,36.41,0.1459,307,38.57,7.26,17.17,0.64,2,85.8,17.36,52.6,61.89,16.36,0,0.0,0.0,5.21
2026-09-08T21:00:00+00:00,cow_10,41.85,20.07,39.93,0.172,339,38.73,4.86,18.64,0.5,3,85.8,17.36,52.6,61.89,16.36,0,0.0,0.0,5.35
2026-09-08T21:00:00+00:00,cow_11,52.14,21.1,38.9,0.1591,404,38.59,8.04,20.77,0.68,2,85.8,17.36,52.6,61.89,16.36,0,0.0,0.0,5.03
2026-09-08T21:00:00+00:00,cow_12,44.01,20.59,39.41,0.1702,347,38.56,6.44,16.77,0.52,2,85.8,17.36,52.6,61.89,16.36,0,0.0,0.0,5.16
2026-09-08T21:00:00+00:00,cow_13,49.29,20.74,39.26,0.1395,398,38.88,9.22,17.51,0.8,3,85.8,17.36,52.6,61.89,16.36,0,0.0,0.0,5.15
2026-09-08T21:00:00+00:00,cow_14,53.68,23.44,36.56,0.1657,415,38.81,8.3,18.92,0.75,3,85.8,17.36,52.6,61.89,16.36,0,0.0,0.0,5.27
2026-09-08T21:00:00+00:00,cow_15,44.31,21.23,38.77,0.1898,356,38.51,8.19,15.46,0.8,2,85.8,17.36,52.6,61.89,16.36,0,0.0,0.0,5.18
2026-09-08T21:00:00+00:00,cow_16,43.77,23.07,36.93,0.1524,361,38.85,9.74,15.09,0.93,2,85.8,17.36,52.6,61.89,16.36,0,0.0,0.0,5.19
2026-09-08T22:00:00+00:00,cow_01,24.06,39.47,20.53,0.1241,165,38.77,2.59,25.13,0.17,0,90.5,16.66,52.5,60.95,15.66,0,0.0,0.0,5.23
2026-09-08T22:00:00+00:00,cow_02,30.44,34.37,25.63,0.1174,215,38.83,1.02,30.26,0.11,1,90.5,16.66,52.5,60.95,15.66,0,0.0,0.0,5.11
2026-09-08T22:00:00+00:00,cow_03,25.17,35.35,24.65,0.1218,185,38.65,2.29,23.01,0.28,1,90.5,16.66,52.5,60.95,15.66,0,0.0,0.0,5.3
2026-09-08T22:00:00+00:00,cow_04,27.01,36.57,23.43,0.116,225,38.66,2.31,25.01,0.31,0,90.5,16.66,52.5,60.95,15.66,0,0.0,0.0,5.25
2026-09-08T22:00:00+00:00,cow_05,25.1,31.86,28.14,0.1358,206,38.72,1.48,22.19,0.19,0,90.5,16.66,52.5,60.95,15.66,0,0.0,0.0,5.17
2026-09-08T22:00:00+00:00,cow_06,29.85,34.96,25.04,0.1439,248,38.63,3.02,24.81,0.28,2,90.5,16.66,52.5,60.95,15.66,0,0.0,0.0,5.12
2026-09-08T22:00:00+00:00,cow_07,22.28,40.01,19.99,0.1102,158,38.63,2.71,22.9,0.26,1,90.5,16.66,52.5,60.95,15.66,0,0.0,0.0,5.17
2026-09-08T22:00:00+00:00,cow_08,20.55,39.83,20.17,0.1231,161,38.82,3.03,28.23,0.27,0,90.5,16.66,52.5,60.95,15.66,0,0.0,0.0,5.35
2026-09-08T22:00:00+00:00,cow_09,27.1,33.4,26.6,0.1303,221,38.55,3.45,25.14,0.32,1,90.5,16.66,52.5,60.95,15.66,0,0.0,0.0,5.28
2026-09-08T22:00:00+00:00,cow_10,26.81,32.39,27.61,0.1351,215,38.69,3.2,26.7,0.28,2,90.5,16.66,52.5,60.95,15.66,0,0.0,0.0,5.16
2026-09-08T22:00:00+00:00,cow_11,27.54,33.58,26.42,0.128,211,38.65,1.65,26.21,0.16,0,90.5,16.66,52.5,60.95,15.66,0,0.0,0.0,5.29
2026-09-08T22:00:00+00:00,cow_12,28.89,34.5,25.5,0.1409,231,38.62,3.27,25.54,0.21,1,90.5,16.66,52.5,60.95,15.66,0,0.0,0.0,5.24
2026-09-08T22:00:00+00:00,cow_13,25.72,33.32,26.68,0.1292,202,38.81,2.42,25.93,0.3,0,90.5,16.66,52.5,60.95,15.66,0,0.0,0.0,5.14
2026-09-08T22:00:00+00:00,cow_14,31.07,37.88,22.12,0.1425,256,38.71,3.4,23.79,0.35,0,90.5,16.66,52.5,60.95,15.66,0,0.0,0.0,5.14
2026-09-08T22:00:00+00:00,cow_15,21.41,33.15,26.85,0.118,173,38.58,2.56,22.91,0.16,0,90.5,16.66,52.5,60.95,15.66,0,0.0,0.0,5.14
2026-09-08T22:00:00+00:00,cow_16,24.49,37.07,22.93,0.1139,179,38.72,2.74,21.81,0.2,1,90.5,16.66,52.5,60.95,15.66,0,0.0,0.0,5.15
2026-09-08T23:00:00+00:00,cow_01,26.91,37.79,22.21,0.1289,204,38.73,3.27,23.07,0.3,1,86.5,16.04,53.1,60.14,15.04,0,0.0,0.0,5.13
2026-09-08T23:00:00+00:00,cow_02,33.23,35.81,24.19,0.1491,263,38.78,2.31,28.4,0.22,0,86.5,16.04,53.1,60.14,15.04,0,0.0,0.0,5.25
2026-09-08T23:00:00+00:00,cow_03,25.59,32.07,27.93,0.1297,183,38.81,3.71,24.94,0.33,1,86.5,16.04,53.1,60.14,15.04,0,0.0,0.0,5.1
2026-09-08T23:00:00+00:00,cow_04,24.04,32.73,27.27,0.1153,171,38.68,1.96,26.95,0.19,1,86.5,16.04,53.1,60.14,15.04,0,0.0,0.0,5.41
2026-09-08T23:00:00+00:00,cow_05,30.37,30.35,29.65,0.1393,242,38.67,0.67,22.53,0.12,0,86.5,16.04,53.1,60.14,15.04,0,0.0,0.0,5.28
2026-09-08T23:00:00+00:00,cow_06,30.93,35.9,24.1,0.1466,245,38.67,1.42,27.11,0.06,0,86.5,16.04,53.1,60.14,15.04,0,0.0,0.0,5.15
2026-09-08T23:00:00+00:00,cow_07,22.46,42.88,17.12,0.1158,192,38.62,3.46,22.82,0.33,1,86.5,16.04,53.1,60.14,15.04,0,0.0,0.0,5.14
2026-09-08T23:00:00+00:00,cow_08,31.62,39.95,20.05,0.1347,242,38.79,1.54,29.11,0.15,0,86.5,16.04,53.1,60.14,15.04,0,0.0,0.0,5.28
2026-09-08T23:00:00+00:00,cow_09,22.07,31.59,28.41,0.1184,178,38.6,0.75,23.38,0.0,0,86.5,16.04,53.1,60.14,15.04,0,0.0,0.0,5.26
2026-09-08T23:00:00+00:00,cow_10,28.64,32.22,27.78,0.1283,229,38.77,3.6,26.6,0.32,0,86.5,16.04,53.1,60.14,15.04,0,0.0,0.0,5.21
2026-09-08T23:00:00+00:00,cow_11,35.08,35.28,24.72,0.1449,285,38.52,2.3,26.02,0.22,1,86.5,16.04,53.1,60.14,15.04,0,0.0,0.0,5.28
2026-09-08T23:00:00+00:00,cow_12,25.05,33.0,27.0,0.1155,187,38.6,0.67,25.33,0.12,1,86.5,16.04,53.1,60.14,15.04,0,0.0,0.0,5.17
2026-09-08T23:00:00+00:00,cow_13,24.09,35.47,24.53,0.1264,189,38.75,2.58,26.56,0.27,1,86.5,16.04,53.1,60.14,15.04,0,0.0,0.0,5.09
2026-09-08T23:00:00+00:00,cow_14,26.31,39.44,20.56,0.129,193,38.77,2.96,27.21,0.25,1,86.5,16.04,53.1,60.14,15.04,0,0.0,0.0,5.08
2026-09-08T23:00:00+00:00,cow_15,26.81,34.1,25.9,0.1443,231,38.56,1.33,22.76,0.03,0,86.5,16.04,53.1,60.14,15.04,0,0.0,0.0,5.23
2026-09-08T23:00:00+00:00,cow_16,25.17,34.54,25.46,0.1174,174,38.79,2.52,20.87,0.22,1,86.5,16.04,53.1,60.14,15.04,0,0.0,0.0,5.29
2026-09-09T00:00:00+00:00,cow_01,25.62,36.25,23.75,0.1308,210,38.81,2.04,23.07,0.18,1,85.3,14.38,54.9,57.91,13.38,0,0.0,0.0,5.23
2026-09-09T00:00:00+00:00,cow_02,32.23,37.08,22.92,0.1472,223,38.66,2.15,27.56,0.23,0,85.3,14.38,54.9,57.91,13.38,0,0.0,0.0,5.13
2026-09-09T00:00:00+00:00,cow_03,26.17,31.89,28.11,0.1293,224,38.57,1.03,23.28,0.05,0,85.3,14.38,54.9,57.91,13.38,0,0.0,0.0,5.06
2026-09-09T00:00:00+00:00,cow_04,28.34,32.13,27.87,0.1175,227,38.63,3.68,25.98,0.3,1,85.3,14.38,54.9,57.91,13.38,0,0.0,0.0,5.28
2026-09-09T00:00:00+00:00,cow_05,23.45,32.33,27.67,0.1438,178,38.71,3.08,22.57,0.34,1,85.3,14.38,54.9,57.91,13.38,0,0.0,0.0,5.1
2026-09-09T00:00:00+00:00,cow_06,27.54,35.77,24.23,0.1381,247,38.6,2.36,23.02,0.25,1,85.3,14.38,54.9,57.91,13.38,0,0.0,0.0,5.26
2026-09-09T00:00:00+00:00,cow_07,24.84,40.27,19.73,0.1095,180,38.56,2.85,22.92,0.32,1,85.3,14.38,54.9,57.91,13.38,0,0.0,0.0,5.39
2026-09-09T00:00:00+00:00,cow_08,29.01,39.14,20.86,0.1186,242,38.7,1.75,26.5,0.13,1,85.3,14.38,54.9,57.91,13.38,0,0.0,0.0,5.23
2026-09-09T00:00:00+00:00,cow_09,21.36,32.88,27.12,0.1048,176,38.45,1.96,23.16,0.21,0,85.3,14.38,54.9,57.91,13.38,0,0.0,0.0,5.13
2026-09-09T00:00:00+00:00,cow_10,27.23,34.61,25.39,0.1186,226,38.81,1.57,24.94,0.15,0,85.3,14.38,54.9,57.91,13.38,0,0.0,0.0,5.18
2026-09-09T00:00:00+00:00,cow_11,28.63,34.38,25.62,0.114,205,38.55,3.16,23.26,0.37,1,85.3,14.38,54.9,57.91,13.38,0,0.0,0.0,5.15
2026-09-09T00:00:00+00:00,cow_12,23.99,31.54,28.46,0.1302,179,38.54,2.55,26.79,0.22,0,85.3,14.38,54.9,57.91,13.38,0,0.0,0.0,5.15
2026-09-09T00:00:00+00:00,cow_13,26.4,34.13,25.87,0.1251,211,38.73,0.9,26.85,0.08,0,85.3,14.38,54.9,57.91,13.38,0,0.0,0.0,5.12
2026-09-09T00:00:00+00:00,cow_14,27.38,39.87,20.13,0.1219,226,38.65,0.69,24.44,0.09,0,85.3,14.38,54.9,57.91,13.38,0,0.0,0.0,5.04
2026-09-09T00:00:00+00:00,cow_15,17.74,34.41,25.59,0.1118,151,38.55,1.31,23.18,0.03,1,85.3,14.38,54.9,57.91,13.38,0,0.0,0.0,5.23
2026-09-09T00:00:00+00:00,cow_16,27.15,36.81,23.19,0.1253,206,38.75,3.38,20.18,0.33,1,85.3,14.38,54.9,57.91,13.38,0,0.0,0.0,5.22
2026-09-09T01:00:00+00:00,cow_01,26.09,40.97,19.03,0.1179,181,38.71,3.1,23.34,0.19,0,88.3,15.05,54.9,58.82,14.05,0,0.0,0.0,5.18
2026-09-09T01:00:00+00:00,cow_02,32.01,36.96,23.04,0.1533,250,38.61,3.2,27.65,0.43,1,88.3,15.05,54.9,58.82,14.05,0,0.0,0.0,5.3
2026-09-09T01:00:00+00:00,cow_03,24.64,34.99,25.01,0.1299,187,38.57,3.07,23.34,0.31,1,88.3,15.05,54.9,58.82,14.05,0,0.0,0.0,5.23
2026-09-09T01:00:00+00:00,cow_04,27.93,34.55,25.45,0.131,222,38.59,2.7,27.95,0.2,0,88.3,15.05,54.9,58.82,14.05,0,0.0,0.0,5.3
2026-09-09T01:00:00+00:00,cow_05,26.9,32.56,27.44,0.1225,189,38.68,3.25,21.92,0.34,1,88.3,15.05,54.9,58.82,14.05,0,0.0,0.0,5.14
2026-09-09T01:00:00+00:00,cow_06,23.67,33.99,26.01,0.1278,206,38.61,3.24,25.36,0.18,2,88.3,15.05,54.9,58.82,14.05,0,0.0,0.0,5.3
2026-09-09T01:00:00+00:00,cow_07,22.48,39.52,20.48,0.1263,201,38.56,1.83,22.88,0.21,0,88.3,15.05,54.9,58.82,14.05,0,0.0,0.0,4.96
2026-09-09T01:00:00+00:00,cow_08,26.96,39.34,20.66,0.1287,196,38.64,2.18,27.4,0.16,1,88.3,15.05,54.9,58.82,14.05,0,0.0,0.0,5.12
2026-09-09T01:00:00+00:00,cow_09,22.58,34.38,25.62,0.1169,175,38.47,1.45,24.36,0.16,0,88.3,15.05,54.9,58.82,14.05,0,0.0,0.0,5.15
2026-09-09T01:00:00+00:00,cow_10,25.74,36.33,23.67,0.1121,234,38.66,1.93,27.56,0.07,1,88.3,15.05,54.9,58.82,14.05,0,0.0,0.0,5.35
2026-09-09T01:00:00+00:00,cow_11,32.62,30.19,29.81,0.1463,285,38.57,1.3,27.06,0.21,0,88.3,15.05,54.9,58.82,14.05,0,0.0,0.0,5.08
2026-09-09T01:00:00+00:00,cow_12,25.82,36.08,23.92,0.1251,188,38.57,1.98,25.82,0.23,0,88.3,15.05,54.9,58.82,14.05,0,0.0,0.0,5.27
2026-09-09T01:00:00+00:00,cow_13,25.32,33.99,26.01,0.1307,190,38.65,0.77,28.4,0.05,0,88.3,15.05,54.9,58.82,14.05,0,0.0,0.0,5.16
2026-09-09T01:00:00+00:00,cow_14,26.47,38.39,21.61,0.1309,208,38.67,1.71,25.84,0.21,1,88.3,15.05,54.9,58.82,14.05,0,0.0,0.0,5.17
2026-09-09T01:00:00+00:00,cow_15,23.47,35.04,24.96,0.1351,217,38.46,1.68,23.65,0.17,0,88.3,15.05,54.9,58.82,14.05,0,0.0,0.0,5.17
2026-09-09T01:00:00+00:00,cow_16,28.46,34.74,25.26,0.1191,211,38.73,5.19,20.89,0.49,3,88.3,15.05,54.9,58.82,14.05,0,0.0,0.0,5.16
2026-09-09T02:00:00+00:00,cow_01,25.46,37.97,22.03,0.1334,201,38.65,1.2,23.63,0.15,0,88.8,14.68,59.9,58.33,13.68,0,0.0,0.0,5.11
2026-09-09T02:00:00+00:00,cow_02,31.48,37.22,22.78,0.1364,265,38.67,2.32,29.2,0.28,0,88.8,14.68,59.9,58.33,13.68,0,0.0,0.0,5.19
2026-09-09T02:00:00+00:00,cow_03,23.29,31.1,28.9,0.1281,186,38.45,4.01,23.32,0.32,1,88.8,14.68,59.9,58.33,13.68,0,0.0,0.0,5.23
2026-09-09T02:00:00+00:00,cow_04,27.06,30.75,29.25,0.1258,218,38.62,1.56,25.9,0.14,1,88.8,14.68,59.9,58.33,13.68,0,0.0,0.0,5.11
2026-09-09T02:00:00+00:00,cow_05,30.34,31.35,28.65,0.1384,239,38.65,2.36,23.52,0.29,0,88.8,14.68,59.9,58.33,13.68,0,0.0,0.0,5.29
2026-09-09T02:00:00+00:00,cow_06,33.71,33.51,26.49,0.1476,256,38.51,3.53,23.91,0.33,1,88.8,14.68,59.9,58.33,13.68,0,0.0,0.0,5.2
2026-09-09T02:00:00+00:00,cow_07,24.38,37.05,22.95,0.1103,199,38.49,1.37,24.39,0.2,1,88.8,14.68,59.9,58.33,13.68,0,0.0,0.0,5.11
2026-09-09T02:00:00+00:00,cow_08,25.17,38.47,21.53,0.1168,202,38.68,2.6,28.15,0.29,0,88.8,14.68,59.9,58.33,13.68,0,0.0,0.0,5.19
2026-09-09T02:00:00+00:00,cow_09,23.26,34.09,25.91,0.1252,175,38.46,0.79,22.05,0.01,0,88.8,14.68,59.9,58.33,13.68,0,0.0,0.0,5.25
2026-09-09T02:00:00+00:00,cow_10,24.28,33.75,26.25,0.1259,217,38.62,2.22,25.69,0.3,1,88.8,14.68,59.9,58.33,13.68,0,0.0,0.0,5.11
2026-09-09T02:00:00+00:00,cow_11,33.64,34.42,25.58,0.1429,279,38.51,1.97,25.37,0.18,0,88.8,14.68,59.9,58.33,13.68,0,0.0,0.0,5.26
2026-09-09T02:00:00+00:00,cow_12,23.06,33.92,26.08,0.1151,183,38.49,3.76,26.57,0.24,1,88.8,14.68,59.9,58.33,13.68,0,0.0,0.0,5.3
2026-09-09T02:00:00+00:00,cow_13,25.28,34.0,26.0,0.1215,210,38.68,3.54,26.79,0.38,1,88.8,14.68,59.9,58.33,13.68,0,0.0,0.0,5.29
2026-09-09T02:00:00+00:00,cow_14,27.89,39.77,20.23,0.1246,215,38.6,2.18,26.84,0.22,1,88.8,14.68,59.9,58.33,13.68,0,0.0,0.0,5.05
2026-09-09T02:00:00+00:00,cow_15,26.54,31.12,28.88,0.1274,201,38.47,4.1,22.33,0.34,1,88.8,14.68,59.9,58.33,13.68,0,0.0,0.0,5.33
2026-09-09T02:00:00+00:00,cow_16,24.23,33.8,26.2,0.1253,193,38.63,1.8,19.7,0.17,0,88.8,14.68,59.9,58.33,13.68,0,0.0,0.0,5.4
2026-09-09T03:00:00+00:00,cow_01,24.23,38.37,21.63,0.1292,207,38.62,1.04,21.08,0.1,1,87.0,14.84,59.8,58.56,13.84,0,0.0,0.0,5.29
2026-09-09T03:00:00+00:00,cow_02,31.14,37.71,22.29,0.1552,266,38.67,1.17,28.57,0.18,1,87.0,14.84,59.8,58.56,13.84,0,0.0,0.0,5.3
2026-09-09T03:00:00+00:00,cow_03,25.6,33.08,26.92,0.1154,200,38.51,2.69,24.48,0.28,1,87.0,14.84,59.8,58.56,13.84,0,0.0,0.0,5.2
2026-09-09T03:00:00+00:00,cow_04,22.21,34.59,25.41,0.1424,182,38.51,2.89,27.03,0.28,1,87.0,14.84,59.8,58.56,13.84,0,0.0,0.0,5.23
2026-09-09T03:00:00+00:00,cow_05,31.63,32.58,27.42,0.1521,271,38.64,2.9,24.75,0.42,0,87.0,14.84,59.8,58.56,13.84,0,0.0,0.0,5.22
2026-09-09T03:00:00+00:00,cow_06,29.55,37.21,22.79,0.1457,266,38.4,3.65,22.6,0.2,1,87.0,14.84,59.8,58.56,13.84,0,0.0,0.0,5.32
2026-09-09T03:00:00+00:00,cow_07,20.92,38.47,21.53,0.1295,180,38.6,2.54,22.94,0.18,0,87.0,14.84,59.8,58.56,13.84,0,0.0,0.0,5.11
2026-09-09T03:00:00+00:00,cow_08,20.24,41.87,18.13,0.1169,200,38.6,2.35,26.04,0.17,1,87.0,14.84,59.8,58.56,13.84,0,0.0,0.0,5.25
2026-09-09T03:00:00+00:00,cow_09,26.07,35.33,24.67,0.138,193,38.4,2.36,28.41,0.26,1,87.0,14.84,59.8,58.56,13.84,0,0.0,0.0,5.25
2026-09-09T03:00:00+00:00,cow_10,24.73,34.33,25.67,0.1341,197,38.54,2.0,26.03,0.12,0,87.0,14.84,59.8,58.56,13.84,0,0.0,0.0,5.09
2026-09-09T03:00:00+00:00,cow_11,26.8,31.63,28.37,0.1378,236,38.34,4.25,24.49,0.43,1,87.0,14.84,59.8,58.56,13.84,0,0.0,0.0,5.25
2026-09-09T03:00:00+00:00,cow_12,20.84,31.78,28.22,0.1095,173,38.54,1.68,25.22,0.09,0,87.0,14.84,59.8,58.56,13.84,0,0.0,0.0,5.05
2026-09-09T03:00:00+00:00,cow_13,29.58,34.29,25.71,0.1424,233,38.64,3.64,27.08,0.34,1,87.0,14.84,59.8,58.56,13.84,0,0.0,0.0,5.16
2026-09-09T03:00:00+00:00,cow_14,26.84,36.31,23.69,0.1408,241,38.52,3.02,24.18,0.33,1,87.0,14.84,59.8,58.56,13.84,0,0.0,0.0,5.2
2026-09-09T03:00:00+00:00,cow_15,21.46,30.38,29.62,0.1262,176,38.44,1.91,23.31,0.21,1,87.0,14.84,59.8,58.56,13.84,0,0.0,0.0,5.11
2026-09-09T03:00:00+00:00,cow_16,23.71,32.79,27.21,0.1247,202,38.62,1.49,21.66,0.26,1,87.0,14.84,59.8,58.56,13.84,0,0.0,0.0,5.26
2026-09-09T04:00:00+00:00,cow_01,26.26,38.63,21.37,0.1181,201,38.56,0.92,20.04,0.06,0,94.1,15.1,61.0,58.92,14.1,0,0.0,0.0,5.25
2026-09-09T04:00:00+00:00,cow_02,30.17,33.86,26.14,0.1496,234,38.61,3.78,27.38,0.49,2,94.1,15.1,61.0,58.92,14.1,0,0.0,0.0,5.18
2026-09-09T04:00:00+00:00,cow_03,27.38,33.12,26.88,0.131,221,38.45,2.08,23.41,0.12,0,94.1,15.1,61.0,58.92,14.1,0,0.0,0.0,5.18
2026-09-09T04:00:00+00:00,cow_04,25.35,33.88,26.12,0.1364,218,38.55,2.35,25.7,0.13,1,94.1,15.1,61.0,58.92,14.1,0,0.0,0.0,5.11
2026-09-09T04:00:00+00:00,cow_05,26.06,32.58,27.42,0.1238,230,38.52,2.31,19.77,0.35,0,94.1,15.1,61.0,58.92,14.1,0,0.0,0.0,5.4
2026-09-09T04:00:00+00:00,cow_06,29.92,33.68,26.32,0.1335,223,38.44,2.35,23.87,0.24,0,94.1,15.1,61.0,58.92,14.1,0,0.0,0.0,5.18
2026-09-09T04:00:00+00:00,cow_07,23.13,38.7,21.3,0.1161,180,38.55,3.24,22.54,0.33,1,94.1,15.1,61.0,58.92,14.1,0,0.0,0.0,5.26
2026-09-09T04:00:00+00:00,cow_08,24.22,37.72,22.28,0.1069,211,38.64,3.36,27.75,0.35,0,94.1,15.1,61.0,58.92,14.1,0,0.0,0.0,5.21
2026-09-09T04:00:00+00:00,cow_09,19.35,32.73,27.27,0.1181,149,38.48,2.13,23.01,0.2,0,94.1,15.1,61.0,58.92,14.1,0,0.0,0.0,5.13
2026-09-09T04:00:00+00:00,cow_10,28.58,35.42,24.58,0.133,237,38.64,2.19,25.37,0.23,1,94.1,15.1,61.0,58.92,14.1,0,0.0,0.0,5.27
2026-09-09T04:00:00+00:00,cow_11,32.76,34.83,25.17,0.1442,271,38.4,1.3,23.78,0.07,1,94.1,15.1,61.0,58.92,14.1,0,0.0,0.0,5.16
2026-09-09T04:00:00+00:00,cow_12,24.09,36.84,23.16,0.1342,160,38.45,2.99,24.55,0.22,1,94.1,15.1,61.0,58.92,14.1,0,0.0,0.0,5.1
2026-09-09T04:00:00+00:00,cow_13,26.45,37.52,22.48,0.1378,181,38.61,3.01,25.73,0.21,1,94.1,15.1,61.0,58.92,14.1,0,0.0,0.0,5.21
2026-09-09T04:00:00+00:00,cow_14,28.18,38.32,21.68,0.1519,229,38.56,2.82,24.09,0.29,1,94.1,15.1,61.0,58.92,14.1,0,0.0,0.0,5.24
2026-09-09T04:00:00+00:00,cow_15,27.08,33.8,26.2,0.116,196,38.45,2.61,23.8,0.2,1,94.1,15.1,61.0,58.92,14.1,0,0.0,0.0,5.35
2026-09-09T04:00:00+00:00,cow_16,25.67,35.85,24.15,0.1387,230,38.57,2.75,23.59,0.35,0,94.1,15.1,61.0,58.92,14.1,0,0.0,0.0,5.15
2026-09-09T05:00:00+00:00,cow_01,50.16,24.09,35.91,0.1597,397,38.6,7.4,17.22,0.51,2,93.9,15.46,61.9,59.45,14.46,0,0.0,0.0,5.09
2026-09-09T05:00:00+00:00,cow_02,49.33,24.3,35.7,0.167,373,38.53,7.26,18.98,0.94,2,93.9,15.46,61.9,59.45,14.46,0,0.0,0.0,5.15
2026-09-09T05:00:00+00:00,cow_03,43.42,20.83,39.17,0.1506,332,38.42,7.7,15.85,0.71,3,93.9,15.46,61.9,59.45,14.46,0,0.0,0.0,5.2
2026-09-09T05:00:00+00:00,cow_04,44.4,21.25,38.75,0.1706,381,38.45,7.61,19.05,0.66,2,93.9,15.46,61.9,59.45,14.46,0,0.0,0.0,5.24
2026-09-09T05:00:00+00:00,cow_05,53.82,19.94,40.06,0.2023,407,38.48,7.51,18.27,0.93,1,93.9,15.46,61.9,59.45,14.46,0,0.0,0.0,5.24
2026-09-09T05:00:00+00:00,cow_06,54.31,23.34,36.66,0.1771,421,38.49,5.86,19.35,0.5,1,93.9,15.46,61.9,59.45,14.46,0,0.0,0.0,5.35
2026-09-09T05:00:00+00:00,cow_07,39.12,26.73,33.27,0.1296,295,38.36,8.0,16.64,0.69,1,93.9,15.46,61.9,59.45,14.46,0,0.0,0.0,5.24
2026-09-09T05:00:00+00:00,cow_08,45.08,26.12,33.88,0.1629,374,38.57,10.6,18.17,0.87,3,93.9,15.46,61.9,59.45,14.46,0,0.0,0.0,5.31
2026-09-09T05:00:00+00:00,cow_09,44.85,20.5,39.5,0.151,378,38.42,7.67,19.76,0.74,1,93.9,15.46,61.9,59.45,14.46,0,0.0,0.0,5.18
2026-09-09T05:00:00+00:00,cow_10,47.72,22.36,37.64,0.1784,367,38.44,7.79,18.1,0.84,2,93.9,15.46,61.9,59.45,14.46,0,0.0,0.0,5.16
2026-09-09T05:00:00+00:00,cow_11,57.39,22.94,37.06,0.1896,457,38.37,7.11,19.88,0.49,2,93.9,15.46,61.9,59.45,14.46,0,0.0,0.0,5.07
2026-09-09T05:00:00+00:00,cow_12,41.93,22.49,37.51,0.1435,293,38.39,11.44,17.53,0.95,4,93.9,15.46,61.9,59.45,14.46,0,0.0,0.0,5.05
2026-09-09T05:00:00+00:00,cow_13,45.83,20.53,39.47,0.1544,392,38.57,9.46,19.02,0.79,3,93.9,15.46,61.9,59.45,14.46,0,0.0,0.0,5.3
2026-09-09T05:00:00+00:00,cow_14,54.21,25.25,34.75,0.1652,444,38.58,9.48,15.24,0.91,2,93.9,15.46,61.9,59.45,14.46,0,0.0,0.0,5.23
2026-09-09T05:00:00+00:00,cow_15,44.79,23.03,36.97,0.1426,360,38.36,10.11,17.19,0.99,3,93.9,15.46,61.9,59.45,14.46,0,0.0,0.0,5.19
2026-09-09T05:00:00+00:00,cow_16,46.47,25.13,34.87,0.1507,385,38.54,6.61,16.86,0.6,2,93.9,15.46,61.9,59.45,14.46,0,0.0,0.0,5.16
2026-09-09T06:00:00+00:00,cow_01,59.79,17.61,42.39,0.2036,471,38.61,19.75,17.0,1.61,6,88.0,15.31,63.7,59.24,14.31,0,14.09,8.42,5.25
2026-09-09T06:00:00+00:00,cow_02,72.85,15.93,44.07,0.2169,569,38.49,17.22,18.45,2.22,4,88.0,15.31,63.7,59.24,14.31,0,15.15,7.4,5.16
2026-09-09T06:00:00+00:00,cow_03,58.12,14.07,45.93,0.1916,478,38.46,18.55,16.9,1.55,4,88.0,15.31,63.7,59.24,14.31,0,16.57,6.53,5.29
2026-09-09T06:00:00+00:00,cow_04,58.87,11.85,48.15,0.1699,490,38.36,18.21,19.87,1.54,4,88.0,15.31,63.7,59.24,14.31,0,16.14,8.0,5.32
2026-09-09T06:00:00+00:00,cow_05,68.88,13.62,46.38,0.2155,529,38.55,15.66,13.79,1.9,5,88.0,15.31,63.7,59.24,14.31,0,17.72,7.48,5.13
2026-09-09T06:00:00+00:00,cow_06,72.73,14.48,45.52,0.206,581,38.39,18.1,18.79,1.34,5,88.0,15.31,63.7,59.24,14.31,0,15.94,8.07,5.14
2026-09-09T06:00:00+00:00,cow_07,55.46,19.38,40.62,0.1865,432,38.34,20.55,15.26,1.86,5,88.0,15.31,63.7,59.24,14.31,0,16.51,7.14,5.18
2026-09-09T06:00:00+00:00,cow_08,62.5,14.63,45.37,0.1951,480,38.51,21.7,18.2,1.91,6,88.0,15.31,63.7,59.24,14.31,0,17.2,6.95,5.18
2026-09-09T06:00:00+00:00,cow_09,59.79,17.29,42.71,0.1757,481,38.35,15.97,15.74,1.4,4,88.0,15.31,63.7,59.24,14.31,0,17.06,8.53,5.14
2026-09-09T06:00:00+00:00,cow_10,59.9,17.14,42.86,0.1663,471,38.4,15.17,18.06,1.36,4,88.0,15.31,63.7,59.24,14.31,0,18.56,7.66,5.19
2026-09-09T06:00:00+00:00,cow_11,77.28,13.9,46.1,0.2281,656,38.41,22.13,19.18,2.12,5,88.0,15.31,63.7,59.24,14.31,0,17.03,7.17,5.18
2026-09-09T06:00:00+00:00,cow_12,58.67,14.68,45.32,0.1862,448,38.33,22.14,18.18,1.81,5,88.0,15.31,63.7,59.24,14.31,0,14.08,7.4,5.22
2026-09-09T06:00:00+00:00,cow_13,59.93,16.21,43.79,0.178,479,38.43,18.66,18.92,1.71,4,88.0,15.31,63.7,59.24,14.31,0,13.85,8.48,5.34
2026-09-09T06:00:00+00:00,cow_14,73.39,18.69,41.31,0.2082,596,38.52,19.26,17.63,1.67,5,88.0,15.31,63.7,59.24,14.31,0,15.34,7.51,5.08
2026-09-09T06:00:00+00:00,cow_15,59.33,15.9,44.1,0.169,477,38.36,19.44,17.67,1.7,4,88.0,15.31,63.7,59.24,14.31,0,18.04,8.09,5.17
2026-09-09T06:00:00+00:00,cow_16,62.85,14.29,45.71,0.1837,474,38.58,16.46,16.73,1.62,4,88.0,15.31,63.7,59.24,14.31,0,15.22,7.33,5.19
2026-09-09T07:00:00+00:00,cow_01,67.77,17.81,42.19,0.2233,558,38.53,20.6,15.65,1.64,4,92.3,17.09,64.6,61.84,16.09,0,0.0,0.0,5.14
2026-09-09T07:00:00+00:00,cow_02,80.56,14.45,45.55,0.2185,643,38.51,16.31,18.86,2.15,5,92.3,17.09,64.6,61.84,16.09,0,0.0,0.0,5.3
2026-09-09T07:00:00+00:00,cow_03,59.96,15.81,44.19,0.1765,468,38.34,19.41,16.1,1.61,5,92.3,17.09,64.6,61.84,16.09,0,0.0,0.0,5.06
2026-09-09T07:00:00+00:00,cow_04,63.03,14.41,45.59,0.2033,496,38.36,20.15,18.74,1.83,5,92.3,17.09,64.6,61.84,16.09,0,0.0,0.0,5.16
2026-09-09T07:00:00+00:00,cow_05,72.01,15.97,44.03,0.2111,626,38.47,15.7,14.37,1.98,5,92.3,17.09,64.6,61.84,16.09,0,0.0,0.0,5.19
2026-09-09T07:00:00+00:00,cow_06,78.08,15.94,44.06,0.2314,630,38.35,21.33,16.49,1.61,6,92.3,17.09,64.6,61.84,16.09,0,0.0,0.0,5.36
2026-09-09T07:00:00+00:00,cow_07,53.59,14.21,45.79,0.1738,444,38.39,19.25,16.72,1.66,5,92.3,17.09,64.6,61.84,16.09,0,0.0,0.0,5.18
2026-09-09T07:00:00+00:00,cow_08,60.49,18.09,41.91,0.1909,475,38.59,23.16,16.97,1.97,5,92.3,17.09,64.6,61.84,16.09,0,0.0,0.0,5.1
2026-09-09T07:00:00+00:00,cow_09,59.95,14.31,45.69,0.1865,469,38.34,18.74,19.56,1.73,4,92.3,17.09,64.6,61.84,16.09,0,0.0,0.0,5.16
2026-09-09T07:00:00+00:00,cow_10,66.52,14.05,45.95,0.1849,520,38.44,15.68,18.97,1.44,4,92.3,17.09,64.6,61.84,16.09,0,0.0,0.0,5.16
2026-09-09T07:00:00+00:00,cow_11,74.78,14.21,45.79,0.2033,590,38.23,23.28,18.48,2.13,6,92.3,17.09,64.6,61.84,16.09,0,0.0,0.0,5.0
2026-09-09T07:00:00+00:00,cow_12,61.89,17.47,42.53,0.1925,499,38.28,20.63,15.91,1.62,6,92.3,17.09,64.6,61.84,16.09,0,0.0,0.0,5.17
2026-09-09T07:00:00+00:00,cow_13,64.29,16.83,43.17,0.1795,541,38.58,20.76,20.18,1.92,5,92.3,17.09,64.6,61.84,16.09,0,0.0,0.0,5.31
2026-09-09T07:00:00+00:00,cow_14,70.97,17.47,42.53,0.221,527,38.5,21.91,15.35,1.93,5,92.3,17.09,64.6,61.84,16.09,0,0.0,0.0,5.23
2026-09-09T07:00:00+00:00,cow_15,57.01,13.23,46.77,0.1937,449,38.33,21.55,15.54,1.97,5,92.3,17.09,64.6,61.84,16.09,0,0.0,0.0,5.18
2026-09-09T07:00:00+00:00,cow_16,67.47,16.32,43.68,0.2046,547,38.55,15.56,18.38,1.44,5,92.3,17.09,64.6,61.84,16.09,0,0.0,0.0,5.25
2026-09-09T08:00:00+00:00,cow_01,64.84,16.7,43.3,0.192,519,38.67,20.02,16.07,1.59,5,86.4,18.07,63.7,63.23,17.07,0,0.0,0.0,5.15
2026-09-09T08:00:00+00:00,cow_02,74.84,13.33,46.67,0.2156,600,38.49,15.37,19.57,1.98,4,86.4,18.07,63.7,63.23,17.07,0,0.0,0.0,5.19
2026-09-09T08:00:00+00:00,cow_03,58.01,12.25,47.75,0.1988,465,38.4,18.18,18.6,1.59,5,86.4,18.07,63.7,63.23,17.07,0,0.0,0.0,5.21
2026-09-09T08:00:00+00:00,cow_04,53.03,17.15,42.85,0.1786,416,38.4,17.47,17.15,1.54,4,86.4,18.07,63.7,63.23,17.07,0,0.0,0.0,5.13
2026-09-09T08:00:00+00:00,cow_05,80.24,12.72,47.28,0.2236,607,38.54,15.62,16.56,1.94,3,86.4,18.07,63.7,63.23,17.07,0,0.0,0.0,5.14
2026-09-09T08:00:00+00:00,cow_06,77.53,16.16,43.84,0.2034,583,38.31,20.37,16.26,1.61,5,86.4,18.07,63.7,63.23,17.07,0,0.0,0.0,5.34
2026-09-09T08:00:00+00:00,cow_07,55.75,17.17,42.83,0.1738,460,38.41,17.43,17.46,1.51,4,86.4,18.07,63.7,63.23,17.07,0,0.0,0.0,5.26
2026-09-09T08:00:00+00:00,cow_08,57.56,16.89,43.11,0.1912,466,38.55,21.74,20.67,1.79,6,86.4,18.07,63.7,63.23,17.07,0,0.0,0.0,5.28
2026-09-09T08:00:00+00:00,cow_09,60.53,14.7,45.3,0.1868,496,38.32,18.01,17.08,1.66,4,86.4,18.07,63.7,63.23,17.07,0,0.0,0.0,5.18
2026-09-09T08:00:00+00:00,cow_10,61.33,12.47,47.53,0.1817,501,38.45,15.88,19.52,1.46,4,86.4,18.07,63.7,63.23,17.07,0,0.0,0.0,5.16
2026-09-09T08:00:00+00:00,cow_11,75.31,14.91,45.09,0.1901,597,38.33,20.32,17.08,1.85,4,86.4,18.07,63.7,63.23,17.07,0,0.0,0.0,5.24
2026-09-09T08:00:00+00:00,cow_12,59.85,15.26,44.74,0.1842,462,38.35,18.81,18.88,1.51,5,86.4,18.07,63.7,63.23,17.07,0,0.0,0.0,5.2
2026-09-09T08:00:00+00:00,cow_13,62.12,16.01,43.99,0.1996,479,38.52,19.23,19.65,1.71,5,86.4,18.07,63.7,63.23,17.07,0,0.0,0.0,5.12
2026-09-09T08:00:00+00:00,cow_14,77.15,15.84,44.16,0.2229,608,38.47,18.77,18.69,1.6,5,86.4,18.07,63.7,63.23,17.07,0,0.0,0.0,5.19
2026-09-09T08:00:00+00:00,cow_15,55.49,10.83,49.17,0.1905,446,38.22,17.05,16.25,1.55,4,86.4,18.07,63.7,63.23,17.07,0,0.0,0.0,5.32
2026-09-09T08:00:00+00:00,cow_16,57.91,15.95,44.05,0.1907,472,38.57,16.4,15.92,1.58,3,86.4,18.07,63.7,63.23,17.07,0,0.0,0.0,5.23
2026-09-09T09:00:00+00:00,cow_01,66.28,19.17,40.83,0.208,506,38.51,20.54,15.67,1.65,5,93.6,18.74,63.1,64.17,17.74,0,0.0,0.0,5.16
2026-09-09T09:00:00+00:00,cow_02,74.93,14.48,45.52,0.2101,576,38.52,15.95,18.32,2.17,4,93.6,18.74,63.1,64.17,17.74,0,0.0,0.0,5.22
2026-09-09T09:00:00+00:00,cow_03,59.03,14.27,45.73,0.1895,467,38.4,20.54,16.51,1.72,4,93.6,18.74,63.1,64.17,17.74,0,0.0,0.0,5.32
2026-09-09T09:00:00+00:00,cow_04,62.04,16.23,43.77,0.1873,476,38.4,19.15,17.28,1.57,4,93.6,18.74,63.1,64.17,17.74,0,0.0,0.0,5.25
2026-09-09T09:00:00+00:00,cow_05,66.48,14.92,45.08,0.1957,540,38.5,16.98,15.73,2.15,4,93.6,18.74,63.1,64.17,17.74,0,0.0,0.0,5.28
2026-09-09T09:00:00+00:00,cow_06,73.1,15.16,44.84,0.1974,588,38.3,20.39,16.16,1.56,4,93.6,18.74,63.1,64.17,17.74,0,0.0,0.0,5.25
2026-09-09T09:00:00+00:00,cow_07,57.35,16.55,43.45,0.1677,465,38.35,22.02,17.21,2.08,6,93.6,18.74,63.1,64.17,17.74,0,0.0,0.0,5.29
2026-09-09T09:00:00+00:00,cow_08,61.85,16.77,43.23,0.1932,482,38.64,22.58,19.13,1.95,5,93.6,18.74,63.1,64.17,17.74,0,0.0,0.0,5.31
2026-09-09T09:00:00+00:00,cow_09,56.05,13.06,46.94,0.1792,429,38.4,18.08,13.09,1.69,5,93.6,18.74,63.1,64.17,17.74,0,0.0,0.0,5.17
2026-09-09T09:00:00+00:00,cow_10,61.02,15.06,44.94,0.185,473,38.41,17.16,19.79,1.6,3,93.6,18.74,63.1,64.17,17.74,0,0.0,0.0,5.25
2026-09-09T09:00:00+00:00,cow_11,75.31,17.04,42.96,0.2061,601,38.34,21.27,18.97,1.98,5,93.6,18.74,63.1,64.17,17.74,0,0.0,0.0,5.14
2026-09-09T09:00:00+00:00,cow_12,61.42,13.97,46.03,0.1789,496,38.34,20.83,17.33,1.6,5,93.6,18.74,63.1,64.17,17.74,0,0.0,0.0,5.4
2026-09-09T09:00:00+00:00,cow_13,62.66,14.03,45.97,0.213,514,38.56,19.7,20.5,1.81,5,93.6,18.74,63.1,64.17,17.74,0,0.0,0.0,5.06
2026-09-09T09:00:00+00:00,cow_14,72.06,19.37,40.63,0.2119,570,38.46,21.32,16.44,1.87,6,93.6,18.74,63.1,64.17,17.74,0,0.0,0.0,5.31
2026-09-09T09:00:00+00:00,cow_15,55.36,16.56,43.44,0.1873,452,38.34,19.59,16.15,1.83,4,93.6,18.74,63.1,64.17,17.74,0,0.0,0.0,5.12
2026-09-09T09:00:00+00:00,cow_16,62.85,14.45,45.55,0.2014,491,38.54,17.95,15.05,1.74,4,93.6,18.74,63.1,64.17,17.74,0,0.0,0.0,5.2
2026-09-09T10:00:00+00:00,cow_01,50.39,26.17,33.83,0.1783,394,38.55,0.54,13.66,0.01,0,21.2,19.37,63.0,65.05,18.37,0,0.0,0.0,5.39
2026-09-09T10:00:00+00:00,cow_02,58.98,22.12,37.88,0.1949,451,38.61,1.03,18.73,0.19,0,21.2,19.37,63.0,65.05,18.37,0,0.0,0.0,5.34
2026-09-09T10:00:00+00:00,cow_03,43.48,23.1,36.9,0.1594,358,38.36,0.05,16.01,0.0,0,21.2,19.37,63.0,65.05,18.37,0,0.0,0.0,5.16
2026-09-09T10:00:00+00:00,cow_04,38.89,21.33,38.67,0.1504,307,38.41,1.37,18.7,0.07,0,21.2,19.37,63.0,65.05,18.37,0,0.0,0.0,5.17
2026-09-09T10:00:00+00:00,cow_05,48.36,20.85,39.15,0.1472,376,38.52,2.05,15.59,0.27,1,21.2,19.37,63.0,65.05,18.37,0,0.0,0.0,5.21
2026-09-09T10:00:00+00:00,cow_06,57.88,19.16,40.84,0.1924,430,38.32,2.72,17.91,0.16,1,21.2,19.37,63.0,65.05,18.37,0,0.0,0.0,5.15
2026-09-09T10:00:00+00:00,cow_07,44.67,25.1,34.9,0.1539,363,38.43,1.78,17.41,0.24,0,21.2,19.37,63.0,65.05,18.37,0,0.0,0.0,5.3
2026-09-09T10:00:00+00:00,cow_08,48.54,26.18,33.82,0.1642,364,38.55,1.76,17.43,0.12,0,21.2,19.37,63.0,65.05,18.37,0,0.0,0.0,5.22
2026-09-09T10:00:00+00:00,cow_09,40.85,18.26,41.74,0.151,313,38.31,0.0,16.57,0.02,0,21.2,19.37,63.0,65.05,18.37,0,0.0,0.0,5.21
2026-09-09T10:00:00+00:00,cow_10,46.97,19.28,40.72,0.1654,364,38.42,2.3,19.03,0.18,0,21.2,19.37,63.0,65.05,18.37,0,0.0,0.0,5.21
2026-09-09T10:00:00+00:00,cow_11,50.11,20.13,39.87,0.1593,408,38.4,2.67,18.45,0.2,1,21.2,19.37,63.0,65.05,18.37,0,0.0,0.0,5.17
2026-09-09T10:00:00+00:00,cow_12,40.66,23.69,36.31,0.1665,336,38.47,1.35,17.39,0.06,0,21.2,19.37,63.0,65.05,18.37,0,0.0,0.0,5.31
2026-09-09T10:00:00+00:00,cow_13,44.21,21.62,38.38,0.1722,359,38.49,1.88,17.03,0.16,1,21.2,19.37,63.0,65.05,18.37,0,0.0,0.0,5.21
2026-09-09T10:00:00+00:00,cow_14,58.11,25.63,34.37,0.1729,466,38.49,3.91,16.87,0.35,1,21.2,19.37,63.0,65.05,18.37,0,0.0,0.0,5.11
2026-09-09T10:00:00+00:00,cow_15,38.6,21.07,38.93,0.1561,289,38.32,1.29,14.31,0.13,1,21.2,19.37,63.0,65.05,18.37,0,0.0,0.0,5.25
2026-09-09T10:00:00+00:00,cow_16,47.95,22.7,37.3,0.1703,386,38.42,0.18,14.74,0.02,0,21.2,19.37,63.0,65.05,18.37,0,0.0,0.0,5.25
2026-09-09T11:00:00+00:00,cow_01,49.25,24.4,35.6,0.1571,429,38.52,3.79,16.43,0.41,1,25.0,20.74,62.4,67.0,19.74,0,0.0,0.0,5.07
2026-09-09T11:00:00+00:00,cow_02,55.86,21.53,38.47,0.2073,456,38.6,2.59,18.59,0.33,1,25.0,20.74,62.4,67.0,19.74,0,0.0,0.0,5.36
2026-09-09T11:00:00+00:00,cow_03,42.02,20.68,39.32,0.152,326,38.36,0.0,14.94,0.05,0,25.0,20.74,62.4,67.0,19.74,0,0.0,0.0,5.27
2026-09-09T11:00:00+00:00,cow_04,42.78,22.14,37.86,0.1731,365,38.5,2.36,19.26,0.22,1,25.0,20.74,62.4,67.0,19.74,0,0.0,0.0,5.17
2026-09-09T11:00:00+00:00,cow_05,54.28,19.18,40.82,0.1926,430,38.46,1.39,14.53,0.15,0,25.0,20.74,62.4,67.0,19.74,0,0.0,0.0,5.15
2026-09-09T11:00:00+00:00,cow_06,54.16,22.25,37.75,0.1851,429,38.39,2.35,17.82,0.18,0,25.0,20.74,62.4,67.0,19.74,0,0.0,0.0,5.13
2026-09-09T11:00:00+00:00,cow_07,43.08,27.13,32.87,0.1552,334,38.41,1.77,15.82,0.09,0,25.0,20.74,62.4,67.0,19.74,0,0.0,0.0,5.22
2026-09-09T11:00:00+00:00,cow_08,42.25,24.19,35.81,0.1466,317,38.53,2.35,17.49,0.19,0,25.0,20.74,62.4,67.0,19.74,0,0.0,0.0,5.13
2026-09-09T11:00:00+00:00,cow_09,44.36,20.87,39.13,0.1551,374,38.31,3.62,16.53,0.28,1,25.0,20.74,62.4,67.0,19.74,0,0.0,0.0,5.21
2026-09-09T11:00:00+00:00,cow_10,50.84,23.43,36.57,0.1722,425,38.41,2.16,19.08,0.21,0,25.0,20.74,62.4,67.0,19.74,0,0.0,0.0,5.12
2026-09-09T11:00:00+00:00,cow_11,53.94,23.52,36.48,0.1962,421,38.28,3.27,21.44,0.36,0,25.0,20.74,62.4,67.0,19.74,0,0.0,0.0,5.43
2026-09-09T11:00:00+00:00,cow_12,44.9,21.42,38.58,0.1802,346,38.35,3.21,17.92,0.26,1,25.0,20.74,62.4,67.0,19.74,0,0.0,0.0,5.29
2026-09-09T11:00:00+00:00,cow_13,41.16,22.87,37.13,0.1512,318,38.53,0.0,18.11,0.06,0,25.0,20.74,62.4,67.0,19.74,0,0.0,0.0,5.18
2026-09-09T11:00:00+00:00,cow_14,49.88,25.75,34.25,0.1829,414,38.46,1.55,19.39,0.08,1,25.0,20.74,62.4,67.0,19.74,0,0.0,0.0,5.06
2026-09-09T11:00:00+00:00,cow_15,41.66,22.29,37.71,0.1547,341,38.29,1.49,17.21,0.17,0,25.0,20.74,62.4,67.0,19.74,0,0.0,0.0,5.28
2026-09-09T11:00:00+00:00,cow_16,41.85,22.15,37.85,0.1735,354,38.6,1.83,16.87,0.2,0,25.0,20.74,62.4,67.0,19.74,0,0.0,0.0,5.28
2026-09-09T12:00:00+00:00,cow_01,45.27,24.96,35.04,0.1445,350,38.49,2.08,17.93,0.17,1,23.0,20.68,61.8,66.87,19.68,0,0.0,0.0,5.17
2026-09-09T12:00:00+00:00,cow_02,58.3,23.68,36.32,0.1739,468,38.67,0.24,18.29,0.03,0,23.0,20.68,61.8,66.87,19.68,0,0.0,0.0,5.23
2026-09-09T12:00:00+00:00,cow_03,42.45,20.98,39.02,0.1569,340,38.6,2.82,15.29,0.2,0,23.0,20.68,61.8,66.87,19.68,0,0.0,0.0,5.33
2026-09-09T12:00:00+00:00,cow_04,41.56,23.17,36.83,0.1597,310,38.46,1.73,16.74,0.24,1,23.0,20.68,61.8,66.87,19.68,0,0.0,0.0,5.33
2026-09-09T12:00:00+00:00,cow_05,57.0,21.36,38.64,0.1863,444,38.62,1.73,15.07,0.18,0,23.0,20.68,61.8,66.87,19.68,0,0.0,0.0,5.25
2026-09-09T12:00:00+00:00,cow_06,55.44,23.04,36.96,0.1776,451,38.43,3.37,18.14,0.27,1,23.0,20.68,61.8,66.87,19.68,0,0.0,0.0,5.11
2026-09-09T12:00:00+00:00,cow_07,45.74,24.84,35.16,0.1611,358,38.41,1.32,15.33,0.11,1,23.0,20.68,61.8,66.87,19.68,0,0.0,0.0,5.2
2026-09-09T12:00:00+00:00,cow_08,46.62,26.23,33.77,0.1594,391,38.66,3.17,19.6,0.25,1,23.0,20.68,61.8,66.87,19.68,0,0.0,0.0,5.2
2026-09-09T12:00:00+00:00,cow_09,46.86,23.51,36.49,0.1499,378,38.26,1.45,16.14,0.16,0,23.0,20.68,61.8,66.87,19.68,0,0.0,0.0,5.08
2026-09-09T12:00:00+00:00,cow_10,46.46,22.22,37.78,0.1462,388,38.53,1.78,20.03,0.13,1,23.0,20.68,61.8,66.87,19.68,0,0.0,0.0,5.2
2026-09-09T12:00:00+00:00,cow_11,56.34,22.51,37.49,0.1883,451,38.35,4.19,18.28,0.34,2,23.0,20.68,61.8,66.87,19.68,0,0.0,0.0,5.18
2026-09-09T12:00:00+00:00,cow_12,38.88,21.37,38.63,0.1304,299,38.5,2.75,17.94,0.19,1,23.0,20.68,61.8,66.87,19.68,0,0.0,0.0,5.29
2026-09-09T12:00:00+00:00,cow_13,42.41,26.85,33.15,0.1475,335,38.59,1.94,18.26,0.22,1,23.0,20.68,61.8,66.87,19.68,0,0.0,0.0,5.28
2026-09-09T12:00:00+00:00,cow_14,53.63,23.63,36.37,0.1747,427,38.49,2.4,19.56,0.2,1,23.0,20.68,61.8,66.87,19.68,0,0.0,0.0,5.15
2026-09-09T12:00:00+00:00,cow_15,44.62,20.43,39.57,0.1562,364,38.33,2.56,17.9,0.24,1,23.0,20.68,61.8,66.87,19.68,0,0.0,0.0,5.1
2026-09-09T12:00:00+00:00,cow_16,47.11,22.17,37.83,0.1686,400,38.45,1.2,12.88,0.06,0,23.0,20.68,61.8,66.87,19.68,0,0.0,0.0,5.27
2026-09-09T13:00:00+00:00,cow_01,44.43,26.41,33.59,0.1551,361,38.57,3.11,14.5,0.29,0,21.1,21.7,60.3,68.22,20.7,0,0.0,0.0,5.34
2026-09-09T13:00:00+00:00,cow_02,55.68,26.68,33.32,0.172,438,38.68,0.11,18.58,0.04,0,21.1,21.7,60.3,68.22,20.7,0,0.0,0.0,5.24
2026-09-09T13:00:00+00:00,cow_03,45.34,19.5,40.5,0.1713,343,38.54,2.01,16.59,0.12,1,21.1,21.7,60.3,68.22,20.7,0,0.0,0.0,5.13
2026-09-09T13:00:00+00:00,cow_04,47.25,24.15,35.85,0.1815,382,38.5,1.53,18.19,0.14,1,21.1,21.7,60.3,68.22,20.7,0,0.0,0.0,5.3
2026-09-09T13:00:00+00:00,cow_05,51.53,19.02,40.98,0.1687,435,38.52,2.38,15.11,0.26,1,21.1,21.7,60.3,68.22,20.7,0,0.0,0.0,5.32
2026-09-09T13:00:00+00:00,cow_06,55.79,21.95,38.05,0.1675,444,38.37,1.67,17.09,0.01,1,21.1,21.7,60.3,68.22,20.7,0,0.0,0.0,5.1
2026-09-09T13:00:00+00:00,cow_07,42.09,26.02,33.98,0.1688,324,38.36,3.05,15.13,0.29,1,21.1,21.7,60.3,68.22,20.7,0,0.0,0.0,4.94
2026-09-09T13:00:00+00:00,cow_08,40.92,24.81,35.19,0.1278,307,38.65,2.07,19.47,0.2,0,21.1,21.7,60.3,68.22,20.7,0,0.0,0.0,5.1
2026-09-09T13:00:00+00:00,cow_09,45.32,24.12,35.88,0.1519,366,38.47,1.98,16.65,0.15,1,21.1,21.7,60.3,68.22,20.7,0,0.0,0.0,5.21
2026-09-09T13:00:00+00:00,cow_10,48.68,22.72,37.28,0.1595,390,38.56,1.28,19.09,0.07,0,21.1,21.7,60.3,68.22,20.7,0,0.0,0.0,5.24
2026-09-09T13:00:00+00:00,cow_11,53.03,21.33,38.67,0.1562,438,38.44,2.78,18.77,0.18,1,21.1,21.7,60.3,68.22,20.7,0,0.0,0.0,5.15
2026-09-09T13:00:00+00:00,cow_12,40.78,23.35,36.65,0.17,348,38.48,2.08,17.69,0.12,0,21.1,21.7,60.3,68.22,20.7,0,0.0,0.0,5.27
2026-09-09T13:00:00+00:00,cow_13,51.53,21.22,38.78,0.1528,404,38.68,4.03,20.64,0.43,1,21.1,21.7,60.3,68.22,20.7,0,0.0,0.0,5.13
2026-09-09T13:00:00+00:00,cow_14,50.1,23.52,36.48,0.1793,425,38.6,1.79,16.12,0.15,1,21.1,21.7,60.3,68.22,20.7,0,0.0,0.0,5.08
2026-09-09T13:00:00+00:00,cow_15,44.71,20.78,39.22,0.1691,357,38.44,1.25,16.22,0.15,0,21.1,21.7,60.3,68.22,20.7,0,0.0,0.0,5.11
2026-09-09T13:00:00+00:00,cow_16,46.27,23.43,36.57,0.177,387,38.63,1.13,15.35,0.08,1,21.1,21.7,60.3,68.22,20.7,0,0.0,0.0,5.28
2026-09-09T14:00:00+00:00,cow_01,47.39,23.69,36.31,0.1674,378,38.73,1.79,14.77,0.19,0,21.1,22.0,57.6,68.42,21.0,0,0.0,0.0,5.1
2026-09-09T14:00:00+00:00,cow_02,53.26,22.84,37.16,0.157,400,38.7,1.36,19.22,0.17,1,21.1,22.0,57.6,68.42,21.0,0,0.0,0.0,5.13
2026-09-09T14:00:00+00:00,cow_03,46.31,21.94,38.06,0.1538,379,38.54,0.83,15.97,0.1,1,21.1,22.0,57.6,68.42,21.0,0,0.0,0.0,5.22
2026-09-09T14:00:00+00:00,cow_04,46.46,24.14,35.86,0.1614,374,38.59,0.68,19.88,0.13,0,21.1,22.0,57.6,68.42,21.0,0,0.0,0.0,5.43
2026-09-09T14:00:00+00:00,cow_05,53.46,20.89,39.11,0.1555,426,38.65,1.94,14.0,0.21,1,21.1,22.0,57.6,68.42,21.0,0,0.0,0.0,5.25
2026-09-09T14:00:00+00:00,cow_06,57.29,22.53,37.47,0.1828,465,38.48,0.45,19.0,0.08,0,21.1,22.0,57.6,68.42,21.0,0,0.0,0.0,5.09
2026-09-09T14:00:00+00:00,cow_07,44.64,24.56,35.44,0.1687,365,38.51,3.02,15.19,0.28,2,21.1,22.0,57.6,68.42,21.0,0,0.0,0.0,5.24
2026-09-09T14:00:00+00:00,cow_08,47.24,25.62,34.38,0.1648,359,38.67,2.83,17.79,0.19,1,21.1,22.0,57.6,68.42,21.0,0,0.0,0.0,5.27
2026-09-09T14:00:00+00:00,cow_09,48.45,21.42,38.58,0.1647,400,38.49,1.48,16.92,0.11,0,21.1,22.0,57.6,68.42,21.0,0,0.0,0.0,5.19
2026-09-09T14:00:00+00:00,cow_10,51.51,21.16,38.84,0.1584,397,38.64,2.04,20.23,0.24,1,21.1,22.0,57.6,68.42,21.0,0,0.0,0.0,5.25
2026-09-09T14:00:00+00:00,cow_11,52.48,22.88,37.12,0.1734,432,38.47,1.59,16.98,0.12,0,21.1,22.0,57.6,68.42,21.0,0,0.0,0.0,5.13
2026-09-09T14:00:00+00:00,cow_12,42.8,24.23,35.77,0.1688,349,38.55,0.83,19.51,0.0,0,21.1,22.0,57.6,68.42,21.0,0,0.0,0.0,5.13
2026-09-09T14:00:00+00:00,cow_13,48.82,20.1,39.9,0.1502,380,38.63,1.38,18.26,0.16,0,21.1,22.0,57.6,68.42,21.0,0,0.0,0.0,5.32
2026-09-09T14:00:00+00:00,cow_14,53.99,25.84,34.16,0.183,418,38.59,3.03,15.27,0.29,1,21.1,22.0,57.6,68.42,21.0,0,0.0,0.0,5.14
2026-09-09T14:00:00+00:00,cow_15,41.74,23.84,36.16,0.1379,315,38.36,1.51,15.89,0.15,0,21.1,22.0,57.6,68.42,21.0,0,0.0,0.0,5.24
2026-09-09T14:00:00+00:00,cow_16,44.02,26.0,34.0,0.1654,359,38.71,0.63,15.33,0.05,0,21.1,22.0,57.6,68.42,21.0,0,0.0,0.0,5.17
2026-09-09T15:00:00+00:00,cow_01,42.22,27.05,32.95,0.1642,309,38.61,2.79,16.88,0.25,0,21.3,21.71,56.4,67.94,20.71,0,0.0,0.0,5.35
2026-09-09T15:00:00+00:00,cow_02,53.97,24.11,35.89,0.1797,455,38.71,1.96,19.33,0.2,0,21.3,21.71,56.4,67.94,20.71,0,0.0,0.0,5.2
2026-09-09T15:00:00+00:00,cow_03,41.38,22.3,37.7,0.156,332,38.53,2.93,17.71,0.2,2,21.3,21.71,56.4,67.94,20.71,0,0.0,0.0,5.18
2026-09-09T15:00:00+00:00,cow_04,40.9,21.15,38.85,0.1385,347,38.65,2.59,19.3,0.28,1,21.3,21.71,56.4,67.94,20.71,0,0.0,0.0,5.23
2026-09-09T15:00:00+00:00,cow_05,49.45,20.89,39.11,0.1735,349,38.64,1.82,15.48,0.21,1,21.3,21.71,56.4,67.94,20.71,0,0.0,0.0,5.14
2026-09-09T15:00:00+00:00,cow_06,51.88,24.12,35.88,0.1838,406,38.51,2.85,17.22,0.24,1,21.3,21.71,56.4,67.94,20.71,0,0.0,0.0,5.17
2026-09-09T15:00:00+00:00,cow_07,43.84,23.77,36.23,0.1629,349,38.55,0.74,16.78,0.07,0,21.3,21.71,56.4,67.94,20.71,0,0.0,0.0,5.07
2026-09-09T15:00:00+00:00,cow_08,40.85,25.12,34.88,0.1566,354,38.72,0.55,18.85,0.11,0,21.3,21.71,56.4,67.94,20.71,0,0.0,0.0,5.29
2026-09-09T15:00:00+00:00,cow_09,43.86,22.8,37.2,0.1775,323,38.55,1.66,15.81,0.15,1,21.3,21.71,56.4,67.94,20.71,0,0.0,0.0,5.31
2026-09-09T15:00:00+00:00,cow_10,42.71,21.08,38.92,0.1663,341,38.65,0.06,17.81,0.0,0,21.3,21.71,56.4,67.94,20.71,0,0.0,0.0,5.1
2026-09-09T15:00:00+00:00,cow_11,52.04,20.7,39.3,0.1652,431,38.45,3.52,17.72,0.35,1,21.3,21.71,56.4,67.94,20.71,0,0.0,0.0,5.13
2026-09-09T15:00:00+00:00,cow_12,42.36,21.85,38.15,0.16,336,38.49,2.24,18.36,0.27,1,21.3,21.71,56.4,67.94,20.71,0,0.0,0.0,5.2
2026-09-09T15:00:00+00:00,cow_13,48.05,21.02,38.98,0.1492,379,38.76,3.2,16.82,0.32,0,21.3,21.71,56.4,67.94,20.71,0,0.0,0.0,5.24
2026-09-09T15:00:00+00:00,cow_14,54.41,21.93,38.07,0.1879,461,38.65,2.2,19.17,0.14,0,21.3,21.71,56.4,67.94,20.71,0,0.0,0.0,5.13
2026-09-09T15:00:00+00:00,cow_15,42.5,21.46,38.54,0.151,335,38.47,1.48,15.71,0.1,0,21.3,21.71,56.4,67.94,20.71,0,0.0,0.0,5.18
2026-09-09T15:00:00+00:00,cow_16,41.1,23.98,36.02,0.1484,327,38.7,1.45,17.14,0.07,0,21.3,21.71,56.4,67.94,20.71,0,0.0,0.0,5.21
2026-09-09T16:00:00+00:00,cow_01,62.21,18.29,41.71,0.1887,502,38.61,19.59,15.25,1.52,4,87.3,20.83,55.4,66.68,19.83,0,0.0,0.0,5.13
2026-09-09T16:00:00+00:00,cow_02,74.34,17.59,42.41,0.2094,609,38.75,16.88,18.82,2.22,5,87.3,20.83,55.4,66.68,19.83,0,0.0,0.0,5.25
2026-09-09T16:00:00+00:00,cow_03,60.2,14.16,45.84,0.1689,478,38.57,17.86,17.2,1.48,4,87.3,20.83,55.4,66.68,19.83,0,0.0,0.0,5.23
2026-09-09T16:00:00+00:00,cow_04,56.55,15.18,44.82,0.1678,460,38.67,19.19,20.13,1.66,4,87.3,20.83,55.4,66.68,19.83,0,0.0,0.0,5.2
2026-09-09T16:00:00+00:00,cow_05,70.64,14.63,45.37,0.2238,584,38.71,16.8,13.82,2.14,4,87.3,20.83,55.4,66.68,19.83,0,0.0,0.0,5.19
2026-09-09T16:00:00+00:00,cow_06,72.46,14.31,45.69,0.2023,573,38.53,20.1,16.85,1.54,5,87.3,20.83,55.4,66.68,19.83,0,0.0,0.0,5.22
2026-09-09T16:00:00+00:00,cow_07,54.77,16.86,43.14,0.181,424,38.55,18.15,16.87,1.63,4,87.3,20.83,55.4,66.68,19.83,0,0.0,0.0,5.06
2026-09-09T16:00:00+00:00,cow_08,60.87,17.63,42.37,0.1922,508,38.72,21.65,19.5,1.87,5,87.3,20.83,55.4,66.68,19.83,0,0.0,0.0,5.26
2026-09-09T16:00:00+00:00,cow_09,56.79,14.23,45.77,0.1804,450,38.56,17.34,17.27,1.68,4,87.3,20.83,55.4,66.68,19.83,0,0.0,0.0,5.28
2026-09-09T16:00:00+00:00,cow_10,61.74,15.02,44.98,0.1905,474,38.69,15.98,19.43,1.49,3,87.3,20.83,55.4,66.68,19.83,0,0.0,0.0,5.3
2026-09-09T16:00:00+00:00,cow_11,72.22,14.04,45.96,0.2149,590,38.5,20.29,19.4,1.84,4,87.3,20.83,55.4,66.68,19.83,0,0.0,0.0,5.24
2026-09-09T16:00:00+00:00,cow_12,60.59,13.07,46.93,0.1889,477,38.57,18.58,16.43,1.49,5,87.3,20.83,55.4,66.68,19.83,0,0.0,0.0,5.32
2026-09-09T16:00:00+00:00,cow_13,64.89,13.91,46.09,0.204,544,38.74,19.56,20.06,1.75,4,87.3,20.83,55.4,66.68,19.83,0,0.0,0.0,5.24
2026-09-09T16:00:00+00:00,cow_14,74.11,18.97,41.03,0.2024,577,38.66,19.87,18.04,1.69,5,87.3,20.83,55.4,66.68,19.83,0,0.0,0.0,5.27
2026-09-09T16:00:00+00:00,cow_15,59.57,14.19,45.81,0.1649,500,38.5,19.86,16.78,1.87,5,87.3,20.83,55.4,66.68,19.83,0,0.0,0.0,5.21
2026-09-09T16:00:00+00:00,cow_16,62.53,16.26,43.74,0.1802,528,38.75,17.02,17.45,1.66,4,87.3,20.83,55.4,66.68,19.83,0,0.0,0.0,5.12
2026-09-09T17:00:00+00:00,cow_01,66.51,20.7,39.3,0.2068,522,38.77,21.59,14.27,1.7,6,93.2,20.29,54.1,65.87,19.29,0,15.14,7.2,5.25
2026-09-09T17:00:00+00:00,cow_02,76.75,16.88,43.12,0.2217,612,38.77,15.18,22.4,1.99,4,93.2,20.29,54.1,65.87,19.29,0,14.7,6.85,5.27
2026-09-09T17:00:00+00:00,cow_03,56.26,14.85,45.15,0.2018,468,38.61,20.18,16.37,1.78,5,93.2,20.29,54.1,65.87,19.29,0,17.1,6.87,5.07
2026-09-09T17:00:00+00:00,cow_04,59.52,13.7,46.3,0.176,480,38.62,21.43,18.0,1.83,6,93.2,20.29,54.1,65.87,19.29,0,15.0,7.67,5.24
2026-09-09T17:00:00+00:00,cow_05,68.62,14.86,45.14,0.2078,570,38.86,16.09,14.02,2.05,3,93.2,20.29,54.1,65.87,19.29,0,18.32,7.68,5.21
2026-09-09T17:00:00+00:00,cow_06,73.4,15.67,44.33,0.2168,590,38.52,20.96,19.4,1.62,5,93.2,20.29,54.1,65.87,19.29,0,17.07,7.94,5.14
2026-09-09T17:00:00+00:00,cow_07,56.12,18.89,41.11,0.189,442,38.62,21.61,14.4,1.94,6,93.2,20.29,54.1,65.87,19.29,0,15.97,6.48,5.21
2026-09-09T17:00:00+00:00,cow_08,58.56,18.47,41.53,0.1779,448,38.84,23.11,17.8,1.98,5,93.2,20.29,54.1,65.87,19.29,0,17.58,7.1,5.21
2026-09-09T17:00:00+00:00,cow_09,60.47,16.28,43.72,0.1915,489,38.5,19.61,16.84,1.78,5,93.2,20.29,54.1,65.87,19.29,0,17.84,6.96,5.24
2026-09-09T17:00:00+00:00,cow_10,66.3,15.12,44.88,0.2044,518,38.77,17.12,20.14,1.5,4,93.2,20.29,54.1,65.87,19.29,0,17.78,8.48,5.32
2026-09-09T17:00:00+00:00,cow_11,71.16,15.03,44.97,0.2096,580,38.6,20.61,18.38,1.82,6,93.2,20.29,54.1,65.87,19.29,0,16.85,7.67,5.1
2026-09-09T17:00:00+00:00,cow_12,57.37,17.36,42.64,0.1743,492,38.63,23.35,16.71,1.93,5,93.2,20.29,54.1,65.87,19.29,0,14.11,7.75,5.3
2026-09-09T17:00:00+00:00,cow_13,60.32,17.06,42.94,0.192,476,38.7,20.89,18.87,1.89,4,93.2,20.29,54.1,65.87,19.29,0,14.19,8.44,5.24
2026-09-09T17:00:00+00:00,cow_14,71.59,18.94,41.06,0.2167,576,38.67,20.43,18.14,1.76,5,93.2,20.29,54.1,65.87,19.29,0,15.58,7.95,5.19
2026-09-09T17:00:00+00:00,cow_15,55.99,15.85,44.15,0.1852,422,38.58,17.78,15.56,1.65,4,93.2,20.29,54.1,65.87,19.29,0,16.39,6.2,5.11
2026-09-09T17:00:00+00:00,cow_16,58.73,16.5,43.5,0.1801,472,38.78,17.6,16.85,1.7,5,93.2,20.29,54.1,65.87,19.29,0,12.91,6.85,5.29
2026-09-09T18:00:00+00:00,cow_01,64.42,16.88,43.12,0.1877,525,38.83,18.3,16.76,1.48,5,85.8,19.32,52.1,64.47,18.32,0,0.0,0.0,5.26
2026-09-09T18:00:00+00:00,cow_02,79.94,16.68,43.32,0.2267,653,38.74,14.62,18.96,1.92,4,85.8,19.32,52.1,64.47,18.32,0,0.0,0.0,5.34
2026-09-09T18:00:00+00:00,cow_03,64.38,12.62,47.38,0.1994,525,38.68,17.58,18.79,1.55,4,85.8,19.32,52.1,64.47,18.32,0,0.0,0.0,5.28
2026-09-09T18:00:00+00:00,cow_04,60.88,14.28,45.72,0.182,475,38.75,18.24,19.78,1.58,4,85.8,19.32,52.1,64.47,18.32,0,0.0,0.0,5.14
2026-09-09T18:00:00+00:00,cow_05,72.18,15.12,44.88,0.2073,577,38.81,16.35,15.47,2.07,4,85.8,19.32,52.1,64.47,18.32,0,0.0,0.0,5.2
2026-09-09T18:00:00+00:00,cow_06,73.44,15.21,44.79,0.2068,567,38.66,19.71,16.85,1.49,4,85.8,19.32,52.1,64.47,18.32,0,0.0,0.0,5.29
2026-09-09T18:00:00+00:00,cow_07,60.58,17.12,42.88,0.1923,469,38.66,18.31,15.8,1.65,4,85.8,19.32,52.1,64.47,18.32,0,0.0,0.0,5.19
2026-09-09T18:00:00+00:00,cow_08,63.33,14.28,45.72,0.1887,516,38.82,20.02,21.63,1.84,5,85.8,19.32,52.1,64.47,18.32,0,0.0,0.0,5.12
2026-09-09T18:00:00+00:00,cow_09,57.98,13.25,46.75,0.1884,472,38.64,17.19,17.23,1.55,4,85.8,19.32,52.1,64.47,18.32,0,0.0,0.0,5.04
2026-09-09T18:00:00+00:00,cow_10,64.61,16.51,43.49,0.2078,529,38.72,17.45,17.57,1.56,5,85.8,19.32,52.1,64.47,18.32,0,0.0,0.0,5.31
2026-09-09T18:00:00+00:00,cow_11,77.86,16.44,43.56,0.2275,635,38.57,19.19,18.63,1.7,5,85.8,19.32,52.1,64.47,18.32,0,0.0,0.0,5.16
2026-09-09T18:00:00+00:00,cow_12,59.76,15.8,44.2,0.2024,490,38.58,20.97,15.88,1.69,5,85.8,19.32,52.1,64.47,18.32,0,0.0,0.0,5.15
2026-09-09T18:00:00+00:00,cow_13,66.77,15.94,44.06,0.1983,549,38.87,17.83,18.21,1.64,5,85.8,19.32,52.1,64.47,18.32,0,0.0,0.0,5.05
2026-09-09T18:00:00+00:00,cow_14,76.56,16.05,43.95,0.2078,612,38.79,20.84,17.47,1.95,7,85.8,19.32,52.1,64.47,18.32,0,0.0,0.0,5.24
2026-09-09T18:00:00+00:00,cow_15,57.09,14.15,45.85,0.1812,479,38.61,19.69,17.47,1.83,5,85.8,19.32,52.1,64.47,18.32,0,0.0,0.0,5.27
2026-09-09T18:00:00+00:00,cow_16,63.28,18.4,41.6,0.1807,510,38.78,17.09,13.67,1.68,5,85.8,19.32,52.1,64.47,18.32,0,0.0,0.0,5.3
2026-09-09T19:00:00+00:00,cow_01,62.13,14.8,45.2,0.1908,506,38.85,19.0,13.97,1.53,4,87.0,18.74,55.0,63.81,17.74,0,0.0,0.0,5.09
2026-09-09T19:00:00+00:00,cow_02,72.92,17.83,42.17,0.2167,588,38.76,14.63,17.78,1.97,5,87.0,18.74,55.0,63.81,17.74,0,0.0,0.0,5.24
2026-09-09T19:00:00+00:00,cow_03,62.46,14.66,45.34,0.1762,486,38.66,17.97,16.4,1.57,4,87.0,18.74,55.0,63.81,17.74,0,0.0,0.0,5.37
2026-09-09T19:00:00+00:00,cow_04,56.3,16.58,43.42,0.1787,457,38.73,18.06,17.28,1.53,5,87.0,18.74,55.0,63.81,17.74,0,0.0,0.0,5.21
2026-09-09T19:00:00+00:00,cow_05,66.94,16.39,43.61,0.1756,531,38.73,16.2,16.8,1.99,5,87.0,18.74,55.0,63.81,17.74,0,0.0,0.0,5.22
2026-09-09T19:00:00+00:00,cow_06,75.12,13.13,46.87,0.2147,615,38.63,19.55,17.11,1.43,4,87.0,18.74,55.0,63.81,17.74,0,0.0,0.0,5.29
2026-09-09T19:00:00+00:00,cow_07,59.65,18.8,41.2,0.1791,474,38.73,18.04,17.98,1.61,4,87.0,18.74,55.0,63.81,17.74,0,0.0,0.0,5.2
2026-09-09T19:00:00+00:00,cow_08,57.9,14.61,45.39,0.185,471,38.89,21.71,21.46,1.92,6,87.0,18.74,55.0,63.81,17.74,0,0.0,0.0,5.24
2026-09-09T19:00:00+00:00,cow_09,61.69,11.62,48.38,0.1862,465,38.64,16.3,20.58,1.49,4,87.0,18.74,55.0,63.81,17.74,0,0.0,0.0,5.17
2026-09-09T19:00:00+00:00,cow_10,63.18,13.34,46.66,0.1809,472,38.78,15.39,21.03,1.35,5,87.0,18.74,55.0,63.81,17.74,0,0.0,0.0,5.33
2026-09-09T19:00:00+00:00,cow_11,76.57,15.3,44.7,0.2144,631,38.56,20.55,18.25,1.87,5,87.0,18.74,55.0,63.81,17.74,0,0.0,0.0,5.26
2026-09-09T19:00:00+00:00,cow_12,55.97,16.16,43.84,0.1585,432,38.61,20.95,18.99,1.66,6,87.0,18.74,55.0,63.81,17.74,0,0.0,0.0,5.19
2026-09-09T19:00:00+00:00,cow_13,64.43,15.88,44.12,0.1909,510,38.84,20.92,20.52,1.82,5,87.0,18.74,55.0,63.81,17.74,0,0.0,0.0,5.16
2026-09-09T19:00:00+00:00,cow_14,72.35,16.84,43.16,0.2226,598,38.76,19.76,18.02,1.78,5,87.0,18.74,55.0,63.81,17.74,0,0.0,0.0,5.17
2026-09-09T19:00:00+00:00,cow_15,55.72,12.98,47.02,0.1822,455,38.64,20.25,18.41,1.78,5,87.0,18.74,55.0,63.81,17.74,0,0.0,0.0,5.24
2026-09-09T19:00:00+00:00,cow_16,61.9,14.39,45.61,0.2059,486,38.71,16.42,15.34,1.69,4,87.0,18.74,55.0,63.81,17.74,0,0.0,0.0,5.18
2026-09-09T20:00:00+00:00,cow_01,45.82,28.59,31.41,0.1587,362,38.96,7.9,14.75,0.6,2,90.4,17.92,51.8,62.6,16.92,0,0.0,0.0,5.16
2026-09-09T20:00:00+00:00,cow_02,55.53,23.69,36.31,0.2114,454,38.76,6.39,20.39,0.89,1,90.4,17.92,51.8,62.6,16.92,0,0.0,0.0,5.09
2026-09-09T20:00:00+00:00,cow_03,46.08,20.81,39.19,0.1552,371,38.73,7.79,14.8,0.65,1,90.4,17.92,51.8,62.6,16.92,0,0.0,0.0,5.24
2026-09-09T20:00:00+00:00,cow_04,49.36,22.72,37.28,0.1733,407,38.78,7.24,18.57,0.67,1,90.4,17.92,51.8,62.6,16.92,0,0.0,0.0,5.08
2026-09-09T20:00:00+00:00,cow_05,50.32,23.01,36.99,0.172,395,38.83,7.55,14.64,0.95,1,90.4,17.92,51.8,62.6,16.92,0,0.0,0.0,5.21
2026-09-09T20:00:00+00:00,cow_06,56.53,18.66,41.34,0.1715,477,38.61,10.15,15.64,0.75,3,90.4,17.92,51.8,62.6,16.92,0,0.0,0.0,5.17
2026-09-09T20:00:00+00:00,cow_07,45.71,25.04,34.96,0.1694,349,38.69,8.11,15.42,0.76,3,90.4,17.92,51.8,62.6,16.92,0,0.0,0.0,5.15
2026-09-09T20:00:00+00:00,cow_08,46.01,25.18,34.82,0.1639,380,38.9,10.47,18.2,0.83,2,90.4,17.92,51.8,62.6,16.92,0,0.0,0.0,5.25
2026-09-09T20:00:00+00:00,cow_09,42.1,23.42,36.58,0.1454,343,38.53,7.95,17.42,0.69,2,90.4,17.92,51.8,62.6,16.92,0,0.0,0.0,5.37
2026-09-09T20:00:00+00:00,cow_10,49.43,26.67,33.33,0.1705,404,38.74,7.16,17.54,0.7,1,90.4,17.92,51.8,62.6,16.92,0,0.0,0.0,5.33
2026-09-09T20:00:00+00:00,cow_11,50.99,21.39,38.61,0.1693,391,38.61,8.33,19.99,0.74,2,90.4,17.92,51.8,62.6,16.92,0,0.0,0.0,5.19
2026-09-09T20:00:00+00:00,cow_12,42.65,22.74,37.26,0.1639,312,38.64,8.18,17.05,0.66,3,90.4,17.92,51.8,62.6,16.92,0,0.0,0.0,5.32
2026-09-09T20:00:00+00:00,cow_13,45.52,18.17,41.83,0.1626,336,38.84,7.45,19.48,0.63,1,90.4,17.92,51.8,62.6,16.92,0,0.0,0.0,5.11
2026-09-09T20:00:00+00:00,cow_14,54.4,22.53,37.47,0.1834,461,38.85,7.14,15.78,0.65,1,90.4,17.92,51.8,62.6,16.92,0,0.0,0.0,5.25
2026-09-09T20:00:00+00:00,cow_15,38.13,21.31,38.69,0.1581,281,38.6,8.22,17.36,0.72,1,90.4,17.92,51.8,62.6,16.92,0,0.0,0.0,5.0
2026-09-09T20:00:00+00:00,cow_16,49.3,24.1,35.9,0.1685,393,38.85,8.13,13.21,0.7,1,90.4,17.92,51.8,62.6,16.92,0,0.0,0.0,5.17
2026-09-09T21:00:00+00:00,cow_01,49.82,25.33,34.67,0.1626,405,38.73,7.67,15.92,0.63,2,89.8,17.17,53.2,61.64,16.17,0,0.0,0.0,5.14
2026-09-09T21:00:00+00:00,cow_02,58.16,21.28,38.72,0.1819,457,38.86,6.07,19.95,0.81,1,89.8,17.17,53.2,61.64,16.17,0,0.0,0.0,5.19
2026-09-09T21:00:00+00:00,cow_03,40.55,22.3,37.7,0.1457,342,38.68,7.21,18.58,0.58,2,89.8,17.17,53.2,61.64,16.17,0,0.0,0.0,5.24
2026-09-09T21:00:00+00:00,cow_04,43.32,20.28,39.72,0.1704,354,38.67,8.02,19.84,0.69,2,89.8,17.17,53.2,61.64,16.17,0,0.0,0.0,5.28
2026-09-09T21:00:00+00:00,cow_05,55.32,20.94,39.06,0.1662,423,38.74,6.02,13.56,0.86,2,89.8,17.17,53.2,61.64,16.17,0,0.0,0.0,5.16
2026-09-09T21:00:00+00:00,cow_06,54.85,19.67,40.33,0.1903,409,38.65,6.6,16.67,0.57,1,89.8,17.17,53.2,61.64,16.17,0,0.0,0.0,5.19
2026-09-09T21:00:00+00:00,cow_07,44.12,25.92,34.08,0.1601,360,38.64,10.31,14.69,0.99,3,89.8,17.17,53.2,61.64,16.17,0,0.0,0.0,5.25
2026-09-09T21:00:00+00:00,cow_08,46.94,26.34,33.66,0.1564,371,38.75,8.87,19.49,0.79,2,89.8,17.17,53.2,61.64,16.17,0,0.0,0.0,5.06
2026-09-09T21:00:00+00:00,cow_09,42.01,20.84,39.16,0.1425,323,38.61,8.82,15.81,0.76,2,89.8,17.17,53.2,61.64,16.17,0,0.0,0.0,5.23
2026-09-09T21:00:00+00:00,cow_10,50.77,22.1,37.9,0.1569,387,38.77,7.87,20.89,0.66,2,89.8,17.17,53.2,61.64,16.17,0,0.0,0.0,5.12
2026-09-09T21:00:00+00:00,cow_11,52.11,20.37,39.63,0.1705,403,38.72,8.35,19.49,0.74,3,89.8,17.17,53.2,61.64,16.17,0,0.0,0.0,5.23
2026-09-09T21:00:00+00:00,cow_12,45.28,21.72,38.28,0.1713,367,38.61,7.87,17.66,0.6,2,89.8,17.17,53.2,61.64,16.17,0,0.0,0.0,5.18
2026-09-09T21:00:00+00:00,cow_13,42.17,23.41,36.59,0.1688,312,38.9,9.7,18.31,0.82,3,89.8,17.17,53.2,61.64,16.17,0,0.0,0.0,5.09
2026-09-09T21:00:00+00:00,cow_14,51.74,22.54,37.46,0.1732,435,38.78,9.7,16.98,0.86,2,89.8,17.17,53.2,61.64,16.17,0,0.0,0.0,5.19
2026-09-09T21:00:00+00:00,cow_15,40.54,21.17,38.83,0.1507,319,38.71,10.07,18.34,1.01,3,89.8,17.17,53.2,61.64,16.17,0,0.0,0.0,5.2
2026-09-09T21:00:00+00:00,cow_16,45.68,23.2,36.8,0.1601,349,38.84,5.56,15.79,0.49,1,89.8,17.17,53.2,61.64,16.17,0,0.0,0.0,5.22
2026-09-09T22:00:00+00:00,cow_01,27.7,37.99,22.01,0.1197,222,38.76,3.12,22.39,0.32,0,91.2,16.11,51.2,60.19,15.11,0,0.0,0.0,5.22
2026-09-09T22:00:00+00:00,cow_02,31.65,34.76,25.24,0.1303,231,38.71,1.95,28.39,0.25,0,91.2,16.11,51.2,60.19,15.11,0,0.0,0.0,5.1
2026-09-09T22:00:00+00:00,cow_03,19.45,33.74,26.26,0.1084,128,38.64,2.78,24.67,0.25,0,91.2,16.11,51.2,60.19,15.11,0,0.0,0.0,5.25
2026-09-09T22:00:00+00:00,cow_04,24.28,32.7,27.3,0.1125,197,38.73,3.06,26.51,0.29,2,91.2,16.11,51.2,60.19,15.11,0,0.0,0.0,5.22
2026-09-09T22:00:00+00:00,cow_05,28.71,33.05,26.95,0.1392,209,38.77,3.21,24.09,0.41,1,91.2,16.11,51.2,60.19,15.11,0,0.0,0.0,5.21
2026-09-09T22:00:00+00:00,cow_06,28.6,36.46,23.54,0.1363,228,38.66,1.52,21.75,0.14,1,91.2,16.11,51.2,60.19,15.11,0,0.0,0.0,5.19
2026-09-09T22:00:00+00:00,cow_07,21.7,37.06,22.94,0.1067,183,38.7,3.57,23.48,0.27,1,91.2,16.11,51.2,60.19,15.11,0,0.0,0.0,5.25
2026-09-09T22:00:00+00:00,cow_08,22.13,38.78,21.22,0.1097,166,38.75,2.93,25.21,0.21,1,91.2,16.11,51.2,60.19,15.11,0,0.0,0.0,5.28
2026-09-09T22:00:00+00:00,cow_09,25.56,35.44,24.56,0.1128,203,38.6,4.3,23.65,0.44,2,91.2,16.11,51.2,60.19,15.11,0,0.0,0.0,5.21
2026-09-09T22:00:00+00:00,cow_10,25.07,33.36,26.64,0.108,193,38.67,2.96,24.54,0.29,1,91.2,16.11,51.2,60.19,15.11,0,0.0,0.0,5.26
2026-09-09T22:00:00+00:00,cow_11,28.69,34.49,25.51,0.1317,222,38.56,3.24,23.97,0.28,1,91.2,16.11,51.2,60.19,15.11,0,0.0,0.0,5.16
2026-09-09T22:00:00+00:00,cow_12,20.52,33.16,26.84,0.1187,171,38.67,3.62,26.26,0.19,1,91.2,16.11,51.2,60.19,15.11,0,0.0,0.0,5.16
2026-09-09T22:00:00+00:00,cow_13,22.23,35.09,24.91,0.1218,191,38.77,2.63,24.76,0.33,0,91.2,16.11,51.2,60.19,15.11,0,0.0,0.0,5.14
2026-09-09T22:00:00+00:00,cow_14,26.8,37.73,22.27,0.1198,230,38.76,1.26,25.5,0.16,0,91.2,16.11,51.2,60.19,15.11,0,0.0,0.0,5.11
2026-09-09T22:00:00+00:00,cow_15,24.32,33.67,26.33,0.1137,208,38.56,3.82,21.59,0.31,1,91.2,16.11,51.2,60.19,15.11,0,0.0,0.0,5.12
2026-09-09T22:00:00+00:00,cow_16,25.21,34.36,25.64,0.1233,195,38.74,2.24,21.91,0.17,1,91.2,16.11,51.2,60.19,15.11,0,0.0,0.0,5.23
2026-09-09T23:00:00+00:00,cow_01,28.2,38.67,21.33,0.1412,242,38.74,3.54,22.27,0.28,1,90.4,15.81,52.9,59.83,14.81,0,0.0,0.0,5.17
2026-09-09T23:00:00+00:00,cow_02,29.64,37.74,22.26,0.1181,221,38.8,1.98,28.61,0.28,0,90.4,15.81,52.9,59.83,14.81,0,0.0,0.0,5.21
2026-09-09T23:00:00+00:00,cow_03,26.04,33.58,26.42,0.1222,204,38.62,1.18,22.44,0.12,0,90.4,15.81,52.9,59.83,14.81,0,0.0,0.0,5.25
2026-09-09T23:00:00+00:00,cow_04,22.84,32.05,27.95,0.117,214,38.66,3.09,26.51,0.2,1,90.4,15.81,52.9,59.83,14.81,0,0.0,0.0,5.18
2026-09-09T23:00:00+00:00,cow_05,25.04,31.47,28.53,0.123,211,38.7,4.81,20.87,0.64,0,90.4,15.81,52.9,59.83,14.81,0,0.0,0.0,5.19
2026-09-09T23:00:00+00:00,cow_06,31.13,32.43,27.57,0.151,255,38.57,3.08,23.53,0.3,1,90.4,15.81,52.9,59.83,14.81,0,0.0,0.0,5.23
2026-09-09T23:00:00+00:00,cow_07,24.93,36.28,23.72,0.1395,197,38.68,3.38,24.68,0.25,0,90.4,15.81,52.9,59.83,14.81,0,0.0,0.0,5.38
2026-09-09T23:00:00+00:00,cow_08,20.93,37.28,22.72,0.1181,168,38.76,3.5,28.05,0.3,1,90.4,15.81,52.9,59.83,14.81,0,0.0,0.0,5.2
2026-09-09T23:00:00+00:00,cow_09,22.64,30.77,29.23,0.1238,192,38.56,0.06,23.25,0.05,0,90.4,15.81,52.9,59.83,14.81,0,0.0,0.0,5.26
2026-09-09T23:00:00+00:00,cow_10,25.13,33.91,26.09,0.1184,183,38.79,2.98,27.19,0.32,1,90.4,15.81,52.9,59.83,14.81,0,0.0,0.0,5.28
2026-09-09T23:00:00+00:00,cow_11,28.24,35.41,24.59,0.1437,231,38.54,1.55,26.12,0.23,0,90.4,15.81,52.9,59.83,14.81,0,0.0,0.0,5.28
2026-09-09T23:00:00+00:00,cow_12,22.57,33.92,26.08,0.1089,169,38.62,3.58,25.62,0.26,0,90.4,15.81,52.9,59.83,14.81,0,0.0,0.0,5.2
2026-09-09T23:00:00+00:00,cow_13,24.92,34.57,25.43,0.1217,194,38.78,2.96,28.39,0.25,1,90.4,15.81,52.9,59.83,14.81,0,0.0,0.0,5.34
2026-09-09T23:00:00+00:00,cow_14,30.81,39.16,20.84,0.1292,235,38.72,2.68,25.85,0.2,1,90.4,15.81,52.9,59.83,14.81,0,0.0,0.0,5.29
2026-09-09T23:00:00+00:00,cow_15,23.86,32.67,27.33,0.1253,173,38.51,1.02,23.73,0.14,1,90.4,15.81,52.9,59.83,14.81,0,0.0,0.0,5.29
2026-09-09T23:00:00+00:00,cow_16,28.93,35.09,24.91,0.1314,253,38.75,1.06,21.66,0.08,0,90.4,15.81,52.9,59.83,14.81,0,0.0,0.0,5.13
2026-09-10T00:00:00+00:00,cow_01,28.31,39.31,20.69,0.1262,228,38.78,2.18,20.63,0.21,1,88.3,15.12,54.4,58.91,14.12,0,0.0,0.0,5.23
2026-09-10T00:00:00+00:00,cow_02,28.83,37.7,22.3,0.1434,234,38.72,1.63,26.94,0.19,0,88.3,15.12,54.4,58.91,14.12,0,0.0,0.0,5.23
2026-09-10T00:00:00+00:00,cow_03,26.94,35.41,24.59,0.1194,204,38.66,1.54,22.8,0.09,0,88.3,15.12,54.4,58.91,14.12,0,0.0,0.0,5.33
2026-09-10T00:00:00+00:00,cow_04,24.01,34.43,25.57,0.1112,208,38.68,1.92,25.49,0.21,0,88.3,15.12,54.4,58.91,14.12,0,0.0,0.0,5.15
2026-09-10T00:00:00+00:00,cow_05,27.4,32.59,27.41,0.1366,224,38.72,1.9,22.17,0.22,0,88.3,15.12,54.4,58.91,14.12,0,0.0,0.0,5.31
2026-09-10T00:00:00+00:00,cow_06,30.32,33.56,26.44,0.1278,209,38.66,4.79,24.99,0.31,3,88.3,15.12,54.4,58.91,14.12,0,0.0,0.0,5.09
2026-09-10T00:00:00+00:00,cow_07,24.39,35.92,24.08,0.1022,198,38.62,2.69,25.26,0.24,1,88.3,15.12,54.4,58.91,14.12,0,0.0,0.0,5.14
2026-09-10T00:00:00+00:00,cow_08,27.96,41.0,19.0,0.1278,229,38.72,2.6,27.85,0.25,0,88.3,15.12,54.4,58.91,14.12,0,0.0,0.0,5.11
2026-09-10T00:00:00+00:00,cow_09,22.41,33.65,26.35,0.1112,158,38.41,4.36,24.17,0.33,2,88.3,15.12,54.4,58.91,14.12,0,0.0,0.0,5.32
2026-09-10T00:00:00+00:00,cow_10,26.77,34.87,25.13,0.1413,223,38.72,0.58,23.14,0.1,0,88.3,15.12,54.4,58.91,14.12,0,0.0,0.0,5.16
2026-09-10T00:00:00+00:00,cow_11,32.33,31.91,28.09,0.1378,259,38.56,3.05,26.25,0.26,1,88.3,15.12,54.4,58.91,14.12,0,0.0,0.0,5.23
2026-09-10T00:00:00+00:00,cow_12,22.5,33.26,26.74,0.1334,169,38.54,3.98,24.51,0.33,1,88.3,15.12,54.4,58.91,14.12,0,0.0,0.0,5.19
2026-09-10T00:00:00+00:00,cow_13,24.87,32.57,27.43,0.131,215,38.79,2.92,24.55,0.3,1,88.3,15.12,54.4,58.91,14.12,0,0.0,0.0,5.15
2026-09-10T00:00:00+00:00,cow_14,31.02,37.75,22.25,0.1459,253,38.68,2.32,25.3,0.14,0,88.3,15.12,54.4,58.91,14.12,0,0.0,0.0,5.02
2026-09-10T00:00:00+00:00,cow_15,24.38,33.65,26.35,0.1162,178,38.58,1.84,24.26,0.17,0,88.3,15.12,54.4,58.91,14.12,0,0.0,0.0,5.25
2026-09-10T00:00:00+00:00,cow_16,25.37,37.12,22.88,0.1183,183,38.75,2.67,21.84,0.35,1,88.3,15.12,54.4,58.91,14.12,0,0.0,0.0,5.16
2026-09-10T01:00:00+00:00,cow_01,25.55,39.17,20.83,0.1309,223,38.66,1.22,21.85,0.06,0,88.2,14.64,54.6,58.27,13.64,0,0.0,0.0,5.32
2026-09-10T01:00:00+00:00,cow_02,31.09,39.22,20.78,0.1359,231,38.66,3.03,26.06,0.42,1,88.2,14.64,54.6,58.27,13.64,0,0.0,0.0,5.13
2026-09-10T01:00:00+00:00,cow_03,28.17,32.35,27.65,0.1224,224,38.55,4.66,25.46,0.38,1,88.2,14.64,54.6,58.27,13.64,0,0.0,0.0,5.04
2026-09-10T01:00:00+00:00,cow_04,24.67,32.9,27.1,0.1253,167,38.6,4.08,26.38,0.31,1,88.2,14.64,54.6,58.27,13.64,0,0.0,0.0,5.19
2026-09-10T01:00:00+00:00,cow_05,33.79,31.74,28.26,0.1288,270,38.68,2.7,22.9,0.44,0,88.2,14.64,54.6,58.27,13.64,0,0.0,0.0,5.15
2026-09-10T01:00:00+00:00,cow_06,25.58,35.1,24.9,0.1172,218,38.49,4.31,22.52,0.38,2,88.2,14.64,54.6,58.27,13.64,0,0.0,0.0,5.24
2026-09-10T01:00:00+00:00,cow_07,20.61,39.29,20.71,0.1184,137,38.64,2.22,25.25,0.2,1,88.2,14.64,54.6,58.27,13.64,0,0.0,0.0,5.13
2026-09-10T01:00:00+00:00,cow_08,25.26,39.15,20.85,0.1222,189,38.57,1.97,27.81,0.1,0,88.2,14.64,54.6,58.27,13.64,0,0.0,0.0,5.09
2026-09-10T01:00:00+00:00,cow_09,24.4,31.98,28.02,0.1361,206,38.51,2.57,23.02,0.2,1,88.2,14.64,54.6,58.27,13.64,0,0.0,0.0,5.27
2026-09-10T01:00:00+00:00,cow_10,28.0,33.23,26.77,0.1265,209,38.69,0.15,23.77,0.0,0,88.2,14.64,54.6,58.27,13.64,0,0.0,0.0,5.31
2026-09-10T01:00:00+00:00,cow_11,31.86,31.54,28.46,0.1363,276,38.52,4.82,25.7,0.42,1,88.2,14.64,54.6,58.27,13.64,0,0.0,0.0,5.2
2026-09-10T01:00:00+00:00,cow_12,26.09,34.65,25.35,0.1234,227,38.55,2.63,24.42,0.19,1,88.2,14.64,54.6,58.27,13.64,0,0.0,0.0,5.14
2026-09-10T01:00:00+00:00,cow_13,22.75,33.54,26.46,0.1205,202,38.65,2.77,26.59,0.24,1,88.2,14.64,54.6,58.27,13.64,0,0.0,0.0,5.21
2026-09-10T01:00:00+00:00,cow_14,27.09,38.75,21.25,0.1369,201,38.6,3.07,24.52,0.25,1,88.2,14.64,54.6,58.27,13.64,0,0.0,0.0,5.15
2026-09-10T01:00:00+00:00,cow_15,24.38,34.44,25.56,0.1205,167,38.48,2.73,24.69,0.22,2,88.2,14.64,54.6,58.27,13.64,0,0.0,0.0,5.1
2026-09-10T01:00:00+00:00,cow_16,25.7,34.52,25.48,0.1397,183,38.74,1.94,23.9,0.15,1,88.2,14.64,54.6,58.27,13.64,0,0.0,0.0,5.13
2026-09-10T02:00:00+00:00,cow_01,23.25,38.6,21.4,0.1071,203,38.75,1.32,22.93,0.09,1,88.2,14.58,57.6,58.18,13.58,0,0.0,0.0,5.33
2026-09-10T02:00:00+00:00,cow_02,31.69,35.11,24.89,0.1301,248,38.63,2.76,28.43,0.42,0,88.2,14.58,57.6,58.18,13.58,0,0.0,0.0,5.29
2026-09-10T02:00:00+00:00,cow_03,28.91,31.24,28.76,0.1272,229,38.58,3.79,22.11,0.3,2,88.2,14.58,57.6,58.18,13.58,0,0.0,0.0,5.13
2026-09-10T02:00:00+00:00,cow_04,26.32,34.88,25.12,0.1352,222,38.54,2.12,25.9,0.19,0,88.2,14.58,57.6,58.18,13.58,0,0.0,0.0,5.24
2026-09-10T02:00:00+00:00,cow_05,32.62,32.53,27.47,0.1375,262,38.66,3.28,21.91,0.41,0,88.2,14.58,57.6,58.18,13.58,0,0.0,0.0,5.2
2026-09-10T02:00:00+00:00,cow_06,27.21,33.29,26.71,0.1378,232,38.5,3.8,22.26,0.37,1,88.2,14.58,57.6,58.18,13.58,0,0.0,0.0,5.22
2026-09-10T02:00:00+00:00,cow_07,21.74,38.96,21.04,0.1193,190,38.65,3.45,23.33,0.39,0,88.2,14.58,57.6,58.18,13.58,0,0.0,0.0,5.15
2026-09-10T02:00:00+00:00,cow_08,24.15,38.51,21.49,0.1161,203,38.68,2.68,28.66,0.21,1,88.2,14.58,57.6,58.18,13.58,0,0.0,0.0,5.18
2026-09-10T02:00:00+00:00,cow_09,23.25,32.18,27.82,0.1073,176,38.37,2.53,23.55,0.29,0,88.2,14.58,57.6,58.18,13.58,0,0.0,0.0,5.18
2026-09-10T02:00:00+00:00,cow_10,29.28,35.27,24.73,0.1341,218,38.64,1.82,25.79,0.23,1,88.2,14.58,57.6,58.18,13.58,0,0.0,0.0,5.13
2026-09-10T02:00:00+00:00,cow_11,34.19,33.21,26.79,0.1494,300,38.44,2.97,26.71,0.36,1,88.2,14.58,57.6,58.18,13.58,0,0.0,0.0,5.26
2026-09-10T02:00:00+00:00,cow_12,21.82,32.28,27.72,0.1125,164,38.53,2.67,24.61,0.17,0,88.2,14.58,57.6,58.18,13.58,0,0.0,0.0,5.27
2026-09-10T02:00:00+00:00,cow_13,23.61,34.07,25.93,0.1187,194,38.76,1.9,27.3,0.17,0,88.2,14.58,57.6,58.18,13.58,0,0.0,0.0,5.2
2026-09-10T02:00:00+00:00,cow_14,33.93,37.31,22.69,0.1404,265,38.64,1.67,24.71,0.17,0,88.2,14.58,57.6,58.18,13.58,0,0.0,0.0,5.33
2026-09-10T02:00:00+00:00,cow_15,27.23,36.05,23.95,0.1347,224,38.46,2.62,24.6,0.24,1,88.2,14.58,57.6,58.18,13.58,0,0.0,0.0,5.24
2026-09-10T02:00:00+00:00,cow_16,23.73,37.25,22.75,0.1228,201,38.64,2.14,21.59,0.19,0,88.2,14.58,57.6,58.18,13.58,0,0.0,0.0,5.28
2026-09-10T03:00:00+00:00,cow_01,25.26,37.36,22.64,0.1303,214,38.62,4.25,25.19,0.36,1,86.5,14.81,58.1,58.51,13.81,0,0.0,0.0,5.22
2026-09-10T03:00:00+00:00,cow_02,27.66,34.95,25.05,0.113,211,38.56,2.59,26.52,0.35,1,86.5,14.81,58.1,58.51,13.81,0,0.0,0.0,5.29
2026-09-10T03:00:00+00:00,cow_03,23.82,33.7,26.3,0.1263,209,38.54,3.7,22.19,0.29,1,86.5,14.81,58.1,58.51,13.81,0,0.0,0.0,5.25
2026-09-10T03:00:00+00:00,cow_04,24.01,33.31,26.69,0.1311,162,38.56,2.43,25.72,0.23,0,86.5,14.81,58.1,58.51,13.81,0,0.0,0.0,5.2
2026-09-10T03:00:00+00:00,cow_05,28.2,33.35,26.65,0.1323,196,38.52,1.01,22.54,0.16,1,86.5,14.81,58.1,58.51,13.81,0,0.0,0.0,5.12
2026-09-10T03:00:00+00:00,cow_06,33.49,31.2,28.8,0.1405,271,38.45,2.23,24.38,0.11,1,86.5,14.81,58.1,58.51,13.81,0,0.0,0.0,5.22
2026-09-10T03:00:00+00:00,cow_07,24.31,38.07,21.93,0.1205,202,38.57,1.13,21.74,0.12,0,86.5,14.81,58.1,58.51,13.81,0,0.0,0.0,5.21
2026-09-10T03:00:00+00:00,cow_08,24.67,39.86,20.14,0.1215,179,38.6,2.6,25.46,0.22,1,86.5,14.81,58.1,58.51,13.81,0,0.0,0.0,5.17
2026-09-10T03:00:00+00:00,cow_09,24.4,30.9,29.1,0.1144,178,38.47,4.53,22.88,0.41,1,86.5,14.81,58.1,58.51,13.81,0,0.0,0.0,5.22
2026-09-10T03:00:00+00:00,cow_10,24.72,34.36,25.64,0.1311,179,38.59,0.27,26.11,0.01,0,86.5,14.81,58.1,58.51,13.81,0,0.0,0.0,5.18
2026-09-10T03:00:00+00:00,cow_11,28.66,32.94,27.06,0.134,233,38.42,2.08,27.14,0.27,0,86.5,14.81,58.1,58.51,13.81,0,0.0,0.0,5.21
2026-09-10T03:00:00+00:00,cow_12,22.58,35.89,24.11,0.1205,181,38.47,2.4,27.35,0.21,1,86.5,14.81,58.1,58.51,13.81,0,0.0,0.0,5.18
2026-09-10T03:00:00+00:00,cow_13,25.53,35.48,24.52,0.1331,185,38.64,2.97,26.77,0.29,1,86.5,14.81,58.1,58.51,13.81,0,0.0,0.0,5.02
2026-09-10T03:00:00+00:00,cow_14,26.1,38.88,21.12,0.1245,211,38.58,1.79,24.0,0.17,1,86.5,14.81,58.1,58.51,13.81,0,0.0,0.0,5.38
2026-09-10T03:00:00+00:00,cow_15,22.13,35.19,24.81,0.1112,184,38.43,2.37,23.48,0.19,1,86.5,14.81,58.1,58.51,13.81,0,0.0,0.0,5.13
2026-09-10T03:00:00+00:00,cow_16,26.09,36.01,23.99,0.1408,223,38.67,1.51,21.12,0.09,0,86.5,14.81,58.1,58.51,13.81,0,0.0,0.0,5.2
2026-09-10T04:00:00+00:00,cow_01,31.14,37.9,22.1,0.1408,238,38.57,3.27,22.29,0.26,1,90.7,14.68,62.2,58.33,13.68,0,0.0,0.0,5.22
2026-09-10T04:00:00+00:00,cow_02,31.84,35.32,24.68,0.144,256,38.61,2.42,28.77,0.34,0,90.7,14.68,62.2,58.33,13.68,0,0.0,0.0,5.15
2026-09-10T04:00:00+00:00,cow_03,25.27,33.83,26.17,0.1122,187,38.52,4.48,22.21,0.4,1,90.7,14.68,62.2,58.33,13.68,0,0.0,0.0,5.28
2026-09-10T04:00:00+00:00,cow_04,25.57,35.26,24.74,0.1032,204,38.44,1.57,24.84,0.15,1,90.7,14.68,62.2,58.33,13.68,0,0.0,0.0,5.25
2026-09-10T04:00:00+00:00,cow_05,27.31,34.31,25.69,0.1198,196,38.57,1.51,22.63,0.16,0,90.7,14.68,62.2,58.33,13.68,0,0.0,0.0,5.15
2026-09-10T04:00:00+00:00,cow_06,28.38,34.11,25.89,0.1335,216,38.35,3.16,24.71,0.28,0,90.7,14.68,62.2,58.33,13.68,0,0.0,0.0,5.13
2026-09-10T04:00:00+00:00,cow_07,25.46,39.84,20.16,0.1217,189,38.42,1.68,24.43,0.19,0,90.7,14.68,62.2,58.33,13.68,0,0.0,0.0,5.15
2026-09-10T04:00:00+00:00,cow_08,22.52,38.01,21.99,0.1117,183,38.65,3.69,25.91,0.28,1,90.7,14.68,62.2,58.33,13.68,0,0.0,0.0,5.28
2026-09-10T04:00:00+00:00,cow_09,20.54,33.32,26.68,0.1082,161,38.42,2.01,23.03,0.22,1,90.7,14.68,62.2,58.33,13.68,0,0.0,0.0,5.24
2026-09-10T04:00:00+00:00,cow_10,26.9,32.11,27.89,0.1415,212,38.58,1.82,27.09,0.22,1,90.7,14.68,62.2,58.33,13.68,0,0.0,0.0,5.21
2026-09-10T04:00:00+00:00,cow_11,29.05,31.23,28.77,0.1199,249,38.34,3.59,26.94,0.36,1,90.7,14.68,62.2,58.33,13.68,0,0.0,0.0,5.11
2026-09-10T04:00:00+00:00,cow_12,20.38,33.51,26.49,0.1332,183,38.41,4.12,24.22,0.31,2,90.7,14.68,62.2,58.33,13.68,0,0.0,0.0,5.37
2026-09-10T04:00:00+00:00,cow_13,27.77,31.87,28.13,0.1435,218,38.63,2.72,28.13,0.25,2,90.7,14.68,62.2,58.33,13.68,0,0.0,0.0,5.28
2026-09-10T04:00:00+00:00,cow_14,26.23,34.9,25.1,0.1106,218,38.59,0.13,26.03,0.03,1,90.7,14.68,62.2,58.33,13.68,0,0.0,0.0,5.12
2026-09-10T04:00:00+00:00,cow_15,24.05,33.11,26.89,0.1156,173,38.43,2.85,23.96,0.33,1,90.7,14.68,62.2,58.33,13.68,0,0.0,0.0,5.23
2026-09-10T04:00:00+00:00,cow_16,26.17,35.44,24.56,0.113,209,38.66,2.12,21.49,0.26,1,90.7,14.68,62.2,58.33,13.68,0,0.0,0.0,5.15
2026-09-10T05:00:00+00:00,cow_01,50.25,23.41,36.59,0.1637,423,38.51,8.95,15.37,0.74,2,92.9,15.18,62.2,59.05,14.18,0,0.0,0.0,5.18
2026-09-10T05:00:00+00:00,cow_02,56.83,23.02,36.98,0.1645,440,38.5,5.15,19.87,0.66,1,92.9,15.18,62.2,59.05,14.18,0,0.0,0.0,5.24
2026-09-10T05:00:00+00:00,cow_03,46.8,22.38,37.62,0.1544,383,38.45,10.44,17.15,0.93,3,92.9,15.18,62.2,59.05,14.18,0,0.0,0.0,5.2
2026-09-10T05:00:00+00:00,cow_04,44.19,21.64,38.36,0.1613,362,38.43,8.88,19.49,0.72,2,92.9,15.18,62.2,59.05,14.18,0,0.0,0.0,5.24
2026-09-10T05:00:00+00:00,cow_05,50.01,19.55,40.45,0.1872,385,38.45,6.42,15.85,0.82,3,92.9,15.18,62.2,59.05,14.18,0,0.0,0.0,5.14
2026-09-10T05:00:00+00:00,cow_06,55.52,24.04,35.96,0.1734,454,38.28,10.49,18.36,0.77,3,92.9,15.18,62.2,59.05,14.18,0,0.0,0.0,5.31
2026-09-10T05:00:00+00:00,cow_07,39.33,24.32,35.68,0.1643,315,38.44,8.73,17.69,0.82,2,92.9,15.18,62.2,59.05,14.18,0,0.0,0.0,5.03
2026-09-10T05:00:00+00:00,cow_08,46.56,26.6,33.4,0.1514,354,38.6,9.68,16.73,0.79,3,92.9,15.18,62.2,59.05,14.18,0,0.0,0.0,5.25
2026-09-10T05:00:00+00:00,cow_09,41.96,21.61,38.39,0.1467,355,38.37,6.99,15.56,0.59,3,92.9,15.18,62.2,59.05,14.18,0,0.0,0.0,5.19
2026-09-10T05:00:00+00:00,cow_10,46.71,21.91,38.09,0.1578,372,38.51,7.13,17.19,0.7,2,92.9,15.18,62.2,59.05,14.18,0,0.0,0.0,5.15
2026-09-10T05:00:00+00:00,cow_11,52.6,20.27,39.73,0.1774,434,38.31,7.27,17.07,0.65,1,92.9,15.18,62.2,59.05,14.18,0,0.0,0.0,5.15
2026-09-10T05:00:00+00:00,cow_12,41.81,22.58,37.42,0.1407,343,38.46,10.69,17.25,0.88,3,92.9,15.18,62.2,59.05,14.18,0,0.0,0.0,5.2
2026-09-10T05:00:00+00:00,cow_13,47.42,23.47,36.53,0.1742,367,38.6,10.26,20.13,1.0,1,92.9,15.18,62.2,59.05,14.18,0,0.0,0.0,5.25
2026-09-10T05:00:00+00:00,cow_14,54.07,26.05,33.95,0.1661,424,38.56,7.93,17.69,0.69,2,92.9,15.18,62.2,59.05,14.18,0,0.0,0.0,5.25
2026-09-10T05:00:00+00:00,cow_15,39.62,20.24,39.76,0.1499,298,38.41,7.79,17.58,0.67,2,92.9,15.18,62.2,59.05,14.18,0,0.0,0.0,5.07
2026-09-10T05:00:00+00:00,cow_16,49.51,24.55,35.45,0.1636,383,38.59,5.85,15.67,0.53,1,92.9,15.18,62.2,59.05,14.18,0,0.0,0.0,5.15
2026-09-10T06:00:00+00:00,cow_01,68.36,18.42,41.58,0.1945,531,38.56,19.11,16.71,1.47,5,87.8,15.93,64.9,60.16,14.93,0,14.86,6.88,5.29
2026-09-10T06:00:00+00:00,cow_02,75.2,15.82,44.18,0.207,590,38.56,14.39,19.27,1.9,4,87.8,15.93,64.9,60.16,14.93,0,15.06,7.63,5.26
2026-09-10T06:00:00+00:00,cow_03,60.11,14.56,45.44,0.187,448,38.4,18.95,16.25,1.72,5,87.8,15.93,64.9,60.16,14.93,0,16.36,7.78,5.27
2026-09-10T06:00:00+00:00,cow_04,62.55,17.24,42.76,0.2072,507,38.38,17.82,20.6,1.54,4,87.8,15.93,64.9,60.16,14.93,0,15.68,7.96,5.11
2026-09-10T06:00:00+00:00,cow_05,68.37,12.98,47.02,0.1944,507,38.54,15.91,14.1,2.09,4,87.8,15.93,64.9,60.16,14.93,0,16.29,6.99,5.26
2026-09-10T06:00:00+00:00,cow_06,75.65,16.05,43.95,0.2175,586,38.29,19.53,16.04,1.56,5,87.8,15.93,64.9,60.16,14.93,0,15.28,6.54,5.28
2026-09-10T06:00:00+00:00,cow_07,57.11,18.09,41.91,0.1725,450,38.36,18.31,16.72,1.71,6,87.8,15.93,64.9,60.16,14.93,0,16.72,8.06,5.18
2026-09-10T06:00:00+00:00,cow_08,57.87,16.65,43.35,0.1937,453,38.56,20.58,18.84,1.75,5,87.8,15.93,64.9,60.16,14.93,0,17.8,7.7,5.26
2026-09-10T06:00:00+00:00,cow_09,58.11,14.02,45.98,0.1755,423,38.33,16.04,15.9,1.48,4,87.8,15.93,64.9,60.16,14.93,0,17.7,8.31,5.19
2026-09-10T06:00:00+00:00,cow_10,69.89,14.75,45.25,0.1973,532,38.57,15.23,18.06,1.37,4,87.8,15.93,64.9,60.16,14.93,0,17.61,6.13,5.27
2026-09-10T06:00:00+00:00,cow_11,72.91,16.02,43.98,0.2043,592,38.33,19.74,16.13,1.86,5,87.8,15.93,64.9,60.16,14.93,0,16.57,7.26,5.26
2026-09-10T06:00:00+00:00,cow_12,60.89,15.92,44.08,0.2044,492,38.36,18.89,18.01,1.48,6,87.8,15.93,64.9,60.16,14.93,0,14.4,8.2,5.26
2026-09-10T06:00:00+00:00,cow_13,66.77,15.23,44.77,0.2215,526,38.61,18.52,20.1,1.62,5,87.8,15.93,64.9,60.16,14.93,0,13.88,7.02,5.12
2026-09-10T06:00:00+00:00,cow_14,73.35,17.51,42.49,0.2169,590,38.46,19.44,16.16,1.65,5,87.8,15.93,64.9,60.16,14.93,0,14.97,7.0,5.13
2026-09-10T06:00:00+00:00,cow_15,53.93,15.11,44.89,0.1717,429,38.32,19.55,16.76,1.84,5,87.8,15.93,64.9,60.16,14.93,0,17.22,7.46,5.19
2026-09-10T06:00:00+00:00,cow_16,58.38,13.27,46.73,0.1837,487,38.62,15.42,15.11,1.51,4,87.8,15.93,64.9,60.16,14.93,0,13.96,7.21,5.34
2026-09-10T07:00:00+00:00,cow_01,67.9,15.83,44.17,0.1953,556,38.53,17.6,13.96,1.44,5,91.6,17.24,63.5,62.02,16.24,0,0.0,0.0,5.09
2026-09-10T07:00:00+00:00,cow_02,78.16,15.96,44.04,0.2105,616,38.46,15.19,17.18,1.98,4,91.6,17.24,63.5,62.02,16.24,0,0.0,0.0,5.09
2026-09-10T07:00:00+00:00,cow_03,60.67,13.69,46.31,0.1959,450,38.43,17.5,16.88,1.49,4,91.6,17.24,63.5,62.02,16.24,0,0.0,0.0,5.08
2026-09-10T07:00:00+00:00,cow_04,63.86,13.32,46.68,0.1829,537,38.43,17.58,18.48,1.5,4,91.6,17.24,63.5,62.02,16.24,0,0.0,0.0,5.14
2026-09-10T07:00:00+00:00,cow_05,69.43,16.35,43.65,0.2031,553,38.45,17.95,16.66,2.32,5,91.6,17.24,63.5,62.02,16.24,0,0.0,0.0,5.07
2026-09-10T07:00:00+00:00,cow_06,76.88,15.38,44.62,0.2153,621,38.35,19.36,16.79,1.39,5,91.6,17.24,63.5,62.02,16.24,0,0.0,0.0,5.31
2026-09-10T07:00:00+00:00,cow_07,52.95,17.45,42.55,0.182,435,38.35,19.17,15.92,1.8,4,91.6,17.24,63.5,62.02,16.24,0,0.0,0.0,5.1
2026-09-10T07:00:00+00:00,cow_08,59.55,15.99,44.01,0.1868,497,38.48,22.06,19.09,1.87,5,91.6,17.24,63.5,62.02,16.24,0,0.0,0.0,5.15
2026-09-10T07:00:00+00:00,cow_09,57.02,15.89,44.11,0.1868,432,38.3,17.43,19.3,1.64,4,91.6,17.24,63.5,62.02,16.24,0,0.0,0.0,5.14
2026-09-10T07:00:00+00:00,cow_10,63.46,15.76,44.24,0.1991,510,38.46,16.51,18.55,1.43,4,91.6,17.24,63.5,62.02,16.24,0,0.0,0.0,5.15
2026-09-10T07:00:00+00:00,cow_11,69.25,18.57,41.43,0.2078,554,38.29,22.07,16.91,2.04,5,91.6,17.24,63.5,62.02,16.24,0,0.0,0.0,5.26
2026-09-10T07:00:00+00:00,cow_12,56.23,17.12,42.88,0.1802,461,38.36,22.73,16.83,1.84,5,91.6,17.24,63.5,62.02,16.24,0,0.0,0.0,5.2
2026-09-10T07:00:00+00:00,cow_13,62.05,13.25,46.75,0.1828,486,38.51,19.58,19.17,1.72,5,91.6,17.24,63.5,62.02,16.24,0,0.0,0.0,5.18
2026-09-10T07:00:00+00:00,cow_14,72.56,18.05,41.95,0.2191,584,38.5,21.34,17.02,1.92,5,91.6,17.24,63.5,62.02,16.24,0,0.0,0.0,5.04
2026-09-10T07:00:00+00:00,cow_15,54.65,16.76,43.24,0.1754,441,38.3,20.66,16.72,1.88,5,91.6,17.24,63.5,62.02,16.24,0,0.0,0.0,5.16
2026-09-10T07:00:00+00:00,cow_16,63.01,15.37,44.63,0.1924,491,38.52,16.72,16.98,1.54,5,91.6,17.24,63.5,62.02,16.24,0,0.0,0.0,5.06
2026-09-10T08:00:00+00:00,cow_01,65.15,18.13,41.87,0.211,508,38.54,19.75,15.31,1.5,4,89.0,18.21,63.2,63.41,17.21,0,0.0,0.0,5.13
2026-09-10T08:00:00+00:00,cow_02,78.12,15.03,44.97,0.2299,613,38.51,15.86,20.62,2.04,4,89.0,18.21,63.2,63.41,17.21,0,0.0,0.0,5.04
2026-09-10T08:00:00+00:00,cow_03,59.48,19.83,40.17,0.1846,454,38.38,19.49,16.38,1.64,6,89.0,18.21,63.2,63.41,17.21,0,0.0,0.0,5.23
2026-09-10T08:00:00+00:00,cow_04,63.54,14.65,45.35,0.2121,521,38.44,17.08,17.75,1.49,4,89.0,18.21,63.2,63.41,17.21,0,0.0,0.0,5.23
2026-09-10T08:00:00+00:00,cow_05,68.3,15.08,44.92,0.1964,553,38.43,16.04,15.32,1.99,4,89.0,18.21,63.2,63.41,17.21,0,0.0,0.0,5.22
2026-09-10T08:00:00+00:00,cow_06,75.93,15.67,44.33,0.2217,608,38.29,18.13,16.54,1.38,4,89.0,18.21,63.2,63.41,17.21,0,0.0,0.0,5.32
2026-09-10T08:00:00+00:00,cow_07,58.13,17.12,42.88,0.1901,495,38.36,18.74,17.01,1.64,4,89.0,18.21,63.2,63.41,17.21,0,0.0,0.0,5.31
2026-09-10T08:00:00+00:00,cow_08,63.93,18.43,41.57,0.199,493,38.49,22.91,18.49,1.92,6,89.0,18.21,63.2,63.41,17.21,0,0.0,0.0,5.25
2026-09-10T08:00:00+00:00,cow_09,58.09,14.67,45.33,0.1628,463,38.36,17.36,19.44,1.58,4,89.0,18.21,63.2,63.41,17.21,0,0.0,0.0,5.15
2026-09-10T08:00:00+00:00,cow_10,62.66,16.02,43.98,0.19,530,38.48,15.31,17.52,1.49,4,89.0,18.21,63.2,63.41,17.21,0,0.0,0.0,5.3
2026-09-10T08:00:00+00:00,cow_11,73.55,14.97,45.03,0.2258,594,38.32,20.34,19.35,1.89,5,89.0,18.21,63.2,63.41,17.21,0,0.0,0.0,5.37
2026-09-10T08:00:00+00:00,cow_12,57.55,14.28,45.72,0.195,470,38.3,20.99,18.75,1.67,6,89.0,18.21,63.2,63.41,17.21,0,0.0,0.0,5.2
2026-09-10T08:00:00+00:00,cow_13,65.46,14.89,45.11,0.1914,539,38.53,20.23,20.54,1.79,5,89.0,18.21,63.2,63.41,17.21,0,0.0,0.0,5.39
2026-09-10T08:00:00+00:00,cow_14,71.71,14.96,45.04,0.2173,548,38.41,20.45,17.36,1.8,6,89.0,18.21,63.2,63.41,17.21,0,0.0,0.0,5.21
2026-09-10T08:00:00+00:00,cow_15,55.81,13.69,46.31,0.1759,428,38.34,19.83,17.2,1.85,5,89.0,18.21,63.2,63.41,17.21,0,0.0,0.0,5.09
2026-09-10T08:00:00+00:00,cow_16,61.38,15.27,44.73,0.2043,513,38.51,15.78,15.82,1.52,4,89.0,18.21,63.2,63.41,17.21,0,0.0,0.0,5.3
2026-09-10T09:00:00+00:00,cow_01,68.63,16.12,43.88,0.2032,562,38.53,19.52,16.03,1.51,5,87.6,19.01,63.3,64.56,18.01,0,0.0,0.0,5.29
2026-09-10T09:00:00+00:00,cow_02,76.2,18.69,41.31,0.1994,615,38.49,14.24,21.02,1.84,3,87.6,19.01,63.3,64.56,18.01,0,0.0,0.0,5.23
2026-09-10T09:00:00+00:00,cow_03,55.25,16.93,43.07,0.1985,455,38.42,18.25,15.85,1.65,5,87.6,19.01,63.3,64.56,18.01,0,0.0,0.0,5.24
2026-09-10T09:00:00+00:00,cow_04,60.55,15.7,44.3,0.1837,521,38.4,17.58,19.98,1.51,4,87.6,19.01,63.3,64.56,18.01,0,0.0,0.0,5.31
2026-09-10T09:00:00+00:00,cow_05,71.19,15.55,44.45,0.194,575,38.44,15.65,15.79,1.99,4,87.6,19.01,63.3,64.56,18.01,0,0.0,0.0,5.26
2026-09-10T09:00:00+00:00,cow_06,76.28,13.27,46.73,0.2409,609,38.4,17.01,16.85,1.23,4,87.6,19.01,63.3,64.56,18.01,0,0.0,0.0,5.2
2026-09-10T09:00:00+00:00,cow_07,56.61,19.23,40.77,0.1996,438,38.36,18.35,18.01,1.67,5,87.6,19.01,63.3,64.56,18.01,0,0.0,0.0,5.22
2026-09-10T09:00:00+00:00,cow_08,59.91,16.17,43.83,0.1884,475,38.56,19.59,19.33,1.64,5,87.6,19.01,63.3,64.56,18.01,0,0.0,0.0,5.27
2026-09-10T09:00:00+00:00,cow_09,57.22,16.73,43.27,0.1656,480,38.38,16.25,15.9,1.44,5,87.6,19.01,63.3,64.56,18.01,0,0.0,0.0,5.17
2026-09-10T09:00:00+00:00,cow_10,63.4,13.53,46.47,0.2122,492,38.47,16.13,18.23,1.45,4,87.6,19.01,63.3,64.56,18.01,0,0.0,0.0,5.25
2026-09-10T09:00:00+00:00,cow_11,72.51,17.38,42.62,0.2028,591,38.22,19.62,17.32,1.77,5,87.6,19.01,63.3,64.56,18.01,0,0.0,0.0,5.19
2026-09-10T09:00:00+00:00,cow_12,52.6,18.46,41.54,0.1764,420,38.41,21.71,17.59,1.61,6,87.6,19.01,63.3,64.56,18.01,0,0.0,0.0,5.12
2026-09-10T09:00:00+00:00,cow_13,66.52,14.19,45.81,0.1952,511,38.46,19.11,18.83,1.69,6,87.6,19.01,63.3,64.56,18.01,0,0.0,0.0,5.25
2026-09-10T09:00:00+00:00,cow_14,72.13,12.64,47.36,0.2181,621,38.46,19.29,17.59,1.62,5,87.6,19.01,63.3,64.56,18.01,0,0.0,0.0,5.32
2026-09-10T09:00:00+00:00,cow_15,55.57,13.69,46.31,0.1792,437,38.24,18.82,15.93,1.79,5,87.6,19.01,63.3,64.56,18.01,0,0.0,0.0,5.31
2026-09-10T09:00:00+00:00,cow_16,64.09,15.94,44.06,0.1866,532,38.55,15.25,14.53,1.42,3,87.6,19.01,63.3,64.56,18.01,0,0.0,0.0,5.23
2026-09-10T10:00:00+00:00,cow_01,50.88,26.42,33.58,0.187,417,38.46,6.39,14.69,0.49,1,86.3,19.25,62.4,64.87,18.25,0,0.0,0.0,5.26
2026-09-10T10:00:00+00:00,cow_02,58.81,21.94,38.06,0.1694,495,38.54,5.74,21.32,0.81,1,86.3,19.25,62.4,64.87,18.25,0,0.0,0.0,5.27
2026-09-10T10:00:00+00:00,cow_03,47.79,23.03,36.97,0.1787,368,38.41,9.31,16.67,0.78,2,86.3,19.25,62.4,64.87,18.25,0,0.0,0.0,5.07
2026-09-10T10:00:00+00:00,cow_04,45.05,19.79,40.21,0.1738,336,38.47,6.75,17.37,0.58,2,86.3,19.25,62.4,64.87,18.25,0,0.0,0.0,5.21
2026-09-10T10:00:00+00:00,cow_05,52.33,22.16,37.84,0.1541,420,38.43,5.42,14.26,0.59,1,86.3,19.25,62.4,64.87,18.25,0,0.0,0.0,5.06
2026-09-10T10:00:00+00:00,cow_06,55.95,24.63,35.37,0.1964,431,38.29,8.89,17.24,0.68,2,86.3,19.25,62.4,64.87,18.25,0,0.0,0.0,5.21
2026-09-10T10:00:00+00:00,cow_07,44.71,24.06,35.94,0.1651,360,38.37,8.0,15.37,0.77,1,86.3,19.25,62.4,64.87,18.25,0,0.0,0.0,5.15
2026-09-10T10:00:00+00:00,cow_08,47.21,24.72,35.28,0.1556,380,38.64,9.98,19.84,0.9,3,86.3,19.25,62.4,64.87,18.25,0,0.0,0.0,5.22
2026-09-10T10:00:00+00:00,cow_09,45.7,22.35,37.65,0.1617,368,38.35,7.42,17.39,0.64,2,86.3,19.25,62.4,64.87,18.25,0,0.0,0.0,5.1
2026-09-10T10:00:00+00:00,cow_10,48.36,22.75,37.25,0.1802,391,38.46,6.19,19.48,0.53,2,86.3,19.25,62.4,64.87,18.25,0,0.0,0.0,5.28
2026-09-10T10:00:00+00:00,cow_11,59.42,23.58,36.42,0.1817,464,38.35,8.26,16.53,0.9,2,86.3,19.25,62.4,64.87,18.25,0,0.0,0.0,5.3
2026-09-10T10:00:00+00:00,cow_12,42.35,22.56,37.44,0.1577,334,38.32,10.8,18.37,0.77,3,86.3,19.25,62.4,64.87,18.25,0,0.0,0.0,5.08
2026-09-10T10:00:00+00:00,cow_13,44.86,22.6,37.4,0.1661,321,38.62,7.32,18.8,0.74,3,86.3,19.25,62.4,64.87,18.25,0,0.0,0.0,5.15
2026-09-10T10:00:00+00:00,cow_14,56.07,24.75,35.25,0.2075,438,38.57,7.76,16.11,0.67,1,86.3,19.25,62.4,64.87,18.25,0,0.0,0.0,5.13
2026-09-10T10:00:00+00:00,cow_15,41.61,21.03,38.97,0.1641,345,38.33,6.24,14.07,0.54,1,86.3,19.25,62.4,64.87,18.25,0,0.0,0.0,5.15
2026-09-10T10:00:00+00:00,cow_16,50.04,21.94,38.06,0.1614,400,38.52,7.45,15.92,0.82,2,86.3,19.25,62.4,64.87,18.25,0,0.0,0.0,5.35
2026-09-10T11:00:00+00:00,cow_01,52.82,21.98,38.02,0.1832,409,38.43,8.68,16.59,0.73,2,89.6,20.75,62.8,67.03,19.75,0,0.0,0.0,5.27
2026-09-10T11:00:00+00:00,cow_02,54.35,24.15,35.85,0.1848,455,38.56,6.29,19.36,0.76,2,89.6,20.75,62.8,67.03,19.75,0,0.0,0.0,5.08
2026-09-10T11:00:00+00:00,cow_03,45.89,21.9,38.1,0.1471,344,38.39,7.61,18.91,0.66,2,89.6,20.75,62.8,67.03,19.75,0,0.0,0.0,5.3
2026-09-10T11:00:00+00:00,cow_04,46.91,22.28,37.72,0.1574,382,38.42,9.57,19.68,0.83,3,89.6,20.75,62.8,67.03,19.75,0,0.0,0.0,5.21
2026-09-10T11:00:00+00:00,cow_05,50.56,21.87,38.13,0.1686,433,38.49,7.45,14.64,0.91,1,89.6,20.75,62.8,67.03,19.75,0,0.0,0.0,5.23
2026-09-10T11:00:00+00:00,cow_06,53.6,23.97,36.03,0.1806,431,38.3,8.99,16.38,0.62,2,89.6,20.75,62.8,67.03,19.75,0,0.0,0.0,5.1
2026-09-10T11:00:00+00:00,cow_07,37.32,27.16,32.84,0.1416,272,38.37,7.63,18.0,0.61,1,89.6,20.75,62.8,67.03,19.75,0,0.0,0.0,5.28
2026-09-10T11:00:00+00:00,cow_08,43.83,25.85,34.15,0.154,380,38.51,9.42,20.91,0.79,2,89.6,20.75,62.8,67.03,19.75,0,0.0,0.0,5.26
2026-09-10T11:00:00+00:00,cow_09,45.93,20.63,39.37,0.1773,368,38.38,8.87,17.87,0.83,2,89.6,20.75,62.8,67.03,19.75,0,0.0,0.0,5.42
2026-09-10T11:00:00+00:00,cow_10,45.74,22.71,37.29,0.1674,374,38.61,6.9,18.6,0.71,2,89.6,20.75,62.8,67.03,19.75,0,0.0,0.0,5.27
2026-09-10T11:00:00+00:00,cow_11,54.84,23.23,36.77,0.186,432,38.25,7.11,16.1,0.66,1,89.6,20.75,62.8,67.03,19.75,0,0.0,0.0,5.19
2026-09-10T11:00:00+00:00,cow_12,43.52,23.89,36.11,0.1634,361,38.4,8.6,17.82,0.64,2,89.6,20.75,62.8,67.03,19.75,0,0.0,0.0,5.07
2026-09-10T11:00:00+00:00,cow_13,49.64,21.01,38.99,0.1709,401,38.62,6.59,18.68,0.62,3,89.6,20.75,62.8,67.03,19.75,0,0.0,0.0,5.2
2026-09-10T11:00:00+00:00,cow_14,51.93,27.55,32.45,0.1815,436,38.45,9.18,16.1,0.74,3,89.6,20.75,62.8,67.03,19.75,0,0.0,0.0,5.25
2026-09-10T11:00:00+00:00,cow_15,41.2,23.56,36.44,0.1505,325,38.35,8.03,18.17,0.68,2,89.6,20.75,62.8,67.03,19.75,0,0.0,0.0,5.1
2026-09-10T11:00:00+00:00,cow_16,50.7,22.36,37.64,0.1636,401,38.61,7.77,14.94,0.74,1,89.6,20.75,62.8,67.03,19.75,0,0.0,0.0,5.21
2026-09-10T12:00:00+00:00,cow_01,49.45,26.96,33.04,0.1704,372,38.53,8.42,16.09,0.62,2,87.2,21.54,60.4,68.0,20.54,0,0.0,0.0,5.35
2026-09-10T12:00:00+00:00,cow_02,58.19,26.0,34.0,0.1729,490,38.56,7.91,19.85,1.06,2,87.2,21.54,60.4,68.0,20.54,0,0.0,0.0,5.21
2026-09-10T12:00:00+00:00,cow_03,46.37,20.24,39.76,0.1622,382,38.47,7.39,17.42,0.58,2,87.2,21.54,60.4,68.0,20.54,0,0.0,0.0,5.03
2026-09-10T12:00:00+00:00,cow_04,44.17,23.43,36.57,0.1603,346,38.54,6.86,20.66,0.58,2,87.2,21.54,60.4,68.0,20.54,0,0.0,0.0,5.26
2026-09-10T12:00:00+00:00,cow_05,50.7,21.26,38.74,0.177,387,38.59,5.06,15.56,0.62,1,87.2,21.54,60.4,68.0,20.54,0,0.0,0.0,5.34
2026-09-10T12:00:00+00:00,cow_06,55.35,21.37,38.63,0.1811,480,38.35,8.85,16.07,0.7,2,87.2,21.54,60.4,68.0,20.54,0,0.0,0.0,5.19
2026-09-10T12:00:00+00:00,cow_07,42.95,27.2,32.8,0.1426,369,38.36,8.45,16.7,0.76,2,87.2,21.54,60.4,68.0,20.54,0,0.0,0.0,5.24
2026-09-10T12:00:00+00:00,cow_08,46.11,25.24,34.76,0.17,365,38.61,10.06,20.53,0.91,2,87.2,21.54,60.4,68.0,20.54,0,0.0,0.0,5.23
2026-09-10T12:00:00+00:00,cow_09,44.57,24.48,35.52,0.1682,347,38.37,4.64,16.86,0.41,1,87.2,21.54,60.4,68.0,20.54,0,0.0,0.0,5.14
2026-09-10T12:00:00+00:00,cow_10,51.55,18.2,41.8,0.1601,448,38.59,6.98,18.7,0.61,1,87.2,21.54,60.4,68.0,20.54,0,0.0,0.0,5.23
2026-09-10T12:00:00+00:00,cow_11,56.36,20.8,39.2,0.1633,460,38.42,9.39,18.11,0.77,2,87.2,21.54,60.4,68.0,20.54,0,0.0,0.0,5.3
2026-09-10T12:00:00+00:00,cow_12,39.81,23.65,36.35,0.1414,301,38.5,10.55,18.14,0.81,3,87.2,21.54,60.4,68.0,20.54,0,0.0,0.0,5.07
2026-09-10T12:00:00+00:00,cow_13,50.0,25.48,34.52,0.1758,382,38.67,8.37,18.9,0.7,2,87.2,21.54,60.4,68.0,20.54,0,0.0,0.0,5.29
2026-09-10T12:00:00+00:00,cow_14,53.22,24.38,35.62,0.1771,396,38.54,8.42,19.19,0.78,1,87.2,21.54,60.4,68.0,20.54,0,0.0,0.0,5.17
2026-09-10T12:00:00+00:00,cow_15,45.02,19.46,40.54,0.178,359,38.41,7.61,16.09,0.65,3,87.2,21.54,60.4,68.0,20.54,0,0.0,0.0,5.25
2026-09-10T12:00:00+00:00,cow_16,43.57,23.91,36.09,0.1678,364,38.62,7.09,14.51,0.76,2,87.2,21.54,60.4,68.0,20.54,0,0.0,0.0,5.28
2026-09-10T13:00:00+00:00,cow_01,53.79,25.76,34.24,0.1908,423,38.68,8.04,16.35,0.61,3,94.2,20.63,60.5,66.71,19.63,0,0.0,0.0,5.18
2026-09-10T13:00:00+00:00,cow_02,53.09,23.9,36.1,0.1809,424,38.58,7.88,20.93,0.94,2,94.2,20.63,60.5,66.71,19.63,0,0.0,0.0,5.19
2026-09-10T13:00:00+00:00,cow_03,43.58,22.56,37.44,0.1768,342,38.58,6.9,17.68,0.57,2,94.2,20.63,60.5,66.71,19.63,0,0.0,0.0,5.06
2026-09-10T13:00:00+00:00,cow_04,41.02,23.0,37.0,0.1475,323,38.61,8.3,19.72,0.67,1,94.2,20.63,60.5,66.71,19.63,0,0.0,0.0,5.19
2026-09-10T13:00:00+00:00,cow_05,47.75,20.07,39.93,0.1683,380,38.61,7.9,14.14,0.96,1,94.2,20.63,60.5,66.71,19.63,0,0.0,0.0,5.17
2026-09-10T13:00:00+00:00,cow_06,56.78,24.58,35.42,0.1841,474,38.46,8.95,16.44,0.57,3,94.2,20.63,60.5,66.71,19.63,0,0.0,0.0,5.2
2026-09-10T13:00:00+00:00,cow_07,46.02,23.79,36.21,0.1871,364,38.45,8.57,16.83,0.77,2,94.2,20.63,60.5,66.71,19.63,0,0.0,0.0,5.06
2026-09-10T13:00:00+00:00,cow_08,42.95,27.12,32.88,0.1485,317,38.59,9.53,18.19,0.8,2,94.2,20.63,60.5,66.71,19.63,0,0.0,0.0,5.28
2026-09-10T13:00:00+00:00,cow_09,44.64,25.16,34.84,0.1565,352,38.48,8.15,15.82,0.79,2,94.2,20.63,60.5,66.71,19.63,0,0.0,0.0,5.06
2026-09-10T13:00:00+00:00,cow_10,46.08,22.52,37.48,0.1774,379,38.55,6.5,19.67,0.48,1,94.2,20.63,60.5,66.71,19.63,0,0.0,0.0,5.31
2026-09-10T13:00:00+00:00,cow_11,55.1,20.71,39.29,0.1672,453,38.42,9.02,18.75,0.85,2,94.2,20.63,60.5,66.71,19.63,0,0.0,0.0,5.09
2026-09-10T13:00:00+00:00,cow_12,40.62,23.73,36.27,0.1587,330,38.42,10.15,17.5,0.87,2,94.2,20.63,60.5,66.71,19.63,0,0.0,0.0,5.16
2026-09-10T13:00:00+00:00,cow_13,46.6,23.72,36.28,0.1635,373,38.61,8.97,18.99,0.77,2,94.2,20.63,60.5,66.71,19.63,0,0.0,0.0,5.21
2026-09-10T13:00:00+00:00,cow_14,59.29,23.6,36.4,0.1783,478,38.53,8.03,15.67,0.67,2,94.2,20.63,60.5,66.71,19.63,0,0.0,0.0,5.1
2026-09-10T13:00:00+00:00,cow_15,41.78,17.86,42.14,0.1601,325,38.4,9.29,17.08,0.82,3,94.2,20.63,60.5,66.71,19.63,0,0.0,0.0,5.32
2026-09-10T13:00:00+00:00,cow_16,43.46,23.98,36.02,0.1471,365,38.6,6.72,17.01,0.69,1,94.2,20.63,60.5,66.71,19.63,0,0.0,0.0,5.21
2026-09-10T14:00:00+00:00,cow_01,50.37,26.93,33.07,0.1786,373,38.66,6.94,16.45,0.6,1,85.8,21.22,56.4,67.27,20.22,0,0.0,0.0,5.35
2026-09-10T14:00:00+00:00,cow_02,53.59,24.55,35.45,0.1979,442,38.69,6.06,20.16,0.76,2,85.8,21.22,56.4,67.27,20.22,0,0.0,0.0,5.14
2026-09-10T14:00:00+00:00,cow_03,44.29,20.51,39.49,0.1563,347,38.44,7.65,16.55,0.6,2,85.8,21.22,56.4,67.27,20.22,0,0.0,0.0,5.23
2026-09-10T14:00:00+00:00,cow_04,39.8,22.05,37.95,0.1631,311,38.63,8.5,19.07,0.73,2,85.8,21.22,56.4,67.27,20.22,0,0.0,0.0,5.24
2026-09-10T14:00:00+00:00,cow_05,56.48,21.87,38.13,0.1965,434,38.61,6.66,17.19,0.76,3,85.8,21.22,56.4,67.27,20.22,0,0.0,0.0,5.2
2026-09-10T14:00:00+00:00,cow_06,57.88,22.32,37.68,0.176,488,38.47,7.33,17.63,0.59,2,85.8,21.22,56.4,67.27,20.22,0,0.0,0.0,5.23
2026-09-10T14:00:00+00:00,cow_07,43.5,27.07,32.93,0.1589,338,38.56,5.53,17.35,0.58,2,85.8,21.22,56.4,67.27,20.22,0,0.0,0.0,5.07
2026-09-10T14:00:00+00:00,cow_08,48.56,24.68,35.32,0.1694,407,38.65,8.89,17.54,0.75,2,85.8,21.22,56.4,67.27,20.22,0,0.0,0.0,5.24
2026-09-10T14:00:00+00:00,cow_09,39.79,21.7,38.3,0.146,307,38.52,5.99,16.3,0.57,2,85.8,21.22,56.4,67.27,20.22,0,0.0,0.0,5.06
2026-09-10T14:00:00+00:00,cow_10,47.26,23.37,36.63,0.1817,378,38.54,6.55,18.13,0.62,3,85.8,21.22,56.4,67.27,20.22,0,0.0,0.0,5.11
2026-09-10T14:00:00+00:00,cow_11,57.1,23.2,36.8,0.1893,460,38.56,9.7,17.6,0.91,2,85.8,21.22,56.4,67.27,20.22,0,0.0,0.0,5.31
2026-09-10T14:00:00+00:00,cow_12,43.3,19.72,40.28,0.1334,338,38.44,8.1,17.7,0.7,3,85.8,21.22,56.4,67.27,20.22,0,0.0,0.0,5.38
2026-09-10T14:00:00+00:00,cow_13,51.25,23.39,36.61,0.1582,422,38.59,8.26,17.28,0.84,2,85.8,21.22,56.4,67.27,20.22,0,0.0,0.0,5.18
2026-09-10T14:00:00+00:00,cow_14,52.28,24.46,35.54,0.1668,413,38.52,7.37,16.0,0.67,2,85.8,21.22,56.4,67.27,20.22,0,0.0,0.0,5.27
2026-09-10T14:00:00+00:00,cow_15,41.35,21.58,38.42,0.1341,344,38.52,8.57,15.58,0.81,2,85.8,21.22,56.4,67.27,20.22,0,0.0,0.0,5.04
2026-09-10T14:00:00+00:00,cow_16,49.09,21.25,38.75,0.1741,393,38.74,5.94,15.02,0.61,1,85.8,21.22,56.4,67.27,20.22,0,0.0,0.0,5.31
2026-09-10T15:00:00+00:00,cow_01,42.56,25.36,34.64,0.15,345,38.7,6.78,17.54,0.55,2,85.5,21.08,57.0,67.12,20.08,0,0.0,0.0,5.21
2026-09-10T15:00:00+00:00,cow_02,57.02,21.71,38.29,0.1954,469,38.7,6.5,20.63,0.83,1,85.5,21.08,57.0,67.12,20.08,0,0.0,0.0,5.17
2026-09-10T15:00:00+00:00,cow_03,45.29,21.72,38.28,0.1747,347,38.54,6.53,17.65,0.49,2,85.5,21.08,57.0,67.12,20.08,0,0.0,0.0,5.13
2026-09-10T15:00:00+00:00,cow_04,42.3,24.94,35.06,0.1685,340,38.53,9.42,18.4,0.82,3,85.5,21.08,57.0,67.12,20.08,0,0.0,0.0,5.04
2026-09-10T15:00:00+00:00,cow_05,49.88,21.02,38.98,0.1711,379,38.69,6.66,17.58,0.9,2,85.5,21.08,57.0,67.12,20.08,0,0.0,0.0,5.18
2026-09-10T15:00:00+00:00,cow_06,57.47,22.77,37.23,0.1697,491,38.47,10.51,17.68,0.77,1,85.5,21.08,57.0,67.12,20.08,0,0.0,0.0,5.26
2026-09-10T15:00:00+00:00,cow_07,38.67,25.76,34.24,0.169,292,38.6,7.16,17.98,0.65,2,85.5,21.08,57.0,67.12,20.08,0,0.0,0.0,5.3
2026-09-10T15:00:00+00:00,cow_08,46.52,24.3,35.7,0.1816,349,38.74,7.9,17.32,0.62,2,85.5,21.08,57.0,67.12,20.08,0,0.0,0.0,5.23
2026-09-10T15:00:00+00:00,cow_09,46.06,24.04,35.96,0.1657,361,38.55,6.43,15.04,0.65,2,85.5,21.08,57.0,67.12,20.08,0,0.0,0.0,5.13
2026-09-10T15:00:00+00:00,cow_10,52.61,23.11,36.89,0.179,413,38.7,5.02,18.3,0.42,1,85.5,21.08,57.0,67.12,20.08,0,0.0,0.0,5.27
2026-09-10T15:00:00+00:00,cow_11,55.21,23.05,36.95,0.1766,456,38.49,7.92,17.54,0.64,3,85.5,21.08,57.0,67.12,20.08,0,0.0,0.0,5.28
2026-09-10T15:00:00+00:00,cow_12,50.5,22.1,37.9,0.1642,378,38.57,9.25,19.81,0.68,3,85.5,21.08,57.0,67.12,20.08,0,0.0,0.0,5.16
2026-09-10T15:00:00+00:00,cow_13,50.34,23.25,36.75,0.155,400,38.61,6.74,17.75,0.57,2,85.5,21.08,57.0,67.12,20.08,0,0.0,0.0,5.21
2026-09-10T15:00:00+00:00,cow_14,53.7,24.48,35.52,0.18,410,38.66,9.7,17.2,0.87,3,85.5,21.08,57.0,67.12,20.08,0,0.0,0.0,5.27
2026-09-10T15:00:00+00:00,cow_15,43.12,22.68,37.32,0.1627,354,38.52,6.89,15.23,0.61,2,85.5,21.08,57.0,67.12,20.08,0,0.0,0.0,5.19
2026-09-10T15:00:00+00:00,cow_16,46.76,19.9,40.1,0.1661,375,38.58,7.07,13.65,0.65,2,85.5,21.08,57.0,67.12,20.08,0,0.0,0.0,5.21
2026-09-10T16:00:00+00:00,cow_01,65.19,16.78,43.22,0.1867,500,38.66,18.77,18.63,1.57,5,91.7,20.85,54.5,66.64,19.85,0,0.0,0.0,5.17
2026-09-10T16:00:00+00:00,cow_02,73.94,16.42,43.58,0.2074,582,38.76,14.82,16.45,1.9,4,91.7,20.85,54.5,66.64,19.85,0,0.0,0.0,5.07
2026-09-10T16:00:00+00:00,cow_03,57.53,13.94,46.06,0.1676,482,38.62,17.56,16.98,1.53,4,91.7,20.85,54.5,66.64,19.85,0,0.0,0.0,5.19
2026-09-10T16:00:00+00:00,cow_04,59.39,15.71,44.29,0.1906,452,38.64,19.04,17.9,1.72,5,91.7,20.85,54.5,66.64,19.85,0,0.0,0.0,5.24
2026-09-10T16:00:00+00:00,cow_05,68.37,13.99,46.01,0.2065,526,38.74,15.64,16.63,1.97,5,91.7,20.85,54.5,66.64,19.85,0,0.0,0.0,5.28
2026-09-10T16:00:00+00:00,cow_06,76.63,15.51,44.49,0.228,624,38.46,19.58,16.05,1.46,5,91.7,20.85,54.5,66.64,19.85,0,0.0,0.0,5.24
2026-09-10T16:00:00+00:00,cow_07,60.38,18.16,41.84,0.2011,467,38.58,20.04,15.82,1.76,5,91.7,20.85,54.5,66.64,19.85,0,0.0,0.0,5.14
2026-09-10T16:00:00+00:00,cow_08,62.71,15.62,44.38,0.2015,504,38.77,22.47,19.01,1.92,5,91.7,20.85,54.5,66.64,19.85,0,0.0,0.0,5.22
2026-09-10T16:00:00+00:00,cow_09,59.99,14.26,45.74,0.2019,474,38.5,17.8,16.03,1.68,4,91.7,20.85,54.5,66.64,19.85,0,0.0,0.0,5.26
2026-09-10T16:00:00+00:00,cow_10,64.25,15.07,44.93,0.1916,526,38.68,16.93,19.96,1.55,4,91.7,20.85,54.5,66.64,19.85,0,0.0,0.0,5.18
2026-09-10T16:00:00+00:00,cow_11,73.86,16.16,43.84,0.2207,598,38.59,21.45,19.99,2.05,5,91.7,20.85,54.5,66.64,19.85,0,0.0,0.0,5.26
2026-09-10T16:00:00+00:00,cow_12,53.66,17.27,42.73,0.1759,417,38.47,21.56,19.41,1.71,5,91.7,20.85,54.5,66.64,19.85,0,0.0,0.0,5.18
2026-09-10T16:00:00+00:00,cow_13,66.74,16.41,43.59,0.1997,547,38.78,19.24,18.66,1.8,5,91.7,20.85,54.5,66.64,19.85,0,0.0,0.0,5.34
2026-09-10T16:00:00+00:00,cow_14,73.6,15.71,44.29,0.2123,600,38.69,21.12,19.84,1.84,5,91.7,20.85,54.5,66.64,19.85,0,0.0,0.0,5.22
2026-09-10T16:00:00+00:00,cow_15,59.53,15.04,44.96,0.1885,506,38.53,20.85,15.09,1.9,5,91.7,20.85,54.5,66.64,19.85,0,0.0,0.0,5.19
2026-09-10T16:00:00+00:00,cow_16,57.78,15.1,44.9,0.1753,478,38.71,17.9,16.44,1.71,4,91.7,20.85,54.5,66.64,19.85,0,0.0,0.0,5.18
2026-09-10T17:00:00+00:00,cow_01,65.33,17.07,42.93,0.1961,537,38.79,17.46,15.86,1.37,5,86.0,20.32,52.8,65.82,19.32,0,14.3,7.13,5.29
2026-09-10T17:00:00+00:00,cow_02,74.93,14.66,45.34,0.2145,576,38.78,14.78,19.61,1.96,4,86.0,20.32,52.8,65.82,19.32,0,13.96,7.46,5.16
2026-09-10T17:00:00+00:00,cow_03,59.81,14.59,45.41,0.2039,479,38.67,16.12,18.03,1.55,5,86.0,20.32,52.8,65.82,19.32,0,16.14,7.51,5.38
2026-09-10T17:00:00+00:00,cow_04,60.48,14.85,45.15,0.1859,450,38.71,17.38,18.41,1.51,4,86.0,20.32,52.8,65.82,19.32,0,16.24,7.7,5.3
2026-09-10T17:00:00+00:00,cow_05,69.11,14.27,45.73,0.2064,540,38.75,16.5,15.68,2.07,4,86.0,20.32,52.8,65.82,19.32,0,18.32,7.09,5.11
2026-09-10T17:00:00+00:00,cow_06,70.14,15.34,44.66,0.2149,581,38.66,18.48,17.47,1.39,5,86.0,20.32,52.8,65.82,19.32,0,16.89,7.19,5.21
2026-09-10T17:00:00+00:00,cow_07,48.82,15.1,44.9,0.1494,368,38.73,17.73,15.35,1.56,6,86.0,20.32,52.8,65.82,19.32,0,16.14,7.59,5.28
2026-09-10T17:00:00+00:00,cow_08,55.73,19.75,40.25,0.1843,444,38.88,20.49,18.93,1.73,6,86.0,20.32,52.8,65.82,19.32,0,18.26,6.97,5.22
2026-09-10T17:00:00+00:00,cow_09,57.69,13.36,46.64,0.1954,437,38.65,18.11,15.85,1.66,4,86.0,20.32,52.8,65.82,19.32,0,17.62,8.09,5.31
2026-09-10T17:00:00+00:00,cow_10,63.32,17.1,42.9,0.2057,503,38.72,17.16,19.98,1.64,6,86.0,20.32,52.8,65.82,19.32,0,18.33,8.18,5.23
2026-09-10T17:00:00+00:00,cow_11,78.35,14.03,45.97,0.219,611,38.57,20.91,17.17,2.0,5,86.0,20.32,52.8,65.82,19.32,0,16.71,7.19,5.29
2026-09-10T17:00:00+00:00,cow_12,54.79,16.58,43.42,0.1773,456,38.63,18.59,19.53,1.56,5,86.0,20.32,52.8,65.82,19.32,0,15.01,7.26,5.18
2026-09-10T17:00:00+00:00,cow_13,63.95,16.74,43.26,0.2041,505,38.75,17.37,19.85,1.54,4,86.0,20.32,52.8,65.82,19.32,0,15.69,7.66,5.25
2026-09-10T17:00:00+00:00,cow_14,74.18,18.9,41.1,0.1974,584,38.71,18.76,17.08,1.57,5,86.0,20.32,52.8,65.82,19.32,0,15.35,7.53,5.22
2026-09-10T17:00:00+00:00,cow_15,58.64,10.96,49.04,0.1901,465,38.59,17.68,17.13,1.68,5,86.0,20.32,52.8,65.82,19.32,0,17.13,7.79,5.15
2026-09-10T17:00:00+00:00,cow_16,63.51,16.17,43.83,0.1939,511,38.78,15.81,16.54,1.56,5,86.0,20.32,52.8,65.82,19.32,0,15.43,7.8,5.22
2026-09-10T18:00:00+00:00,cow_01,67.11,17.58,42.42,0.1878,551,38.78,18.53,19.16,1.47,5,87.5,19.37,52.7,64.56,18.37,0,0.0,0.0,5.27
2026-09-10T18:00:00+00:00,cow_02,73.08,17.09,42.91,0.2208,604,38.83,13.99,19.95,1.75,4,87.5,19.37,52.7,64.56,18.37,0,0.0,0.0,5.29
2026-09-10T18:00:00+00:00,cow_03,61.19,15.17,44.83,0.1901,489,38.72,18.13,19.77,1.59,5,87.5,19.37,52.7,64.56,18.37,0,0.0,0.0,5.07
2026-09-10T18:00:00+00:00,cow_04,58.27,16.62,43.38,0.1881,466,38.74,20.11,17.25,1.78,5,87.5,19.37,52.7,64.56,18.37,0,0.0,0.0,5.27
2026-09-10T18:00:00+00:00,cow_05,68.36,15.25,44.75,0.2093,536,38.74,15.9,13.63,2.04,5,87.5,19.37,52.7,64.56,18.37,0,0.0,0.0,5.1
2026-09-10T18:00:00+00:00,cow_06,75.81,15.8,44.2,0.2096,637,38.67,20.74,17.22,1.51,5,87.5,19.37,52.7,64.56,18.37,0,0.0,0.0,5.19
2026-09-10T18:00:00+00:00,cow_07,60.0,16.37,43.63,0.2013,470,38.69,18.61,16.58,1.62,5,87.5,19.37,52.7,64.56,18.37,0,0.0,0.0,5.12
2026-09-10T18:00:00+00:00,cow_08,62.08,18.5,41.5,0.1916,486,38.83,22.15,18.9,1.87,5,87.5,19.37,52.7,64.56,18.37,0,0.0,0.0,5.22
2026-09-10T18:00:00+00:00,cow_09,61.26,17.08,42.92,0.1926,469,38.57,18.29,17.94,1.65,6,87.5,19.37,52.7,64.56,18.37,0,0.0,0.0,5.11
2026-09-10T18:00:00+00:00,cow_10,63.43,15.97,44.03,0.1934,502,38.74,16.92,21.02,1.57,4,87.5,19.37,52.7,64.56,18.37,0,0.0,0.0,5.21
2026-09-10T18:00:00+00:00,cow_11,78.32,16.16,43.84,0.2344,638,38.63,20.42,20.03,1.76,5,87.5,19.37,52.7,64.56,18.37,0,0.0,0.0,5.24
2026-09-10T18:00:00+00:00,cow_12,56.13,15.98,44.02,0.187,423,38.63,21.99,19.97,1.77,5,87.5,19.37,52.7,64.56,18.37,0,0.0,0.0,5.28
2026-09-10T18:00:00+00:00,cow_13,61.33,16.55,43.45,0.19,508,38.78,20.92,20.54,1.9,5,87.5,19.37,52.7,64.56,18.37,0,0.0,0.0,5.34
2026-09-10T18:00:00+00:00,cow_14,77.53,16.28,43.72,0.2167,640,38.63,17.55,16.53,1.56,4,87.5,19.37,52.7,64.56,18.37,0,0.0,0.0,5.1
2026-09-10T18:00:00+00:00,cow_15,56.16,16.77,43.23,0.1777,466,38.6,20.79,16.41,1.92,5,87.5,19.37,52.7,64.56,18.37,0,0.0,0.0,5.19
2026-09-10T18:00:00+00:00,cow_16,64.23,16.76,43.24,0.1985,485,38.75,15.61,15.98,1.52,4,87.5,19.37,52.7,64.56,18.37,0,0.0,0.0,5.14
2026-09-10T19:00:00+00:00,cow_01,67.48,16.85,43.15,0.1932,516,38.8,18.61,15.92,1.49,4,90.1,19.21,51.5,64.29,18.21,0,0.0,0.0,5.16
2026-09-10T19:00:00+00:00,cow_02,73.67,15.48,44.52,0.227,597,38.83,16.56,20.53,2.23,4,90.1,19.21,51.5,64.29,18.21,0,0.0,0.0,5.22
2026-09-10T19:00:00+00:00,cow_03,59.15,13.66,46.34,0.1953,471,38.62,16.91,19.71,1.42,4,90.1,19.21,51.5,64.29,18.21,0,0.0,0.0,5.3
2026-09-10T19:00:00+00:00,cow_04,56.69,16.05,43.95,0.2003,485,38.68,18.52,18.16,1.59,5,90.1,19.21,51.5,64.29,18.21,0,0.0,0.0,5.09
2026-09-10T19:00:00+00:00,cow_05,71.12,14.16,45.84,0.2217,588,38.76,16.46,16.65,2.14,3,90.1,19.21,51.5,64.29,18.21,0,0.0,0.0,5.27
2026-09-10T19:00:00+00:00,cow_06,78.28,15.67,44.33,0.2304,645,38.64,20.91,17.19,1.6,5,90.1,19.21,51.5,64.29,18.21,0,0.0,0.0,5.21
2026-09-10T19:00:00+00:00,cow_07,62.16,15.9,44.1,0.1981,502,38.75,21.61,15.52,1.93,5,90.1,19.21,51.5,64.29,18.21,0,0.0,0.0,5.16
2026-09-10T19:00:00+00:00,cow_08,59.7,17.97,42.03,0.1789,466,38.79,22.33,19.03,1.89,5,90.1,19.21,51.5,64.29,18.21,0,0.0,0.0,5.07
2026-09-10T19:00:00+00:00,cow_09,62.69,14.5,45.5,0.2199,513,38.7,18.63,17.14,1.7,4,90.1,19.21,51.5,64.29,18.21,0,0.0,0.0,5.29
2026-09-10T19:00:00+00:00,cow_10,65.07,16.14,43.86,0.2053,525,38.73,17.39,18.47,1.6,5,90.1,19.21,51.5,64.29,18.21,0,0.0,0.0,5.2
2026-09-10T19:00:00+00:00,cow_11,68.84,16.51,43.49,0.2165,523,38.54,23.02,18.58,2.14,6,90.1,19.21,51.5,64.29,18.21,0,0.0,0.0,5.12
2026-09-10T19:00:00+00:00,cow_12,57.81,16.93,43.07,0.1839,471,38.72,20.74,18.31,1.69,5,90.1,19.21,51.5,64.29,18.21,0,0.0,0.0,5.21
2026-09-10T19:00:00+00:00,cow_13,68.1,14.85,45.15,0.2133,542,38.9,18.13,19.15,1.56,4,90.1,19.21,51.5,64.29,18.21,0,0.0,0.0,5.14
2026-09-10T19:00:00+00:00,cow_14,71.44,14.99,45.01,0.2079,578,38.69,20.05,20.45,1.77,4,90.1,19.21,51.5,64.29,18.21,0,0.0,0.0,5.09
2026-09-10T19:00:00+00:00,cow_15,57.81,14.8,45.2,0.1782,495,38.74,19.5,17.68,1.83,5,90.1,19.21,51.5,64.29,18.21,0,0.0,0.0,5.15
2026-09-10T19:00:00+00:00,cow_16,66.93,15.53,44.47,0.2047,535,38.81,17.25,14.2,1.58,4,90.1,19.21,51.5,64.29,18.21,0,0.0,0.0,5.13
2026-09-10T20:00:00+00:00,cow_01,44.35,25.44,34.56,0.172,354,38.83,8.53,15.71,0.8,3,93.9,18.22,52.4,63.02,17.22,0,0.0,0.0,5.35
2026-09-10T20:00:00+00:00,cow_02,63.07,25.68,34.32,0.1888,517,38.91,7.35,19.01,1.03,1,93.9,18.22,52.4,63.02,17.22,0,0.0,0.0,5.21
2026-09-10T20:00:00+00:00,cow_03,46.81,21.61,38.39,0.1705,384,38.72,8.15,16.65,0.7,1,93.9,18.22,52.4,63.02,17.22,0,0.0,0.0,5.31
2026-09-10T20:00:00+00:00,cow_04,45.58,22.54,37.46,0.1553,366,38.72,7.69,19.9,0.6,1,93.9,18.22,52.4,63.02,17.22,0,0.0,0.0,5.29
2026-09-10T20:00:00+00:00,cow_05,55.24,21.54,38.46,0.1696,461,38.79,7.39,17.43,0.98,2,93.9,18.22,52.4,63.02,17.22,0,0.0,0.0,5.07
2026-09-10T20:00:00+00:00,cow_06,54.14,23.06,36.94,0.1838,414,38.6,5.86,17.59,0.36,1,93.9,18.22,52.4,63.02,17.22,0,0.0,0.0,5.13
2026-09-10T20:00:00+00:00,cow_07,44.23,25.8,34.2,0.1523,356,38.71,9.05,12.57,0.94,3,93.9,18.22,52.4,63.02,17.22,0,0.0,0.0,5.29
2026-09-10T20:00:00+00:00,cow_08,43.15,24.1,35.9,0.1524,375,38.82,9.52,21.33,0.79,2,93.9,18.22,52.4,63.02,17.22,0,0.0,0.0,5.09
2026-09-10T20:00:00+00:00,cow_09,48.28,20.69,39.31,0.1652,336,38.61,7.66,16.45,0.63,2,93.9,18.22,52.4,63.02,17.22,0,0.0,0.0,5.05
2026-09-10T20:00:00+00:00,cow_10,43.57,21.84,38.16,0.1705,347,38.78,6.51,17.9,0.64,2,93.9,18.22,52.4,63.02,17.22,0,0.0,0.0,5.29
2026-09-10T20:00:00+00:00,cow_11,55.9,22.34,37.66,0.1663,438,38.57,9.28,19.24,0.85,1,93.9,18.22,52.4,63.02,17.22,0,0.0,0.0,5.3
2026-09-10T20:00:00+00:00,cow_12,40.94,21.34,38.66,0.1601,319,38.64,9.68,18.13,0.75,2,93.9,18.22,52.4,63.02,17.22,0,0.0,0.0,5.39
2026-09-10T20:00:00+00:00,cow_13,50.21,23.89,36.11,0.1752,427,38.87,10.07,20.79,0.94,3,93.9,18.22,52.4,63.02,17.22,0,0.0,0.0,5.18
2026-09-10T20:00:00+00:00,cow_14,58.48,24.56,35.44,0.1749,474,38.76,8.13,16.34,0.72,2,93.9,18.22,52.4,63.02,17.22,0,0.0,0.0,5.09
2026-09-10T20:00:00+00:00,cow_15,41.55,22.92,37.08,0.1293,328,38.61,9.33,16.39,0.83,3,93.9,18.22,52.4,63.02,17.22,0,0.0,0.0,5.2
2026-09-10T20:00:00+00:00,cow_16,50.41,23.78,36.22,0.1789,404,38.92,6.89,14.25,0.67,2,93.9,18.22,52.4,63.02,17.22,0,0.0,0.0,5.19
2026-09-10T21:00:00+00:00,cow_01,40.34,24.34,35.66,0.1392,324,38.71,8.52,16.75,0.6,2,87.4,17.89,51.4,62.54,16.89,0,0.0,0.0,5.24
2026-09-10T21:00:00+00:00,cow_02,58.21,21.55,38.45,0.1687,488,38.77,5.83,20.18,0.7,1,87.4,17.89,51.4,62.54,16.89,0,0.0,0.0,5.27
2026-09-10T21:00:00+00:00,cow_03,41.36,21.02,38.98,0.1432,319,38.75,9.17,17.45,0.83,3,87.4,17.89,51.4,62.54,16.89,0,0.0,0.0,5.15
2026-09-10T21:00:00+00:00,cow_04,44.83,20.34,39.66,0.1511,357,38.65,6.3,17.78,0.6,2,87.4,17.89,51.4,62.54,16.89,0,0.0,0.0,5.2
2026-09-10T21:00:00+00:00,cow_05,52.93,20.28,39.72,0.1546,410,38.76,6.91,15.46,0.86,1,87.4,17.89,51.4,62.54,16.89,0,0.0,0.0,5.23
2026-09-10T21:00:00+00:00,cow_06,51.52,23.55,36.45,0.1669,443,38.61,7.73,16.5,0.57,2,87.4,17.89,51.4,62.54,16.89,0,0.0,0.0,5.2
2026-09-10T21:00:00+00:00,cow_07,45.02,25.92,34.08,0.1613,365,38.73,8.81,16.96,0.82,2,87.4,17.89,51.4,62.54,16.89,0,0.0,0.0,5.41
2026-09-10T21:00:00+00:00,cow_08,46.28,26.45,33.55,0.163,335,38.81,9.0,18.12,0.73,2,87.4,17.89,51.4,62.54,16.89,0,0.0,0.0,5.26
2026-09-10T21:00:00+00:00,cow_09,46.56,22.09,37.91,0.1581,367,38.61,7.42,17.47,0.67,2,87.4,17.89,51.4,62.54,16.89,0,0.0,0.0,5.24
2026-09-10T21:00:00+00:00,cow_10,46.72,19.66,40.34,0.1552,397,38.67,8.01,16.64,0.7,2,87.4,17.89,51.4,62.54,16.89,0,0.0,0.0,5.34
2026-09-10T21:00:00+00:00,cow_11,54.42,21.52,38.48,0.1686,443,38.57,8.35,17.87,0.81,2,87.4,17.89,51.4,62.54,16.89,0,0.0,0.0,5.13
2026-09-10T21:00:00+00:00,cow_12,41.62,21.51,38.49,0.1567,346,38.64,6.52,18.86,0.45,1,87.4,17.89,51.4,62.54,16.89,0,0.0,0.0,5.22
2026-09-10T21:00:00+00:00,cow_13,46.77,23.75,36.25,0.1581,359,38.8,9.06,19.83,0.82,3,87.4,17.89,51.4,62.54,16.89,0,0.0,0.0,5.29
2026-09-10T21:00:00+00:00,cow_14,55.38,22.75,37.25,0.1875,440,38.74,7.77,17.19,0.65,2,87.4,17.89,51.4,62.54,16.89,0,0.0,0.0,5.19
2026-09-10T21:00:00+00:00,cow_15,42.96,22.24,37.76,0.1544,332,38.5,8.85,16.73,0.8,3,87.4,17.89,51.4,62.54,16.89,0,0.0,0.0,5.1
2026-09-10T21:00:00+00:00,cow_16,46.13,21.4,38.6,0.1696,335,38.86,7.7,14.52,0.75,1,87.4,17.89,51.4,62.54,16.89,0,0.0,0.0,5.23
2026-09-10T22:00:00+00:00,cow_01,29.06,37.7,22.3,0.133,243,38.74,3.52,23.56,0.31,1,91.6,16.58,51.8,60.82,15.58,0,0.0,0.0,5.19
2026-09-10T22:00:00+00:00,cow_02,28.63,38.01,21.99,0.132,221,38.8,2.2,26.86,0.31,2,91.6,16.58,51.8,60.82,15.58,0,0.0,0.0,5.1
2026-09-10T22:00:00+00:00,cow_03,21.65,35.08,24.92,0.1269,198,38.77,3.32,22.82,0.31,1,91.6,16.58,51.8,60.82,15.58,0,0.0,0.0,5.24
2026-09-10T22:00:00+00:00,cow_04,22.5,34.85,25.15,0.1279,184,38.71,3.23,25.43,0.29,1,91.6,16.58,51.8,60.82,15.58,0,0.0,0.0,5.29
2026-09-10T22:00:00+00:00,cow_05,30.33,31.41,28.59,0.1418,263,38.78,1.91,20.71,0.14,1,91.6,16.58,51.8,60.82,15.58,0,0.0,0.0,5.09
2026-09-10T22:00:00+00:00,cow_06,27.68,34.26,25.74,0.133,243,38.63,2.42,23.92,0.11,1,91.6,16.58,51.8,60.82,15.58,0,0.0,0.0,5.27
2026-09-10T22:00:00+00:00,cow_07,24.09,40.64,19.36,0.1341,200,38.66,2.7,21.7,0.3,1,91.6,16.58,51.8,60.82,15.58,0,0.0,0.0,5.29
2026-09-10T22:00:00+00:00,cow_08,26.56,39.08,20.92,0.1362,200,38.74,2.77,27.49,0.28,1,91.6,16.58,51.8,60.82,15.58,0,0.0,0.0,5.13
2026-09-10T22:00:00+00:00,cow_09,27.14,32.78,27.22,0.1327,224,38.6,0.42,23.13,0.06,1,91.6,16.58,51.8,60.82,15.58,0,0.0,0.0,5.25
2026-09-10T22:00:00+00:00,cow_10,27.46,30.95,29.05,0.14,233,38.77,2.46,27.02,0.29,1,91.6,16.58,51.8,60.82,15.58,0,0.0,0.0,5.23
2026-09-10T22:00:00+00:00,cow_11,29.13,33.36,26.64,0.1336,242,38.56,2.69,26.24,0.24,1,91.6,16.58,51.8,60.82,15.58,0,0.0,0.0,5.1
2026-09-10T22:00:00+00:00,cow_12,25.13,33.59,26.41,0.1114,205,38.63,3.29,25.88,0.28,2,91.6,16.58,51.8,60.82,15.58,0,0.0,0.0,5.27
2026-09-10T22:00:00+00:00,cow_13,28.18,35.12,24.88,0.1394,219,38.83,3.81,26.67,0.41,1,91.6,16.58,51.8,60.82,15.58,0,0.0,0.0,5.24
2026-09-10T22:00:00+00:00,cow_14,26.85,38.62,21.38,0.1406,214,38.68,2.8,23.5,0.25,1,91.6,16.58,51.8,60.82,15.58,0,0.0,0.0,5.24
2026-09-10T22:00:00+00:00,cow_15,19.44,32.19,27.81,0.1171,176,38.58,3.14,23.7,0.26,1,91.6,16.58,51.8,60.82,15.58,0,0.0,0.0,5.18
2026-09-10T22:00:00+00:00,cow_16,28.47,33.71,26.29,0.1295,218,38.87,2.65,23.71,0.13,1,91.6,16.58,51.8,60.82,15.58,0,0.0,0.0,5.13
2026-09-10T23:00:00+00:00,cow_01,25.94,37.22,22.78,0.1245,212,38.91,0.36,21.1,0.09,0,86.7,15.29,53.6,59.13,14.29,0,0.0,0.0,5.2
2026-09-10T23:00:00+00:00,cow_02,29.51,35.3,24.7,0.1314,231,38.82,3.3,27.93,0.42,1,86.7,15.29,53.6,59.13,14.29,0,0.0,0.0,5.26
2026-09-10T23:00:00+00:00,cow_03,27.2,33.78,26.22,0.1442,208,38.7,3.11,23.46,0.28,1,86.7,15.29,53.6,59.13,14.29,0,0.0,0.0,5.19
2026-09-10T23:00:00+00:00,cow_04,23.95,31.73,28.27,0.1162,187,38.64,1.49,27.58,0.12,1,86.7,15.29,53.6,59.13,14.29,0,0.0,0.0,5.22
2026-09-10T23:00:00+00:00,cow_05,30.91,31.92,28.08,0.129,251,38.8,2.01,22.53,0.27,0,86.7,15.29,53.6,59.13,14.29,0,0.0,0.0,5.2
2026-09-10T23:00:00+00:00,cow_06,27.72,34.09,25.91,0.1364,226,38.59,3.27,24.47,0.25,1,86.7,15.29,53.6,59.13,14.29,0,0.0,0.0,5.21
2026-09-10T23:00:00+00:00,cow_07,22.81,39.19,20.81,0.1207,178,38.64,2.69,22.15,0.26,2,86.7,15.29,53.6,59.13,14.29,0,0.0,0.0,5.12
2026-09-10T23:00:00+00:00,cow_08,23.47,43.1,16.9,0.114,207,38.78,2.82,26.81,0.26,0,86.7,15.29,53.6,59.13,14.29,0,0.0,0.0,5.21
2026-09-10T23:00:00+00:00,cow_09,22.87,30.53,29.47,0.1324,151,38.68,2.85,22.3,0.33,0,86.7,15.29,53.6,59.13,14.29,0,0.0,0.0,5.14
2026-09-10T23:00:00+00:00,cow_10,21.74,32.64,27.36,0.1117,186,38.78,0.83,26.74,0.0,0,86.7,15.29,53.6,59.13,14.29,0,0.0,0.0,5.37
2026-09-10T23:00:00+00:00,cow_11,25.45,31.82,28.18,0.1331,216,38.51,4.13,24.86,0.47,1,86.7,15.29,53.6,59.13,14.29,0,0.0,0.0,5.3
2026-09-10T23:00:00+00:00,cow_12,24.68,35.48,24.52,0.1315,214,38.59,1.8,25.25,0.11,0,86.7,15.29,53.6,59.13,14.29,0,0.0,0.0,5.33
2026-09-10T23:00:00+00:00,cow_13,27.39,35.12,24.88,0.14,228,38.87,0.41,25.73,0.0,0,86.7,15.29,53.6,59.13,14.29,0,0.0,0.0,5.21
2026-09-10T23:00:00+00:00,cow_14,29.78,40.38,19.62,0.1426,230,38.75,0.79,24.73,0.07,0,86.7,15.29,53.6,59.13,14.29,0,0.0,0.0,5.18
2026-09-10T23:00:00+00:00,cow_15,21.59,31.28,28.72,0.1256,188,38.59,2.06,22.69,0.17,0,86.7,15.29,53.6,59.13,14.29,0,0.0,0.0,5.13
2026-09-10T23:00:00+00:00,cow_16,27.93,34.57,25.43,0.1379,202,38.75,3.01,23.11,0.23,1,86.7,15.29,53.6,59.13,14.29,0,0.0,0.0,5.23
2026-09-11T00:00:00+00:00,cow_01,26.0,39.75,20.25,0.1292,178,38.79,3.24,22.93,0.33,0,93.1,14.69,55.4,58.33,13.69,0,0.0,0.0,5.11
2026-09-11T00:00:00+00:00,cow_02,31.97,35.12,24.88,0.1542,245,38.7,1.71,27.06,0.2,0,93.1,14.69,55.4,58.33,13.69,0,0.0,0.0,5.17
2026-09-11T00:00:00+00:00,cow_03,20.81,33.99,26.01,0.1131,164,38.56,1.06,24.08,0.17,1,93.1,14.69,55.4,58.33,13.69,0,0.0,0.0,5.13
2026-09-11T00:00:00+00:00,cow_04,22.48,34.27,25.73,0.0938,171,38.65,2.29,24.03,0.11,0,93.1,14.69,55.4,58.33,13.69,0,0.0,0.0,5.19
2026-09-11T00:00:00+00:00,cow_05,26.22,34.57,25.43,0.1138,228,38.65,4.77,22.78,0.49,2,93.1,14.69,55.4,58.33,13.69,0,0.0,0.0,5.16
2026-09-11T00:00:00+00:00,cow_06,32.53,34.09,25.91,0.135,256,38.5,2.29,22.69,0.15,1,93.1,14.69,55.4,58.33,13.69,0,0.0,0.0,5.28
2026-09-11T00:00:00+00:00,cow_07,21.48,45.48,14.52,0.1176,216,39.41,3.24,18.46,0.29,2,93.1,14.69,55.4,58.33,13.69,0,0.0,0.0,6.07
2026-09-11T00:00:00+00:00,cow_08,26.29,38.17,21.83,0.1226,179,38.76,3.1,26.8,0.29,1,93.1,14.69,55.4,58.33,13.69,0,0.0,0.0,5.2
2026-09-11T00:00:00+00:00,cow_09,25.39,33.88,26.12,0.1365,211,38.63,2.66,22.81,0.31,1,93.1,14.69,55.4,58.33,13.69,0,0.0,0.0,5.24
2026-09-11T00:00:00+00:00,cow_10,22.38,36.17,23.83,0.1303,183,38.55,1.89,28.71,0.2,0,93.1,14.69,55.4,58.33,13.69,0,0.0,0.0,5.16
2026-09-11T00:00:00+00:00,cow_11,28.9,35.03,24.97,0.1169,247,38.57,5.1,26.48,0.41,1,93.1,14.69,55.4,58.33,13.69,0,0.0,0.0,5.12
2026-09-11T00:00:00+00:00,cow_12,24.72,37.11,22.89,0.1159,211,38.53,1.35,27.26,0.12,1,93.1,14.69,55.4,58.33,13.69,0,0.0,0.0,5.27
2026-09-11T00:00:00+00:00,cow_13,21.58,33.86,26.14,0.1024,164,38.8,3.14,26.18,0.28,1,93.1,14.69,55.4,58.33,13.69,0,0.0,0.0,5.22
2026-09-11T00:00:00+00:00,cow_14,27.81,37.23,22.77,0.1316,228,38.7,1.17,23.05,0.13,0,93.1,14.69,55.4,58.33,13.69,0,0.0,0.0,5.16
2026-09-11T00:00:00+00:00,cow_15,22.7,32.3,27.7,0.1032,207,38.53,2.7,23.58,0.29,1,93.1,14.69,55.4,58.33,13.69,0,0.0,0.0,5.19
2026-09-11T00:00:00+00:00,cow_16,23.11,36.73,23.27,0.1222,193,38.7,2.96,20.35,0.27,1,93.1,14.69,55.4,58.33,13.69,0,0.0,0.0,5.34
2026-09-11T01:00:00+00:00,cow_01,29.99,40.38,19.62,0.1264,223,38.78,0.85,22.98,0.04,1,86.8,14.88,57.9,58.61,13.88,0,0.0,0.0,5.12
2026-09-11T01:00:00+00:00,cow_02,28.73,37.18,22.82,0.1397,250,38.72,2.32,28.68,0.23,0,86.8,14.88,57.9,58.61,13.88,0,0.0,0.0,5.1
2026-09-11T01:00:00+00:00,cow_03,17.99,34.49,25.51,0.1267,152,38.6,2.49,24.26,0.3,1,86.8,14.88,57.9,58.61,13.88,0,0.0,0.0,5.15
2026-09-11T01:00:00+00:00,cow_04,27.1,35.86,24.14,0.1353,222,38.62,0.87,24.43,0.11,0,86.8,14.88,57.9,58.61,13.88,0,0.0,0.0,5.09
2026-09-11T01:00:00+00:00,cow_05,23.12,31.52,28.48,0.1254,191,38.71,1.71,22.12,0.26,1,86.8,14.88,57.9,58.61,13.88,0,0.0,0.0,5.15
2026-09-11T01:00:00+00:00,cow_06,30.96,31.13,28.87,0.1357,238,38.59,1.57,24.38,0.1,0,86.8,14.88,57.9,58.61,13.88,0,0.0,0.0,5.23
2026-09-11T01:00:00+00:00,cow_07,17.71,48.78,11.22,0.1005,188,39.37,1.99,17.95,0.21,1,86.8,14.88,57.9,58.61,13.88,0,0.0,0.0,6.19
2026-09-11T01:00:00+00:00,cow_08,24.84,37.38,22.62,0.1238,216,38.7,1.69,27.71,0.16,0,86.8,14.88,57.9,58.61,13.88,0,0.0,0.0,5.18
2026-09-11T01:00:00+00:00,cow_09,23.42,33.33,26.67,0.1286,181,38.54,1.7,25.93,0.24,0,86.8,14.88,57.9,58.61,13.88,0,0.0,0.0,5.1
2026-09-11T01:00:00+00:00,cow_10,28.68,34.32,25.68,0.1371,219,38.65,1.73,26.78,0.1,0,86.8,14.88,57.9,58.61,13.88,0,0.0,0.0,5.1
2026-09-11T01:00:00+00:00,cow_11,28.61,33.19,26.81,0.1366,237,38.53,1.18,27.36,0.08,0,86.8,14.88,57.9,58.61,13.88,0,0.0,0.0,5.22
2026-09-11T01:00:00+00:00,cow_12,22.91,35.04,24.96,0.1267,171,38.51,2.55,26.49,0.18,0,86.8,14.88,57.9,58.61,13.88,0,0.0,0.0,5.12
2026-09-11T01:00:00+00:00,cow_13,23.56,32.23,27.77,0.1154,212,38.74,3.78,25.78,0.24,1,86.8,14.88,57.9,58.61,13.88,0,0.0,0.0,5.35
2026-09-11T01:00:00+00:00,cow_14,28.16,37.57,22.43,0.115,225,38.65,0.53,23.32,0.0,0,86.8,14.88,57.9,58.61,13.88,0,0.0,0.0,5.14
2026-09-11T01:00:00+00:00,cow_15,24.6,31.73,28.27,0.1358,191,38.51,3.0,25.33,0.24,1,86.8,14.88,57.9,58.61,13.88,0,0.0,0.0,5.12
2026-09-11T01:00:00+00:00,cow_16,29.6,33.32,26.68,0.1371,260,38.66,2.75,20.87,0.38,0,86.8,14.88,57.9,58.61,13.88,0,0.0,0.0,5.08
2026-09-11T02:00:00+00:00,cow_01,25.24,38.88,21.12,0.1264,193,38.73,2.65,22.74,0.34,2,92.0,14.05,56.9,57.46,13.05,0,0.0,0.0,5.2
2026-09-11T02:00:00+00:00,cow_02,32.09,34.88,25.12,0.1169,266,38.61,2.65,30.0,0.25,0,92.0,14.05,56.9,57.46,13.05,0,0.0,0.0,5.13
2026-09-11T02:00:00+00:00,cow_03,26.73,35.11,24.89,0.1362,218,38.54,2.68,25.61,0.2,1,92.0,14.05,56.9,57.46,13.05,0,0.0,0.0,5.11
2026-09-11T02:00:00+00:00,cow_04,25.23,34.05,25.95,0.1513,179,38.61,1.98,27.3,0.21,0,92.0,14.05,56.9,57.46,13.05,0,0.0,0.0,5.12
2026-09-11T02:00:00+00:00,cow_05,25.67,32.39,27.61,0.119,201,38.57,2.73,20.92,0.33,1,92.0,14.05,56.9,57.46,13.05,0,0.0,0.0,5.21
2026-09-11T02:00:00+00:00,cow_06,32.1,32.68,27.32,0.1406,263,38.43,2.76,23.74,0.22,0,92.0,14.05,56.9,57.46,13.05,0,0.0,0.0,5.12
2026-09-11T02:00:00+00:00,cow_07,15.78,43.46,16.54,0.1096,167,39.34,2.23,16.79,0.19,1,92.0,14.05,56.9,57.46,13.05,0,0.0,0.0,6.13
2026-09-11T02:00:00+00:00,cow_08,26.75,38.17,21.83,0.1234,221,38.64,2.81,27.19,0.22,0,92.0,14.05,56.9,57.46,13.05,0,0.0,0.0,5.15
2026-09-11T02:00:00+00:00,cow_09,20.43,33.74,26.26,0.1251,155,38.6,1.61,23.04,0.19,1,92.0,14.05,56.9,57.46,13.05,0,0.0,0.0,5.25
2026-09-11T02:00:00+00:00,cow_10,28.92,32.54,27.46,0.1358,210,38.67,3.2,27.67,0.29,1,92.0,14.05,56.9,57.46,13.05,0,0.0,0.0,5.21
2026-09-11T02:00:00+00:00,cow_11,33.35,32.88,27.12,0.1368,273,38.39,2.58,25.78,0.17,1,92.0,14.05,56.9,57.46,13.05,0,0.0,0.0,5.24
2026-09-11T02:00:00+00:00,cow_12,25.84,32.25,27.75,0.1366,175,38.44,4.91,25.52,0.33,1,92.0,14.05,56.9,57.46,13.05,0,0.0,0.0,5.1
2026-09-11T02:00:00+00:00,cow_13,23.47,35.72,24.28,0.1277,203,38.62,0.66,27.69,0.06,0,92.0,14.05,56.9,57.46,13.05,0,0.0,0.0,5.28
2026-09-11T02:00:00+00:00,cow_14,32.62,40.0,20.0,0.1284,279,38.64,2.16,26.01,0.14,0,92.0,14.05,56.9,57.46,13.05,0,0.0,0.0,5.27
2026-09-11T02:00:00+00:00,cow_15,21.79,33.29,26.71,0.1142,176,38.47,1.7,23.74,0.13,0,92.0,14.05,56.9,57.46,13.05,0,0.0,0.0,5.11
2026-09-11T02:00:00+00:00,cow_16,22.54,33.97,26.03,0.1263,159,38.68,2.66,23.26,0.23,1,92.0,14.05,56.9,57.46,13.05,0,0.0,0.0,5.11
2026-09-11T03:00:00+00:00,cow_01,23.01,40.54,19.46,0.1174,181,38.57,3.02,23.91,0.32,1,90.5,14.1,59.9,57.51,13.1,0,0.0,0.0,5.25
2026-09-11T03:00:00+00:00,cow_02,30.48,37.58,22.42,0.1348,231,38.69,2.15,27.0,0.29,0,90.5,14.1,59.9,57.51,13.1,0,0.0,0.0,5.23
2026-09-11T03:00:00+00:00,cow_03,24.21,32.04,27.96,0.1473,178,38.52,2.57,22.96,0.21,0,90.5,14.1,59.9,57.51,13.1,0,0.0,0.0,5.37
2026-09-11T03:00:00+00:00,cow_04,23.66,33.74,26.26,0.142,176,38.59,3.04,23.94,0.24,1,90.5,14.1,59.9,57.51,13.1,0,0.0,0.0,5.2
2026-09-11T03:00:00+00:00,cow_05,28.41,31.33,28.67,0.124,222,38.69,1.28,21.41,0.16,0,90.5,14.1,59.9,57.51,13.1,0,0.0,0.0,5.23
2026-09-11T03:00:00+00:00,cow_06,26.99,32.48,27.52,0.1172,191,38.5,3.18,25.35,0.28,1,90.5,14.1,59.9,57.51,13.1,0,0.0,0.0,5.2
2026-09-11T03:00:00+00:00,cow_07,20.54,48.4,11.6,0.1141,245,39.24,1.75,17.74,0.16,2,90.5,14.1,59.9,57.51,13.1,0,0.0,0.0,6.19
2026-09-11T03:00:00+00:00,cow_08,25.76,40.48,19.52,0.1298,195,38.67,2.95,25.96,0.32,1,90.5,14.1,59.9,57.51,13.1,0,0.0,0.0,5.11
2026-09-11T03:00:00+00:00,cow_09,21.47,34.12,25.88,0.1291,179,38.45,1.52,24.04,0.12,0,90.5,14.1,59.9,57.51,13.1,0,0.0,0.0,5.19
2026-09-11T03:00:00+00:00,cow_10,24.59,35.06,24.94,0.1142,177,38.53,3.05,26.82,0.19,1,90.5,14.1,59.9,57.51,13.1,0,0.0,0.0,5.2
2026-09-11T03:00:00+00:00,cow_11,28.85,32.98,27.02,0.1186,233,38.35,2.42,25.42,0.26,1,90.5,14.1,59.9,57.51,13.1,0,0.0,0.0,5.26
2026-09-11T03:00:00+00:00,cow_12,20.76,34.34,25.66,0.1227,184,38.39,1.98,25.95,0.24,1,90.5,14.1,59.9,57.51,13.1,0,0.0,0.0,5.11
2026-09-11T03:00:00+00:00,cow_13,23.11,34.46,25.54,0.1252,181,38.58,3.71,26.5,0.36,0,90.5,14.1,59.9,57.51,13.1,0,0.0,0.0,5.3
2026-09-11T03:00:00+00:00,cow_14,27.66,39.43,20.57,0.1359,199,38.59,4.39,23.85,0.47,1,90.5,14.1,59.9,57.51,13.1,0,0.0,0.0,5.31
2026-09-11T03:00:00+00:00,cow_15,23.72,32.5,27.5,0.1411,200,38.41,3.04,22.81,0.28,1,90.5,14.1,59.9,57.51,13.1,0,0.0,0.0,5.19
2026-09-11T03:00:00+00:00,cow_16,23.11,33.42,26.58,0.1223,172,38.57,1.04,23.47,0.09,0,90.5,14.1,59.9,57.51,13.1,0,0.0,0.0,5.12
2026-09-11T04:00:00+00:00,cow_01,25.32,34.09,25.91,0.1094,212,38.62,3.05,23.27,0.27,1,87.6,14.74,60.4,58.41,13.74,0,0.0,0.0,5.25
2026-09-11T04:00:00+00:00,cow_02,30.81,38.57,21.43,0.1408,255,38.56,2.02,26.05,0.19,0,87.6,14.74,60.4,58.41,13.74,0,0.0,0.0,5.18
2026-09-11T04:00:00+00:00,cow_03,28.12,33.88,26.12,0.1393,211,38.48,4.46,25.15,0.37,0,87.6,14.74,60.4,58.41,13.74,0,0.0,0.0,5.09
2026-09-11T04:00:00+00:00,cow_04,25.97,34.35,25.65,0.1447,208,38.41,2.14,26.36,0.16,1,87.6,14.74,60.4,58.41,13.74,0,0.0,0.0,5.23
2026-09-11T04:00:00+00:00,cow_05,23.25,31.23,28.77,0.1345,210,38.49,0.84,22.91,0.21,0,87.6,14.74,60.4,58.41,13.74,0,0.0,0.0,5.21
2026-09-11T04:00:00+00:00,cow_06,28.44,35.63,24.37,0.1282,251,38.42,2.83,23.25,0.18,0,87.6,14.74,60.4,58.41,13.74,0,0.0,0.0,5.19
2026-09-11T04:00:00+00:00,cow_07,20.72,46.96,13.04,0.1224,177,39.23,2.18,17.88,0.26,1,87.6,14.74,60.4,58.41,13.74,0,0.0,0.0,6.17
2026-09-11T04:00:00+00:00,cow_08,23.1,39.35,20.65,0.1267,204,38.56,3.68,27.68,0.29,2,87.6,14.74,60.4,58.41,13.74,0,0.0,0.0,5.05
2026-09-11T04:00:00+00:00,cow_09,29.31,35.3,24.7,0.1308,228,38.39,1.5,23.66,0.18,0,87.6,14.74,60.4,58.41,13.74,0,0.0,0.0,5.28
2026-09-11T04:00:00+00:00,cow_10,25.62,35.58,24.42,0.1397,189,38.43,2.26,26.72,0.15,1,87.6,14.74,60.4,58.41,13.74,0,0.0,0.0,5.17
2026-09-11T04:00:00+00:00,cow_11,31.49,32.24,27.76,0.1218,269,38.33,3.47,24.85,0.31,1,87.6,14.74,60.4,58.41,13.74,0,0.0,0.0,5.2
2026-09-11T04:00:00+00:00,cow_12,22.15,35.58,24.42,0.1293,195,38.39,1.61,25.6,0.15,1,87.6,14.74,60.4,58.41,13.74,0,0.0,0.0,5.32
2026-09-11T04:00:00+00:00,cow_13,26.11,37.41,22.59,0.1358,222,38.6,2.22,26.19,0.21,1,87.6,14.74,60.4,58.41,13.74,0,0.0,0.0,5.18
2026-09-11T04:00:00+00:00,cow_14,28.45,35.87,24.13,0.1363,211,38.56,2.93,24.4,0.32,2,87.6,14.74,60.4,58.41,13.74,0,0.0,0.0,5.03
2026-09-11T04:00:00+00:00,cow_15,19.61,33.56,26.44,0.1322,136,38.41,0.78,21.26,0.17,0,87.6,14.74,60.4,58.41,13.74,0,0.0,0.0,5.08
2026-09-11T04:00:00+00:00,cow_16,24.75,33.7,26.3,0.1203,193,38.61,2.62,21.24,0.22,1,87.6,14.74,60.4,58.41,13.74,0,0.0,0.0,5.15
2026-09-11T05:00:00+00:00,cow_01,53.28,26.1,33.9,0.175,446,38.62,8.65,14.07,0.75,2,85.3,15.26,62.3,59.17,14.26,0,0.0,0.0,5.13
2026-09-11T05:00:00+00:00,cow_02,54.18,24.63,35.37,0.1524,431,38.52,5.44,18.87,0.63,2,85.3,15.26,62.3,59.17,14.26,0,0.0,0.0,5.03
2026-09-11T05:00:00+00:00,cow_03,45.33,20.5,39.5,0.1814,362,38.33,8.12,15.82,0.76,2,85.3,15.26,62.3,59.17,14.26,0,0.0,0.0,5.32
2026-09-11T05:00:00+00:00,cow_04,44.7,23.52,36.48,0.1609,348,38.51,6.15,18.59,0.5,2,85.3,15.26,62.3,59.17,14.26,0,0.0,0.0,5.12
2026-09-11T05:00:00+00:00,cow_05,50.46,21.19,38.81,0.1857,395,38.51,5.26,14.4,0.69,1,85.3,15.26,62.3,59.17,14.26,0,0.0,0.0,5.2
2026-09-11T05:00:00+00:00,cow_06,59.29,19.84,40.16,0.2099,491,38.36,8.4,16.35,0.66,3,85.3,15.26,62.3,59.17,14.26,0,0.0,0.0,5.15
2026-09-11T05:00:00+00:00,cow_07,33.24,28.47,31.53,0.1496,329,39.18,6.18,12.57,0.52,1,85.3,15.26,62.3,59.17,14.26,0,0.0,0.0,6.1
2026-09-11T05:00:00+00:00,cow_08,44.84,28.35,31.65,0.161,372,38.56,10.0,17.97,0.88,3,85.3,15.26,62.3,59.17,14.26,0,0.0,0.0,5.26
2026-09-11T05:00:00+00:00,cow_09,48.83,20.95,39.05,0.182,407,38.36,8.87,16.78,0.83,2,85.3,15.26,62.3,59.17,14.26,0,0.0,0.0,5.1
2026-09-11T05:00:00+00:00,cow_10,49.61,23.14,36.86,0.1683,423,38.48,4.79,20.99,0.49,2,85.3,15.26,62.3,59.17,14.26,0,0.0,0.0,5.17
2026-09-11T05:00:00+00:00,cow_11,55.21,19.95,40.05,0.1771,428,38.36,9.29,17.05,0.9,2,85.3,15.26,62.3,59.17,14.26,0,0.0,0.0,5.25
2026-09-11T05:00:00+00:00,cow_12,42.58,23.66,36.34,0.1497,315,38.31,7.99,16.01,0.71,2,85.3,15.26,62.3,59.17,14.26,0,0.0,0.0,5.27
2026-09-11T05:00:00+00:00,cow_13,48.94,22.45,37.55,0.2035,435,38.63,6.97,20.79,0.54,2,85.3,15.26,62.3,59.17,14.26,0,0.0,0.0,5.0
2026-09-11T05:00:00+00:00,cow_14,52.61,26.33,33.67,0.1786,398,38.52,8.63,17.64,0.74,3,85.3,15.26,62.3,59.17,14.26,0,0.0,0.0,5.29
2026-09-11T05:00:00+00:00,cow_15,42.02,23.69,36.31,0.1541,328,38.42,9.19,15.89,0.8,3,85.3,15.26,62.3,59.17,14.26,0,0.0,0.0,5.19
2026-09-11T05:00:00+00:00,cow_16,46.0,22.47,37.53,0.176,400,38.57,9.18,14.96,0.88,3,85.3,15.26,62.3,59.17,14.26,0,0.0,0.0,5.13
2026-09-11T06:00:00+00:00,cow_01,67.36,17.03,42.97,0.1952,530,38.54,19.6,15.43,1.55,5,89.0,16.51,62.7,60.96,15.51,0,14.96,7.49,5.22
2026-09-11T06:00:00+00:00,cow_02,76.0,13.56,46.44,0.2145,589,38.51,14.45,18.31,1.83,5,89.0,16.51,62.7,60.96,15.51,0,14.81,7.88,5.3
2026-09-11T06:00:00+00:00,cow_03,62.35,15.71,44.29,0.2131,505,38.32,18.6,15.88,1.55,5,89.0,16.51,62.7,60.96,15.51,0,15.0,6.68,5.21
2026-09-11T06:00:00+00:00,cow_04,59.27,16.41,43.59,0.1802,456,38.41,18.93,19.0,1.62,4,89.0,16.51,62.7,60.96,15.51,0,15.77,7.43,5.26
2026-09-11T06:00:00+00:00,cow_05,70.1,13.91,46.09,0.1949,590,38.54,16.66,15.38,2.19,4,89.0,16.51,62.7,60.96,15.51,0,18.33,7.37,5.2
2026-09-11T06:00:00+00:00,cow_06,73.47,17.25,42.75,0.1935,612,38.4,19.89,16.89,1.52,5,89.0,16.51,62.7,60.96,15.51,0,16.84,7.64,5.24
2026-09-11T06:00:00+00:00,cow_07,45.55,17.13,42.87,0.1669,476,39.23,16.53,13.25,1.46,6,89.0,16.51,62.7,60.96,15.51,0,11.94,7.73,6.16
2026-09-11T06:00:00+00:00,cow_08,64.0,12.02,47.98,0.2191,524,38.57,20.63,18.75,1.78,6,89.0,16.51,62.7,60.96,15.51,0,18.76,7.87,5.25
2026-09-11T06:00:00+00:00,cow_09,59.11,13.41,46.59,0.1786,487,38.37,16.81,16.04,1.6,4,89.0,16.51,62.7,60.96,15.51,0,16.76,7.84,5.23
2026-09-11T06:00:00+00:00,cow_10,61.65,14.71,45.29,0.1983,516,38.5,15.67,17.71,1.44,4,89.0,16.51,62.7,60.96,15.51,0,16.44,6.36,5.06
2026-09-11T06:00:00+00:00,cow_11,73.42,16.52,43.48,0.2213,568,38.28,19.44,18.41,1.86,5,89.0,16.51,62.7,60.96,15.51,0,16.61,7.13,5.21
2026-09-11T06:00:00+00:00,cow_12,58.36,14.51,45.49,0.1794,447,38.2,20.68,18.36,1.64,4,89.0,16.51,62.7,60.96,15.51,0,12.67,6.92,5.19
2026-09-11T06:00:00+00:00,cow_13,62.29,13.6,46.4,0.1766,515,38.56,19.51,20.14,1.76,5,89.0,16.51,62.7,60.96,15.51,0,15.64,7.0,5.34
2026-09-11T06:00:00+00:00,cow_14,72.79,16.99,43.01,0.2196,566,38.55,19.52,17.24,1.65,5,89.0,16.51,62.7,60.96,15.51,0,14.99,7.89,5.12
2026-09-11T06:00:00+00:00,cow_15,57.14,17.64,42.36,0.1807,445,38.3,19.38,17.01,1.75,4,89.0,16.51,62.7,60.96,15.51,0,18.28,7.29,5.3
2026-09-11T06:00:00+00:00,cow_16,65.8,14.88,45.12,0.2089,512,38.67,15.01,14.31,1.57,3,89.0,16.51,62.7,60.96,15.51,0,14.47,7.52,5.16
2026-09-11T07:00:00+00:00,cow_01,66.04,16.3,43.7,0.184,542,38.62,19.75,16.95,1.71,5,94.3,17.2,63.6,61.96,16.2,0,0.0,0.0,5.19
2026-09-11T07:00:00+00:00,cow_02,76.81,15.83,44.17,0.2316,608,38.52,14.83,19.14,1.88,4,94.3,17.2,63.6,61.96,16.2,0,0.0,0.0,5.07
2026-09-11T07:00:00+00:00,cow_03,63.08,13.59,46.41,0.2114,525,38.42,18.35,16.38,1.55,4,94.3,17.2,63.6,61.96,16.2,0,0.0,0.0,5.33
2026-09-11T07:00:00+00:00,cow_04,59.33,14.26,45.74,0.1793,466,38.44,17.77,18.75,1.55,4,94.3,17.2,63.6,61.96,16.2,0,0.0,0.0,5.09
2026-09-11T07:00:00+00:00,cow_05,69.38,16.61,43.39,0.2169,545,38.56,17.03,15.18,2.17,5,94.3,17.2,63.6,61.96,16.2,0,0.0,0.0,5.15
2026-09-11T07:00:00+00:00,cow_06,73.17,13.42,46.58,0.2152,599,38.38,19.66,16.71,1.57,5,94.3,17.2,63.6,61.96,16.2,0,0.0,0.0,5.2
2026-09-11T07:00:00+00:00,cow_07,45.52,21.36,38.64,0.1863,451,39.24,15.84,13.71,1.35,5,94.3,17.2,63.6,61.96,16.2,0,0.0,0.0,6.1
2026-09-11T07:00:00+00:00,cow_08,59.5,19.49,40.51,0.1945,475,38.62,23.84,18.14,1.92,6,94.3,17.2,63.6,61.96,16.2,0,0.0,0.0,5.31
2026-09-11T07:00:00+00:00,cow_09,60.14,17.3,42.7,0.1823,479,38.31,18.7,17.87,1.82,6,94.3,17.2,63.6,61.96,16.2,0,0.0,0.0,5.33
2026-09-11T07:00:00+00:00,cow_10,66.08,14.7,45.3,0.2012,538,38.47,16.22,18.15,1.54,4,94.3,17.2,63.6,61.96,16.2,0,0.0,0.0,5.2
2026-09-11T07:00:00+00:00,cow_11,73.18,13.61,46.39,0.21,578,38.27,20.91,18.18,1.98,6,94.3,17.2,63.6,61.96,16.2,0,0.0,0.0,5.09
2026-09-11T07:00:00+00:00,cow_12,62.32,15.9,44.1,0.1809,492,38.25,20.69,20.01,1.6,5,94.3,17.2,63.6,61.96,16.2,0,0.0,0.0,5.19
2026-09-11T07:00:00+00:00,cow_13,63.46,15.91,44.09,0.1734,527,38.52,20.19,19.63,1.78,5,94.3,17.2,63.6,61.96,16.2,0,0.0,0.0,5.19
2026-09-11T07:00:00+00:00,cow_14,73.88,16.45,43.55,0.2027,596,38.46,19.83,17.64,1.71,5,94.3,17.2,63.6,61.96,16.2,0,0.0,0.0,5.13
2026-09-11T07:00:00+00:00,cow_15,54.23,16.42,43.58,0.1861,433,38.34,21.5,16.62,1.9,6,94.3,17.2,63.6,61.96,16.2,0,0.0,0.0,5.28
2026-09-11T07:00:00+00:00,cow_16,63.57,15.72,44.28,0.2001,505,38.58,19.11,14.07,1.92,6,94.3,17.2,63.6,61.96,16.2,0,0.0,0.0,5.24
2026-09-11T08:00:00+00:00,cow_01,66.85,17.11,42.89,0.1921,532,38.53,17.72,17.08,1.45,5,88.2,18.39,63.4,63.68,17.39,0,0.0,0.0,5.22
2026-09-11T08:00:00+00:00,cow_02,78.96,15.16,44.84,0.2186,632,38.48,15.1,17.53,1.95,4,88.2,18.39,63.4,63.68,17.39,0,0.0,0.0,5.14
2026-09-11T08:00:00+00:00,cow_03,63.86,15.55,44.45,0.1939,501,38.31,17.92,17.22,1.56,4,88.2,18.39,63.4,63.68,17.39,0,0.0,0.0,5.33
2026-09-11T08:00:00+00:00,cow_04,62.45,14.59,45.41,0.1983,519,38.43,17.98,16.46,1.54,4,88.2,18.39,63.4,63.68,17.39,0,0.0,0.0,5.15
2026-09-11T08:00:00+00:00,cow_05,68.7,14.12,45.88,0.1999,529,38.39,17.05,17.62,2.17,4,88.2,18.39,63.4,63.68,17.39,0,0.0,0.0,5.28
2026-09-11T08:00:00+00:00,cow_06,79.34,17.11,42.89,0.2363,617,38.3,20.88,15.72,1.57,5,88.2,18.39,63.4,63.68,17.39,0,0.0,0.0,5.24
2026-09-11T08:00:00+00:00,cow_07,44.95,20.41,39.59,0.1838,450,39.17,15.62,12.03,1.4,5,88.2,18.39,63.4,63.68,17.39,0,0.0,0.0,6.1
2026-09-11T08:00:00+00:00,cow_08,60.1,19.02,40.98,0.1845,491,38.59,21.88,17.17,1.85,5,88.2,18.39,63.4,63.68,17.39,0,0.0,0.0,5.1
2026-09-11T08:00:00+00:00,cow_09,61.34,15.5,44.5,0.1648,490,38.28,18.19,16.16,1.71,5,88.2,18.39,63.4,63.68,17.39,0,0.0,0.0,5.13
2026-09-11T08:00:00+00:00,cow_10,61.89,18.25,41.75,0.1953,495,38.52,17.79,20.51,1.57,4,88.2,18.39,63.4,63.68,17.39,0,0.0,0.0,5.18
2026-09-11T08:00:00+00:00,cow_11,78.12,16.01,43.99,0.2077,597,38.38,20.54,18.26,1.9,5,88.2,18.39,63.4,63.68,17.39,0,0.0,0.0,5.2
2026-09-11T08:00:00+00:00,cow_12,60.32,15.42,44.58,0.199,492,38.38,21.06,17.75,1.6,6,88.2,18.39,63.4,63.68,17.39,0,0.0,0.0,5.22
2026-09-11T08:00:00+00:00,cow_13,62.78,13.65,46.35,0.2057,502,38.61,17.29,19.45,1.49,4,88.2,18.39,63.4,63.68,17.39,0,0.0,0.0,5.18
2026-09-11T08:00:00+00:00,cow_14,73.67,17.18,42.82,0.2071,579,38.38,19.64,16.51,1.78,5,88.2,18.39,63.4,63.68,17.39,0,0.0,0.0,5.17
2026-09-11T08:00:00+00:00,cow_15,57.77,16.7,43.3,0.1975,498,38.24,19.52,16.51,1.69,4,88.2,18.39,63.4,63.68,17.39,0,0.0,0.0,5.27
2026-09-11T08:00:00+00:00,cow_16,63.4,16.41,43.59,0.1986,481,38.47,16.08,16.62,1.57,4,88.2,18.39,63.4,63.68,17.39,0,0.0,0.0,5.36
2026-09-11T09:00:00+00:00,cow_01,69.65,14.65,45.35,0.2247,558,38.5,17.47,14.44,1.38,5,85.8,18.27,63.7,63.51,17.27,0,0.0,0.0,5.25
2026-09-11T09:00:00+00:00,cow_02,76.07,15.49,44.51,0.2303,648,38.59,14.45,20.02,1.91,4,85.8,18.27,63.7,63.51,17.27,0,0.0,0.0,5.17
2026-09-11T09:00:00+00:00,cow_03,58.22,16.6,43.4,0.1889,449,38.43,19.94,16.3,1.69,5,85.8,18.27,63.7,63.51,17.27,0,0.0,0.0,5.25
2026-09-11T09:00:00+00:00,cow_04,59.53,16.95,43.05,0.1898,491,38.38,16.43,18.23,1.34,4,85.8,18.27,63.7,63.51,17.27,0,0.0,0.0,5.04
2026-09-11T09:00:00+00:00,cow_05,68.36,14.02,45.98,0.1926,542,38.49,17.06,14.33,2.18,5,85.8,18.27,63.7,63.51,17.27,0,0.0,0.0,5.2
2026-09-11T09:00:00+00:00,cow_06,72.92,13.58,46.42,0.2302,584,38.32,21.26,17.44,1.76,5,85.8,18.27,63.7,63.51,17.27,0,0.0,0.0,5.18
2026-09-11T09:00:00+00:00,cow_07,42.78,20.18,39.82,0.176,425,39.2,14.97,12.42,1.28,5,85.8,18.27,63.7,63.51,17.27,0,0.0,0.0,6.02
2026-09-11T09:00:00+00:00,cow_08,61.22,15.66,44.34,0.1819,478,38.53,20.98,17.77,1.77,5,85.8,18.27,63.7,63.51,17.27,0,0.0,0.0,5.12
2026-09-11T09:00:00+00:00,cow_09,61.45,12.85,47.15,0.1913,517,38.38,17.23,16.93,1.64,4,85.8,18.27,63.7,63.51,17.27,0,0.0,0.0,5.31
2026-09-11T09:00:00+00:00,cow_10,64.07,16.71,43.29,0.1921,540,38.46,13.98,18.8,1.32,4,85.8,18.27,63.7,63.51,17.27,0,0.0,0.0,5.12
2026-09-11T09:00:00+00:00,cow_11,69.02,15.69,44.31,0.2089,530,38.29,19.71,19.29,1.81,5,85.8,18.27,63.7,63.51,17.27,0,0.0,0.0,5.21
2026-09-11T09:00:00+00:00,cow_12,54.85,18.32,41.68,0.1881,428,38.28,19.27,18.65,1.47,5,85.8,18.27,63.7,63.51,17.27,0,0.0,0.0,5.06
2026-09-11T09:00:00+00:00,cow_13,64.77,16.22,43.78,0.1947,521,38.56,19.01,20.01,1.65,5,85.8,18.27,63.7,63.51,17.27,0,0.0,0.0,5.22
2026-09-11T09:00:00+00:00,cow_14,75.11,16.82,43.18,0.2142,592,38.55,17.35,18.01,1.52,4,85.8,18.27,63.7,63.51,17.27,0,0.0,0.0,5.17
2026-09-11T09:00:00+00:00,cow_15,57.11,15.37,44.63,0.1748,458,38.33,17.88,17.24,1.65,4,85.8,18.27,63.7,63.51,17.27,0,0.0,0.0,5.1
2026-09-11T09:00:00+00:00,cow_16,60.05,15.84,44.16,0.1873,501,38.51,15.28,16.42,1.44,3,85.8,18.27,63.7,63.51,17.27,0,0.0,0.0,5.14
2026-09-11T10:00:00+00:00,cow_01,49.26,27.84,32.16,0.18,398,38.53,8.39,14.01,0.61,2,92.3,18.55,63.8,63.92,17.55,0,0.0,0.0,5.17
2026-09-11T10:00:00+00:00,cow_02,52.11,24.19,35.81,0.1814,434,38.56,6.07,20.24,0.81,1,92.3,18.55,63.8,63.92,17.55,0,0.0,0.0,5.12
2026-09-11T10:00:00+00:00,cow_03,47.03,22.24,37.76,0.1672,377,38.44,7.68,16.98,0.71,2,92.3,18.55,63.8,63.92,17.55,0,0.0,0.0,5.14
2026-09-11T10:00:00+00:00,cow_04,42.51,22.35,37.65,0.1307,366,38.42,8.48,19.4,0.74,1,92.3,18.55,63.8,63.92,17.55,0,0.0,0.0,5.11
2026-09-11T10:00:00+00:00,cow_05,47.75,22.76,37.24,0.1505,372,38.57,6.02,15.76,0.8,1,92.3,18.55,63.8,63.92,17.55,0,0.0,0.0,5.21
2026-09-11T10:00:00+00:00,cow_06,56.27,25.03,34.97,0.1719,443,38.38,8.47,16.5,0.7,1,92.3,18.55,63.8,63.92,17.55,0,0.0,0.0,5.29
2026-09-11T10:00:00+00:00,cow_07,36.84,29.45,30.55,0.1506,374,39.23,5.6,12.59,0.56,2,92.3,18.55,63.8,63.92,17.55,0,0.0,0.0,6.15
2026-09-11T10:00:00+00:00,cow_08,45.98,25.56,34.44,0.1643,366,38.56,7.79,16.51,0.63,2,92.3,18.55,63.8,63.92,17.55,0,0.0,0.0,5.25
2026-09-11T10:00:00+00:00,cow_09,45.53,21.97,38.03,0.1741,384,38.39,6.92,17.02,0.62,2,92.3,18.55,63.8,63.92,17.55,0,0.0,0.0,5.29
2026-09-11T10:00:00+00:00,cow_10,48.85,23.27,36.73,0.1709,376,38.54,9.08,19.32,0.83,2,92.3,18.55,63.8,63.92,17.55,0,0.0,0.0,5.18
2026-09-11T10:00:00+00:00,cow_11,51.17,20.47,39.53,0.1704,414,38.25,9.24,20.2,0.88,3,92.3,18.55,63.8,63.92,17.55,0,0.0,0.0,5.23
2026-09-11T10:00:00+00:00,cow_12,39.18,20.33,39.67,0.1565,324,38.41,10.54,17.33,0.88,3,92.3,18.55,63.8,63.92,17.55,0,0.0,0.0,5.32
2026-09-11T10:00:00+00:00,cow_13,50.98,21.86,38.14,0.171,410,38.5,9.63,18.82,0.92,3,92.3,18.55,63.8,63.92,17.55,0,0.0,0.0,5.18
2026-09-11T10:00:00+00:00,cow_14,49.05,24.47,35.53,0.1817,412,38.48,9.04,17.22,0.76,1,92.3,18.55,63.8,63.92,17.55,0,0.0,0.0,5.24
2026-09-11T10:00:00+00:00,cow_15,41.2,21.73,38.27,0.1609,343,38.3,7.55,17.34,0.72,2,92.3,18.55,63.8,63.92,17.55,0,0.0,0.0,5.28
2026-09-11T10:00:00+00:00,cow_16,45.89,21.73,38.27,0.1528,374,38.56,7.7,14.3,0.64,2,92.3,18.55,63.8,63.92,17.55,0,0.0,0.0,5.3
2026-09-11T11:00:00+00:00,cow_01,52.65,27.11,32.89,0.1908,442,38.7,7.18,15.01,0.55,2,90.2,19.83,61.8,65.65,18.83,0,0.0,0.0,5.21
2026-09-11T11:00:00+00:00,cow_02,54.63,21.97,38.03,0.1696,432,38.61,5.98,20.39,0.71,0,90.2,19.83,61.8,65.65,18.83,0,0.0,0.0,5.19
2026-09-11T11:00:00+00:00,cow_03,43.38,20.45,39.55,0.1481,336,38.39,7.11,15.51,0.51,1,90.2,19.83,61.8,65.65,18.83,0,0.0,0.0,5.4
2026-09-11T11:00:00+00:00,cow_04,44.07,24.57,35.43,0.1576,350,38.47,8.45,17.14,0.71,2,90.2,19.83,61.8,65.65,18.83,0,0.0,0.0,5.05
2026-09-11T11:00:00+00:00,cow_05,54.72,22.71,37.29,0.1575,424,38.53,7.83,17.41,0.96,3,90.2,19.83,61.8,65.65,18.83,0,0.0,0.0,5.2
2026-09-11T11:00:00+00:00,cow_06,54.37,23.19,36.81,0.181,438,38.47,8.71,15.99,0.63,3,90.2,19.83,61.8,65.65,18.83,0,0.0,0.0,5.25
2026-09-11T11:00:00+00:00,cow_07,30.62,26.96,33.04,0.1498,318,39.2,5.41,11.5,0.54,2,90.2,19.83,61.8,65.65,18.83,0,0.0,0.0,6.19
2026-09-11T11:00:00+00:00,cow_08,47.87,24.57,35.43,0.1624,380,38.6,10.29,21.35,0.92,3,90.2,19.83,61.8,65.65,18.83,0,0.0,0.0,5.35
2026-09-11T11:00:00+00:00,cow_09,42.9,23.61,36.39,0.163,352,38.35,6.04,17.37,0.58,1,90.2,19.83,61.8,65.65,18.83,0,0.0,0.0,5.19
2026-09-11T11:00:00+00:00,cow_10,45.5,20.92,39.08,0.1571,344,38.48,7.61,20.46,0.8,2,90.2,19.83,61.8,65.65,18.83,0,0.0,0.0,5.3
2026-09-11T11:00:00+00:00,cow_11,55.2,21.49,38.51,0.1834,458,38.32,8.32,17.81,0.74,3,90.2,19.83,61.8,65.65,18.83,0,0.0,0.0,5.14
2026-09-11T11:00:00+00:00,cow_12,41.72,23.07,36.93,0.1574,327,38.46,8.35,17.74,0.56,2,90.2,19.83,61.8,65.65,18.83,0,0.0,0.0,5.09
2026-09-11T11:00:00+00:00,cow_13,44.69,19.51,40.49,0.1515,356,38.55,7.92,18.68,0.69,2,90.2,19.83,61.8,65.65,18.83,0,0.0,0.0,5.19
2026-09-11T11:00:00+00:00,cow_14,54.1,24.21,35.79,0.173,444,38.54,8.68,18.83,0.77,2,90.2,19.83,61.8,65.65,18.83,0,0.0,0.0,5.19
2026-09-11T11:00:00+00:00,cow_15,42.82,20.04,39.96,0.1383,346,38.4,7.33,17.92,0.59,2,90.2,19.83,61.8,65.65,18.83,0,0.0,0.0,5.34
2026-09-11T11:00:00+00:00,cow_16,46.88,22.4,37.6,0.1669,392,38.5,8.47,15.04,0.86,2,90.2,19.83,61.8,65.65,18.83,0,0.0,0.0,5.33
2026-09-11T12:00:00+00:00,cow_01,49.55,29.0,31.0,0.1646,409,38.59,9.58,15.91,0.82,3,92.9,21.02,59.7,67.21,20.02,0,0.0,0.0,5.18
2026-09-11T12:00:00+00:00,cow_02,58.49,21.18,38.82,0.1866,487,38.71,5.49,18.07,0.69,1,92.9,21.02,59.7,67.21,20.02,0,0.0,0.0,5.15
2026-09-11T12:00:00+00:00,cow_03,47.14,21.35,38.65,0.1577,361,38.47,8.71,18.23,0.74,2,92.9,21.02,59.7,67.21,20.02,0,0.0,0.0,5.33
2026-09-11T12:00:00+00:00,cow_04,47.31,21.66,38.34,0.172,375,38.46,7.12,20.77,0.58,2,92.9,21.02,59.7,67.21,20.02,0,0.0,0.0,5.05
2026-09-11T12:00:00+00:00,cow_05,54.23,21.07,38.93,0.1895,439,38.56,8.04,15.56,0.93,2,92.9,21.02,59.7,67.21,20.02,0,0.0,0.0,5.29
2026-09-11T12:00:00+00:00,cow_06,52.78,19.19,40.81,0.1678,427,38.35,8.61,17.66,0.62,3,92.9,21.02,59.7,67.21,20.02,0,0.0,0.0,5.25
2026-09-11T12:00:00+00:00,cow_07,31.71,31.04,28.96,0.1438,312,39.27,7.63,12.48,0.68,3,92.9,21.02,59.7,67.21,20.02,0,0.0,0.0,6.13
2026-09-11T12:00:00+00:00,cow_08,43.38,26.55,33.45,0.1526,342,38.64,10.07,18.89,0.84,3,92.9,21.02,59.7,67.21,20.02,0,0.0,0.0,5.02
2026-09-11T12:00:00+00:00,cow_09,44.33,21.86,38.14,0.1556,358,38.34,6.35,18.2,0.56,2,92.9,21.02,59.7,67.21,20.02,0,0.0,0.0,5.02
2026-09-11T12:00:00+00:00,cow_10,43.37,22.61,37.39,0.1689,336,38.62,8.39,19.77,0.83,3,92.9,21.02,59.7,67.21,20.02,0,0.0,0.0,5.16
2026-09-11T12:00:00+00:00,cow_11,53.17,22.89,37.11,0.1633,430,38.4,9.81,18.99,0.85,2,92.9,21.02,59.7,67.21,20.02,0,0.0,0.0,5.21
2026-09-11T12:00:00+00:00,cow_12,49.3,21.16,38.84,0.1655,398,38.38,9.91,18.8,0.86,3,92.9,21.02,59.7,67.21,20.02,0,0.0,0.0,5.17
2026-09-11T12:00:00+00:00,cow_13,49.15,22.38,37.62,0.1647,386,38.57,9.67,20.36,0.88,2,92.9,21.02,59.7,67.21,20.02,0,0.0,0.0,5.22
2026-09-11T12:00:00+00:00,cow_14,51.57,24.38,35.62,0.1577,410,38.59,8.45,18.63,0.77,2,92.9,21.02,59.7,67.21,20.02,0,0.0,0.0,5.15
2026-09-11T12:00:00+00:00,cow_15,40.13,22.92,37.08,0.1405,315,38.4,11.0,17.5,0.97,3,92.9,21.02,59.7,67.21,20.02,0,0.0,0.0,5.18
2026-09-11T12:00:00+00:00,cow_16,46.81,24.35,35.65,0.1581,377,38.65,6.17,15.46,0.58,2,92.9,21.02,59.7,67.21,20.02,0,0.0,0.0,5.02
2026-09-11T13:00:00+00:00,cow_01,47.53,25.09,34.91,0.164,399,38.59,6.3,15.32,0.47,0,90.5,21.1,57.4,67.17,20.1,0,0.0,0.0,5.22
2026-09-11T13:00:00+00:00,cow_02,52.89,23.63,36.37,0.1716,407,38.67,6.29,19.49,0.85,2,90.5,21.1,57.4,67.17,20.1,0,0.0,0.0,5.21
2026-09-11T13:00:00+00:00,cow_03,42.85,20.1,39.9,0.1587,328,38.54,7.9,17.91,0.64,1,90.5,21.1,57.4,67.17,20.1,0,0.0,0.0,5.33
2026-09-11T13:00:00+00:00,cow_04,43.86,23.66,36.34,0.1448,346,38.59,6.27,21.37,0.55,1,90.5,21.1,57.4,67.17,20.1,0,0.0,0.0,5.23
2026-09-11T13:00:00+00:00,cow_05,54.25,19.88,40.12,0.1708,437,38.62,6.81,16.06,0.91,2,90.5,21.1,57.4,67.17,20.1,0,0.0,0.0,5.14
2026-09-11T13:00:00+00:00,cow_06,54.88,24.98,35.02,0.1821,457,38.41,8.76,18.12,0.75,3,90.5,21.1,57.4,67.17,20.1,0,0.0,0.0,5.11
2026-09-11T13:00:00+00:00,cow_07,35.98,32.8,27.2,0.156,350,39.3,6.93,12.2,0.56,3,90.5,21.1,57.4,67.17,20.1,0,0.0,0.0,6.04
2026-09-11T13:00:00+00:00,cow_08,43.69,25.67,34.33,0.1439,326,38.62,10.06,19.33,0.76,3,90.5,21.1,57.4,67.17,20.1,0,0.0,0.0,5.26
2026-09-11T13:00:00+00:00,cow_09,43.89,22.08,37.92,0.1657,386,38.47,7.75,15.48,0.73,2,90.5,21.1,57.4,67.17,20.1,0,0.0,0.0,5.19
2026-09-11T13:00:00+00:00,cow_10,46.4,23.06,36.94,0.1536,384,38.55,4.8,18.16,0.44,1,90.5,21.1,57.4,67.17,20.1,0,0.0,0.0,5.23
2026-09-11T13:00:00+00:00,cow_11,51.13,22.03,37.97,0.1667,403,38.36,8.82,22.06,0.91,2,90.5,21.1,57.4,67.17,20.1,0,0.0,0.0,5.21
2026-09-11T13:00:00+00:00,cow_12,42.4,22.82,37.18,0.1655,337,38.41,10.17,16.47,0.81,2,90.5,21.1,57.4,67.17,20.1,0,0.0,0.0,5.12
2026-09-11T13:00:00+00:00,cow_13,48.84,21.43,38.57,0.1491,379,38.59,7.1,19.73,0.56,1,90.5,21.1,57.4,67.17,20.1,0,0.0,0.0,5.21
2026-09-11T13:00:00+00:00,cow_14,52.55,23.91,36.09,0.1674,402,38.55,9.4,16.88,0.83,3,90.5,21.1,57.4,67.17,20.1,0,0.0,0.0,5.25
2026-09-11T13:00:00+00:00,cow_15,39.22,22.08,37.92,0.1611,304,38.34,7.92,16.86,0.75,2,90.5,21.1,57.4,67.17,20.1,0,0.0,0.0,5.04
2026-09-11T13:00:00+00:00,cow_16,42.8,23.39,36.61,0.1769,342,38.7,6.12,14.85,0.48,2,90.5,21.1,57.4,67.17,20.1,0,0.0,0.0,5.13
2026-09-11T14:00:00+00:00,cow_01,50.1,25.6,34.4,0.1713,381,38.69,8.16,16.75,0.69,2,90.5,21.74,57.5,68.06,20.74,0,0.0,0.0,5.14
2026-09-11T14:00:00+00:00,cow_02,56.05,23.36,36.64,0.1663,433,38.72,7.03,19.39,0.98,2,90.5,21.74,57.5,68.06,20.74,0,0.0,0.0,5.26
2026-09-11T14:00:00+00:00,cow_03,44.82,21.86,38.14,0.1921,348,38.57,8.57,18.52,0.74,3,90.5,21.74,57.5,68.06,20.74,0,0.0,0.0,5.17
2026-09-11T14:00:00+00:00,cow_04,43.11,23.55,36.45,0.1699,326,38.52,8.01,19.35,0.76,2,90.5,21.74,57.5,68.06,20.74,0,0.0,0.0,5.29
2026-09-11T14:00:00+00:00,cow_05,46.97,19.32,40.68,0.1645,391,38.62,6.72,16.03,0.84,2,90.5,21.74,57.5,68.06,20.74,0,0.0,0.0,5.21
2026-09-11T14:00:00+00:00,cow_06,61.08,22.57,37.43,0.1862,489,38.53,8.34,13.8,0.61,1,90.5,21.74,57.5,68.06,20.74,0,0.0,0.0,5.24
2026-09-11T14:00:00+00:00,cow_07,31.48,29.89,30.11,0.1368,316,39.35,6.39,12.48,0.49,2,90.5,21.74,57.5,68.06,20.74,0,0.0,0.0,6.06
2026-09-11T14:00:00+00:00,cow_08,45.18,25.32,34.68,0.1589,354,38.7,10.91,18.94,0.96,4,90.5,21.74,57.5,68.06,20.74,0,0.0,0.0,5.23
2026-09-11T14:00:00+00:00,cow_09,45.3,20.54,39.46,0.1652,367,38.55,6.21,19.56,0.64,2,90.5,21.74,57.5,68.06,20.74,0,0.0,0.0,5.11
2026-09-11T14:00:00+00:00,cow_10,45.45,23.17,36.83,0.141,340,38.65,8.12,21.28,0.73,2,90.5,21.74,57.5,68.06,20.74,0,0.0,0.0,5.14
2026-09-11T14:00:00+00:00,cow_11,55.49,21.54,38.46,0.1663,451,38.4,9.63,19.15,0.88,3,90.5,21.74,57.5,68.06,20.74,0,0.0,0.0,5.18
2026-09-11T14:00:00+00:00,cow_12,43.01,20.68,39.32,0.1235,342,38.44,8.16,16.85,0.69,3,90.5,21.74,57.5,68.06,20.74,0,0.0,0.0,5.23
2026-09-11T14:00:00+00:00,cow_13,46.16,22.94,37.06,0.1741,394,38.63,6.85,19.44,0.53,2,90.5,21.74,57.5,68.06,20.74,0,0.0,0.0,5.22
2026-09-11T14:00:00+00:00,cow_14,53.08,27.2,32.8,0.1763,432,38.68,8.68,16.93,0.74,2,90.5,21.74,57.5,68.06,20.74,0,0.0,0.0,5.23
2026-09-11T14:00:00+00:00,cow_15,46.69,20.46,39.54,0.1617,387,38.49,8.31,16.4,0.73,2,90.5,21.74,57.5,68.06,20.74,0,0.0,0.0,5.2
2026-09-11T14:00:00+00:00,cow_16,47.45,23.4,36.6,0.1646,384,38.63,7.75,13.91,0.77,2,90.5,21.74,57.5,68.06,20.74,0,0.0,0.0,5.21
2026-09-11T15:00:00+00:00,cow_01,50.2,25.4,34.6,0.1803,370,38.67,7.85,15.33,0.65,2,91.9,21.38,55.4,67.43,20.38,0,0.0,0.0,5.19
2026-09-11T15:00:00+00:00,cow_02,55.74,27.42,32.58,0.1836,412,38.74,7.23,20.81,0.97,1,91.9,21.38,55.4,67.43,20.38,0,0.0,0.0,5.27
2026-09-11T15:00:00+00:00,cow_03,45.16,23.34,36.66,0.1768,359,38.62,9.19,17.33,0.9,3,91.9,21.38,55.4,67.43,20.38,0,0.0,0.0,5.15
2026-09-11T15:00:00+00:00,cow_04,44.88,23.58,36.42,0.18,368,38.61,9.22,18.37,0.74,3,91.9,21.38,55.4,67.43,20.38,0,0.0,0.0,5.17
2026-09-11T15:00:00+00:00,cow_05,58.27,21.5,38.5,0.192,456,38.73,7.09,15.43,0.9,1,91.9,21.38,55.4,67.43,20.38,0,0.0,0.0,5.18
2026-09-11T15:00:00+00:00,cow_06,56.3,20.03,39.97,0.1916,446,38.53,6.39,17.44,0.44,1,91.9,21.38,55.4,67.43,20.38,0,0.0,0.0,5.07
2026-09-11T15:00:00+00:00,cow_07,31.95,29.52,30.48,0.1499,336,39.29,6.85,12.43,0.58,2,91.9,21.38,55.4,67.43,20.38,0,0.0,0.0,6.2
2026-09-11T15:00:00+00:00,cow_08,50.08,22.93,37.07,0.1609,385,38.71,10.63,19.74,0.9,3,91.9,21.38,55.4,67.43,20.38,0,0.0,0.0,5.17
2026-09-11T15:00:00+00:00,cow_09,45.26,23.12,36.88,0.1674,329,38.5,7.38,18.14,0.7,2,91.9,21.38,55.4,67.43,20.38,0,0.0,0.0,5.16
2026-09-11T15:00:00+00:00,cow_10,50.06,24.09,35.91,0.1538,381,38.69,6.86,19.94,0.64,2,91.9,21.38,55.4,67.43,20.38,0,0.0,0.0,5.14
2026-09-11T15:00:00+00:00,cow_11,55.21,22.36,37.64,0.1725,456,38.4,9.22,16.75,0.81,3,91.9,21.38,55.4,67.43,20.38,0,0.0,0.0,5.11
2026-09-11T15:00:00+00:00,cow_12,40.33,23.47,36.53,0.1415,337,38.56,8.37,19.13,0.56,2,91.9,21.38,55.4,67.43,20.38,0,0.0,0.0,5.1
2026-09-11T15:00:00+00:00,cow_13,45.67,21.76,38.24,0.175,357,38.7,8.05,17.89,0.67,2,91.9,21.38,55.4,67.43,20.38,0,0.0,0.0,5.2
2026-09-11T15:00:00+00:00,cow_14,55.32,24.15,35.85,0.1775,454,38.64,7.44,18.42,0.62,2,91.9,21.38,55.4,67.43,20.38,0,0.0,0.0,5.15
2026-09-11T15:00:00+00:00,cow_15,39.98,18.56,41.44,0.1553,268,38.56,9.52,15.54,0.95,3,91.9,21.38,55.4,67.43,20.38,0,0.0,0.0,5.18
2026-09-11T15:00:00+00:00,cow_16,47.02,23.05,36.95,0.1798,355,38.7,8.21,16.6,0.8,3,91.9,21.38,55.4,67.43,20.38,0,0.0,0.0,5.22
2026-09-11T16:00:00+00:00,cow_01,65.9,18.07,41.93,0.1999,512,38.8,18.59,15.32,1.41,5,86.1,21.08,55.7,67.03,20.08,0,0.0,0.0,5.4
2026-09-11T16:00:00+00:00,cow_02,74.82,15.52,44.48,0.2146,597,38.72,16.93,19.48,2.14,4,86.1,21.08,55.7,67.03,20.08,0,0.0,0.0,5.29
2026-09-11T16:00:00+00:00,cow_03,61.34,14.37,45.63,0.1861,501,38.58,18.01,18.01,1.53,5,86.1,21.08,55.7,67.03,20.08,0,0.0,0.0,5.07
2026-09-11T16:00:00+00:00,cow_04,59.81,15.36,44.64,0.1664,467,38.66,16.99,18.32,1.44,5,86.1,21.08,55.7,67.03,20.08,0,0.0,0.0,5.23
2026-09-11T16:00:00+00:00,cow_05,68.37,13.38,46.62,0.2117,549,38.76,16.46,11.65,2.14,4,86.1,21.08,55.7,67.03,20.08,0,0.0,0.0,5.22
2026-09-11T16:00:00+00:00,cow_06,69.15,14.56,45.44,0.205,533,38.62,19.95,16.69,1.62,5,86.1,21.08,55.7,67.03,20.08,0,0.0,0.0,5.31
2026-09-11T16:00:00+00:00,cow_07,43.88,21.24,38.76,0.1932,460,39.47,16.34,13.9,1.34,5,86.1,21.08,55.7,67.03,20.08,0,0.0,0.0,5.97
2026-09-11T16:00:00+00:00,cow_08,56.37,16.67,43.33,0.1772,471,38.7,21.05,21.02,1.79,6,86.1,21.08,55.7,67.03,20.08,0,0.0,0.0,5.05
2026-09-11T16:00:00+00:00,cow_09,56.49,17.25,42.75,0.1749,448,38.62,17.51,14.98,1.66,4,86.1,21.08,55.7,67.03,20.08,0,0.0,0.0,5.16
2026-09-11T16:00:00+00:00,cow_10,64.17,14.35,45.65,0.2004,500,38.7,16.4,18.63,1.51,4,86.1,21.08,55.7,67.03,20.08,0,0.0,0.0,5.21
2026-09-11T16:00:00+00:00,cow_11,73.12,14.72,45.28,0.2104,587,38.51,19.91,19.49,1.95,6,86.1,21.08,55.7,67.03,20.08,0,0.0,0.0,5.21
2026-09-11T16:00:00+00:00,cow_12,55.72,15.1,44.9,0.1818,462,38.52,20.24,16.74,1.68,5,86.1,21.08,55.7,67.03,20.08,0,0.0,0.0,5.17
2026-09-11T16:00:00+00:00,cow_13,63.58,13.33,46.67,0.199,514,38.66,18.16,18.71,1.62,4,86.1,21.08,55.7,67.03,20.08,0,0.0,0.0,5.21
2026-09-11T16:00:00+00:00,cow_14,75.59,17.49,42.51,0.2278,610,38.68,19.59,18.36,1.74,6,86.1,21.08,55.7,67.03,20.08,0,0.0,0.0,5.2
2026-09-11T16:00:00+00:00,cow_15,53.76,14.36,45.64,0.1618,428,38.48,18.79,16.81,1.71,5,86.1,21.08,55.7,67.03,20.08,0,0.0,0.0,5.17
2026-09-11T16:00:00+00:00,cow_16,64.92,16.06,43.94,0.1816,521,38.83,15.76,15.17,1.57,4,86.1,21.08,55.7,67.03,20.08,0,0.0,0.0,5.11
2026-09-11T17:00:00+00:00,cow_01,66.19,18.87,41.13,0.1904,512,38.85,20.28,16.36,1.67,5,93.9,19.85,54.4,65.29,18.85,0,14.86,8.24,5.25
2026-09-11T17:00:00+00:00,cow_02,79.04,16.35,43.65,0.2298,632,38.78,15.08,19.15,1.87,4,93.9,19.85,54.4,65.29,18.85,0,15.77,7.56,5.26
2026-09-11T17:00:00+00:00,cow_03,60.12,14.09,45.91,0.179,493,38.57,18.25,18.22,1.6,5,93.9,19.85,54.4,65.29,18.85,0,16.59,7.53,5.36
2026-09-11T17:00:00+00:00,cow_04,60.45,18.34,41.66,0.1882,509,38.56,18.16,17.84,1.59,5,93.9,19.85,54.4,65.29,18.85,0,15.64,8.62,5.28
2026-09-11T17:00:00+00:00,cow_05,73.41,13.85,46.15,0.2208,592,38.71,17.71,15.01,2.25,4,93.9,19.85,54.4,65.29,18.85,0,16.63,7.66,5.18
2026-09-11T17:00:00+00:00,cow_06,71.34,16.08,43.92,0.2088,580,38.63,22.29,17.89,1.69,6,93.9,19.85,54.4,65.29,18.85,0,17.61,7.54,5.28
2026-09-11T17:00:00+00:00,cow_07,45.2,19.34,40.66,0.1708,482,39.47,15.72,12.41,1.42,5,93.9,19.85,54.4,65.29,18.85,0,11.96,7.83,6.14
2026-09-11T17:00:00+00:00,cow_08,59.58,16.55,43.45,0.1918,459,38.76,22.65,19.99,1.91,6,93.9,19.85,54.4,65.29,18.85,0,18.5,9.11,5.16
2026-09-11T17:00:00+00:00,cow_09,62.16,15.35,44.65,0.1901,488,38.65,18.6,15.23,1.64,5,93.9,19.85,54.4,65.29,18.85,0,17.41,6.74,5.13
2026-09-11T17:00:00+00:00,cow_10,59.5,14.07,45.93,0.1835,486,38.71,18.13,19.44,1.69,5,93.9,19.85,54.4,65.29,18.85,0,16.98,8.7,5.16
2026-09-11T17:00:00+00:00,cow_11,68.61,14.5,45.5,0.2083,520,38.52,23.88,18.51,2.19,6,93.9,19.85,54.4,65.29,18.85,0,16.68,7.0,5.34
2026-09-11T17:00:00+00:00,cow_12,56.99,13.23,46.77,0.1796,453,38.65,21.21,18.53,1.68,4,93.9,19.85,54.4,65.29,18.85,0,13.75,8.34,5.14
2026-09-11T17:00:00+00:00,cow_13,64.78,15.57,44.43,0.1537,489,38.81,21.4,18.18,1.93,5,93.9,19.85,54.4,65.29,18.85,0,14.6,7.91,5.17
2026-09-11T17:00:00+00:00,cow_14,74.87,15.33,44.67,0.2028,587,38.73,21.92,18.34,1.97,6,93.9,19.85,54.4,65.29,18.85,0,15.87,7.5,5.33
2026-09-11T17:00:00+00:00,cow_15,58.72,15.13,44.87,0.184,467,38.63,20.52,16.21,1.83,5,93.9,19.85,54.4,65.29,18.85,0,17.27,7.59,5.23
2026-09-11T17:00:00+00:00,cow_16,61.02,13.54,46.46,0.1795,475,38.73,18.15,18.18,1.74,4,93.9,19.85,54.4,65.29,18.85,0,14.24,7.71,5.27
2026-09-11T18:00:00+00:00,cow_01,64.44,19.31,40.69,0.2073,523,38.78,20.38,15.26,1.6,5,90.7,19.74,51.6,65.0,18.74,0,0.0,0.0,5.37
2026-09-11T18:00:00+00:00,cow_02,74.7,16.34,43.66,0.1987,584,38.81,16.13,21.75,2.05,4,90.7,19.74,51.6,65.0,18.74,0,0.0,0.0,5.16
2026-09-11T18:00:00+00:00,cow_03,61.34,14.09,45.91,0.1731,500,38.63,18.89,17.22,1.64,3,90.7,19.74,51.6,65.0,18.74,0,0.0,0.0,5.07
2026-09-11T18:00:00+00:00,cow_04,59.02,18.7,41.3,0.1769,466,38.76,19.36,19.15,1.67,4,90.7,19.74,51.6,65.0,18.74,0,0.0,0.0,5.07
2026-09-11T18:00:00+00:00,cow_05,67.21,13.85,46.15,0.213,538,38.73,16.4,17.23,2.09,4,90.7,19.74,51.6,65.0,18.74,0,0.0,0.0,5.16
2026-09-11T18:00:00+00:00,cow_06,69.34,16.27,43.73,0.208,569,38.61,22.65,16.04,1.68,6,90.7,19.74,51.6,65.0,18.74,0,0.0,0.0,5.18
2026-09-11T18:00:00+00:00,cow_07,45.11,20.22,39.78,0.1793,447,39.42,16.61,13.6,1.57,5,90.7,19.74,51.6,65.0,18.74,0,0.0,0.0,6.2
2026-09-11T18:00:00+00:00,cow_08,61.24,18.51,41.49,0.1895,485,38.8,23.88,21.24,2.0,6,90.7,19.74,51.6,65.0,18.74,0,0.0,0.0,5.18
2026-09-11T18:00:00+00:00,cow_09,63.09,13.16,46.84,0.205,506,38.5,19.67,14.87,1.78,4,90.7,19.74,51.6,65.0,18.74,0,0.0,0.0,5.3
2026-09-11T18:00:00+00:00,cow_10,62.88,13.47,46.53,0.1993,486,38.77,16.85,19.01,1.45,5,90.7,19.74,51.6,65.0,18.74,0,0.0,0.0,5.32
2026-09-11T18:00:00+00:00,cow_11,75.75,16.09,43.91,0.2146,631,38.51,18.86,19.8,1.67,5,90.7,19.74,51.6,65.0,18.74,0,0.0,0.0,5.09
2026-09-11T18:00:00+00:00,cow_12,59.9,14.36,45.64,0.1918,500,38.57,23.12,17.97,1.83,6,90.7,19.74,51.6,65.0,18.74,0,0.0,0.0,5.31
2026-09-11T18:00:00+00:00,cow_13,63.25,13.06,46.94,0.1944,483,38.79,19.55,17.34,1.71,6,90.7,19.74,51.6,65.0,18.74,0,0.0,0.0,5.17
2026-09-11T18:00:00+00:00,cow_14,70.96,17.58,42.42,0.2241,558,38.81,20.82,19.72,1.88,5,90.7,19.74,51.6,65.0,18.74,0,0.0,0.0,5.22
2026-09-11T18:00:00+00:00,cow_15,55.25,14.89,45.11,0.1712,431,38.65,20.12,17.07,1.81,5,90.7,19.74,51.6,65.0,18.74,0,0.0,0.0,5.17
2026-09-11T18:00:00+00:00,cow_16,60.61,14.69,45.31,0.1805,464,38.8,16.13,17.62,1.5,4,90.7,19.74,51.6,65.0,18.74,0,0.0,0.0,5.26
2026-09-11T19:00:00+00:00,cow_01,65.95,19.06,40.94,0.2083,518,38.79,19.9,15.53,1.54,5,85.4,18.05,53.0,62.81,17.05,0,0.0,0.0,5.31
2026-09-11T19:00:00+00:00,cow_02,73.15,15.61,44.39,0.203,599,38.82,15.66,21.3,1.96,4,85.4,18.05,53.0,62.81,17.05,0,0.0,0.0,5.17
2026-09-11T19:00:00+00:00,cow_03,60.8,15.65,44.35,0.1845,476,38.73,18.56,17.51,1.51,5,85.4,18.05,53.0,62.81,17.05,0,0.0,0.0,5.21
2026-09-11T19:00:00+00:00,cow_04,59.31,14.02,45.98,0.1804,461,38.6,16.75,16.72,1.44,4,85.4,18.05,53.0,62.81,17.05,0,0.0,0.0,5.26
2026-09-11T19:00:00+00:00,cow_05,65.34,16.24,43.76,0.206,506,38.77,14.86,16.27,1.98,4,85.4,18.05,53.0,62.81,17.05,0,0.0,0.0,5.14
2026-09-11T19:00:00+00:00,cow_06,74.45,17.57,42.43,0.2192,610,38.66,19.12,17.09,1.4,4,85.4,18.05,53.0,62.81,17.05,0,0.0,0.0,5.13
2026-09-11T19:00:00+00:00,cow_07,44.8,20.57,39.43,0.1807,455,39.52,14.88,13.19,1.34,5,85.4,18.05,53.0,62.81,17.05,0,0.0,0.0,6.07
2026-09-11T19:00:00+00:00,cow_08,63.06,18.18,41.82,0.1997,527,38.86,22.28,18.92,1.88,6,85.4,18.05,53.0,62.81,17.05,0,0.0,0.0,5.12
2026-09-11T19:00:00+00:00,cow_09,63.33,16.89,43.11,0.1949,524,38.64,15.43,15.97,1.45,4,85.4,18.05,53.0,62.81,17.05,0,0.0,0.0,5.3
2026-09-11T19:00:00+00:00,cow_10,65.16,13.31,46.69,0.1918,532,38.67,14.11,18.26,1.34,3,85.4,18.05,53.0,62.81,17.05,0,0.0,0.0,5.24
2026-09-11T19:00:00+00:00,cow_11,73.39,14.73,45.27,0.2056,599,38.53,19.66,19.68,1.79,4,85.4,18.05,53.0,62.81,17.05,0,0.0,0.0,5.03
2026-09-11T19:00:00+00:00,cow_12,59.97,16.57,43.43,0.1845,460,38.62,21.38,16.43,1.74,4,85.4,18.05,53.0,62.81,17.05,0,0.0,0.0,5.11
2026-09-11T19:00:00+00:00,cow_13,63.69,16.78,43.22,0.2094,524,38.89,18.92,18.32,1.76,5,85.4,18.05,53.0,62.81,17.05,0,0.0,0.0,5.27
2026-09-11T19:00:00+00:00,cow_14,73.64,18.86,41.14,0.216,588,38.8,20.09,18.46,1.75,5,85.4,18.05,53.0,62.81,17.05,0,0.0,0.0,5.27
2026-09-11T19:00:00+00:00,cow_15,57.78,13.53,46.47,0.1964,444,38.56,18.9,13.63,1.8,5,85.4,18.05,53.0,62.81,17.05,0,0.0,0.0,5.32
2026-09-11T19:00:00+00:00,cow_16,66.59,15.4,44.6,0.2134,516,38.84,15.62,16.46,1.57,4,85.4,18.05,53.0,62.81,17.05,0,0.0,0.0,5.24
2026-09-11T20:00:00+00:00,cow_01,52.03,27.74,32.26,0.1831,444,38.87,5.87,15.42,0.54,1,89.9,18.38,52.2,63.22,17.38,0,0.0,0.0,5.3
2026-09-11T20:00:00+00:00,cow_02,57.79,26.58,33.42,0.1797,434,38.8,5.11,18.87,0.53,1,89.9,18.38,52.2,63.22,17.38,0,0.0,0.0,5.23
2026-09-11T20:00:00+00:00,cow_03,46.14,23.26,36.74,0.1663,359,38.75,8.7,17.06,0.75,2,89.9,18.38,52.2,63.22,17.38,0,0.0,0.0,5.3
2026-09-11T20:00:00+00:00,cow_04,44.33,23.61,36.39,0.1398,356,38.72,6.62,17.75,0.61,2,89.9,18.38,52.2,63.22,17.38,0,0.0,0.0,5.22
2026-09-11T20:00:00+00:00,cow_05,54.73,21.98,38.02,0.1926,424,38.79,7.07,14.12,0.99,2,89.9,18.38,52.2,63.22,17.38,0,0.0,0.0,5.23
2026-09-11T20:00:00+00:00,cow_06,53.71,24.06,35.94,0.1741,425,38.63,8.53,16.51,0.61,2,89.9,18.38,52.2,63.22,17.38,0,0.0,0.0,5.19
2026-09-11T20:00:00+00:00,cow_07,34.24,29.09,30.91,0.1464,327,39.44,7.02,13.31,0.57,2,89.9,18.38,52.2,63.22,17.38,0,0.0,0.0,6.14
2026-09-11T20:00:00+00:00,cow_08,49.55,28.99,31.01,0.1798,406,38.86,8.45,17.73,0.64,2,89.9,18.38,52.2,63.22,17.38,0,0.0,0.0,5.14
2026-09-11T20:00:00+00:00,cow_09,45.4,20.14,39.86,0.1643,351,38.54,6.6,16.18,0.61,1,89.9,18.38,52.2,63.22,17.38,0,0.0,0.0,5.13
2026-09-11T20:00:00+00:00,cow_10,45.7,16.64,43.36,0.1585,366,38.74,7.08,19.87,0.7,2,89.9,18.38,52.2,63.22,17.38,0,0.0,0.0,5.15
2026-09-11T20:00:00+00:00,cow_11,52.03,21.0,39.0,0.1797,420,38.56,9.9,16.97,0.9,3,89.9,18.38,52.2,63.22,17.38,0,0.0,0.0,5.27
2026-09-11T20:00:00+00:00,cow_12,46.08,23.06,36.94,0.1506,384,38.58,8.48,16.77,0.66,2,89.9,18.38,52.2,63.22,17.38,0,0.0,0.0,5.24
2026-09-11T20:00:00+00:00,cow_13,48.01,23.58,36.42,0.1693,387,38.77,7.63,18.95,0.69,2,89.9,18.38,52.2,63.22,17.38,0,0.0,0.0,5.24
2026-09-11T20:00:00+00:00,cow_14,59.2,25.12,34.88,0.1799,485,38.74,9.05,17.97,0.8,2,89.9,18.38,52.2,63.22,17.38,0,0.0,0.0,5.21
2026-09-11T20:00:00+00:00,cow_15,41.15,20.65,39.35,0.1376,327,38.72,5.81,13.97,0.53,2,89.9,18.38,52.2,63.22,17.38,0,0.0,0.0,5.09
2026-09-11T20:00:00+00:00,cow_16,46.53,22.61,37.39,0.1577,377,38.78,8.15,13.33,0.79,2,89.9,18.38,52.2,63.22,17.38,0,0.0,0.0,5.19
2026-09-11T21:00:00+00:00,cow_01,51.26,24.98,35.02,0.1734,421,38.81,7.82,15.58,0.6,2,87.4,16.89,52.8,61.26,15.89,0,0.0,0.0,5.05
2026-09-11T21:00:00+00:00,cow_02,54.96,24.57,35.43,0.1832,460,38.85,6.76,19.46,0.86,2,87.4,16.89,52.8,61.26,15.89,0,0.0,0.0,5.23
2026-09-11T21:00:00+00:00,cow_03,43.97,20.47,39.53,0.1586,369,38.69,7.79,17.64,0.7,2,87.4,16.89,52.8,61.26,15.89,0,0.0,0.0,5.2
2026-09-11T21:00:00+00:00,cow_04,42.96,23.79,36.21,0.1531,367,38.71,7.62,19.55,0.62,2,87.4,16.89,52.8,61.26,15.89,0,0.0,0.0,5.21
2026-09-11T21:00:00+00:00,cow_05,52.51,20.1,39.9,0.1676,392,38.75,6.26,14.78,0.79,2,87.4,16.89,52.8,61.26,15.89,0,0.0,0.0,5.24
2026-09-11T21:00:00+00:00,cow_06,56.35,23.32,36.68,0.1884,454,38.63,9.14,18.0,0.63,2,87.4,16.89,52.8,61.26,15.89,0,0.0,0.0,5.06
2026-09-11T21:00:00+00:00,cow_07,30.09,28.91,31.09,0.1471,297,39.4,7.18,11.88,0.64,2,87.4,16.89,52.8,61.26,15.89,0,0.0,0.0,6.07
2026-09-11T21:00:00+00:00,cow_08,46.04,24.98,35.02,0.1646,372,38.76,9.4,17.98,0.75,2,87.4,16.89,52.8,61.26,15.89,0,0.0,0.0,5.27
2026-09-11T21:00:00+00:00,cow_09,39.41,22.81,37.19,0.1543,316,38.62,6.91,17.77,0.62,1,87.4,16.89,52.8,61.26,15.89,0,0.0,0.0,5.19
2026-09-11T21:00:00+00:00,cow_10,49.71,22.97,37.03,0.1876,393,38.75,6.45,17.78,0.57,1,87.4,16.89,52.8,61.26,15.89,0,0.0,0.0,5.02
2026-09-11T21:00:00+00:00,cow_11,52.91,21.88,38.12,0.1815,414,38.57,9.6,16.71,0.89,3,87.4,16.89,52.8,61.26,15.89,0,0.0,0.0,5.14
2026-09-11T21:00:00+00:00,cow_12,39.35,25.16,34.84,0.1588,327,38.63,9.35,14.96,0.72,3,87.4,16.89,52.8,61.26,15.89,0,0.0,0.0,5.09
2026-09-11T21:00:00+00:00,cow_13,46.14,22.92,37.08,0.1552,369,38.83,8.38,18.59,0.71,2,87.4,16.89,52.8,61.26,15.89,0,0.0,0.0,5.23
2026-09-11T21:00:00+00:00,cow_14,54.14,24.69,35.31,0.1808,446,38.78,8.55,16.77,0.82,2,87.4,16.89,52.8,61.26,15.89,0,0.0,0.0,5.18
2026-09-11T21:00:00+00:00,cow_15,41.13,18.67,41.33,0.1576,326,38.61,7.89,17.54,0.76,1,87.4,16.89,52.8,61.26,15.89,0,0.0,0.0,5.34
2026-09-11T21:00:00+00:00,cow_16,45.39,23.73,36.27,0.1635,364,38.85,8.25,16.56,0.79,2,87.4,16.89,52.8,61.26,15.89,0,0.0,0.0,5.15
2026-09-11T22:00:00+00:00,cow_01,23.66,38.43,21.57,0.1249,178,38.85,2.74,22.37,0.27,1,87.0,16.54,53.4,60.8,15.54,0,0.0,0.0,5.14
2026-09-11T22:00:00+00:00,cow_02,33.88,36.22,23.78,0.1078,275,38.7,4.06,27.85,0.55,1,87.0,16.54,53.4,60.8,15.54,0,0.0,0.0,5.06
2026-09-11T22:00:00+00:00,cow_03,25.69,31.71,28.29,0.1222,212,38.64,0.49,24.77,0.08,0,87.0,16.54,53.4,60.8,15.54,0,0.0,0.0,5.14
2026-09-11T22:00:00+00:00,cow_04,23.83,36.9,23.1,0.1402,207,38.79,3.43,26.64,0.24,0,87.0,16.54,53.4,60.8,15.54,0,0.0,0.0,5.16
2026-09-11T22:00:00+00:00,cow_05,28.79,35.69,24.31,0.1296,232,38.78,2.31,24.12,0.36,1,87.0,16.54,53.4,60.8,15.54,0,0.0,0.0,5.15
2026-09-11T22:00:00+00:00,cow_06,28.81,34.16,25.84,0.1247,244,38.58,4.11,25.07,0.25,2,87.0,16.54,53.4,60.8,15.54,0,0.0,0.0,5.09
2026-09-11T22:00:00+00:00,cow_07,21.71,46.82,13.18,0.1518,181,39.48,2.02,17.11,0.21,0,87.0,16.54,53.4,60.8,15.54,0,0.0,0.0,6.23
2026-09-11T22:00:00+00:00,cow_08,22.4,36.05,23.95,0.1129,187,38.86,1.82,27.59,0.17,1,87.0,16.54,53.4,60.8,15.54,0,0.0,0.0,5.34
2026-09-11T22:00:00+00:00,cow_09,23.16,31.91,28.09,0.1224,182,38.64,2.25,24.24,0.19,0,87.0,16.54,53.4,60.8,15.54,0,0.0,0.0,5.21
2026-09-11T22:00:00+00:00,cow_10,29.19,34.81,25.19,0.1174,228,38.73,2.63,26.59,0.09,0,87.0,16.54,53.4,60.8,15.54,0,0.0,0.0,5.17
2026-09-11T22:00:00+00:00,cow_11,28.27,33.04,26.96,0.1261,222,38.62,3.83,25.65,0.39,1,87.0,16.54,53.4,60.8,15.54,0,0.0,0.0,5.31
2026-09-11T22:00:00+00:00,cow_12,25.43,37.6,22.4,0.1328,179,38.68,3.63,26.42,0.22,1,87.0,16.54,53.4,60.8,15.54,0,0.0,0.0,5.28
2026-09-11T22:00:00+00:00,cow_13,22.34,35.32,24.68,0.1231,178,38.79,0.61,26.84,0.09,0,87.0,16.54,53.4,60.8,15.54,0,0.0,0.0,5.2
2026-09-11T22:00:00+00:00,cow_14,28.11,36.77,23.23,0.1122,234,38.75,1.81,26.0,0.2,0,87.0,16.54,53.4,60.8,15.54,0,0.0,0.0,5.3
2026-09-11T22:00:00+00:00,cow_15,27.28,31.27,28.73,0.118,184,38.55,2.12,21.53,0.15,1,87.0,16.54,53.4,60.8,15.54,0,0.0,0.0,5.22
2026-09-11T22:00:00+00:00,cow_16,23.39,36.73,23.27,0.1086,194,38.79,2.25,22.42,0.28,1,87.0,16.54,53.4,60.8,15.54,0,0.0,0.0,5.29
2026-09-11T23:00:00+00:00,cow_01,23.22,36.74,23.26,0.1078,190,38.81,1.64,21.17,0.12,0,87.9,15.12,53.5,58.9,14.12,0,0.0,0.0,5.22
2026-09-11T23:00:00+00:00,cow_02,28.31,36.01,23.99,0.1466,208,38.77,2.5,26.26,0.36,0,87.9,15.12,53.5,58.9,14.12,0,0.0,0.0,5.25
2026-09-11T23:00:00+00:00,cow_03,24.81,31.1,28.9,0.1315,185,38.64,3.07,23.03,0.24,1,87.9,15.12,53.5,58.9,14.12,0,0.0,0.0,5.03
2026-09-11T23:00:00+00:00,cow_04,27.87,31.82,28.18,0.1232,227,38.7,2.68,26.37,0.21,1,87.9,15.12,53.5,58.9,14.12,0,0.0,0.0,5.26
2026-09-11T23:00:00+00:00,cow_05,31.25,31.6,28.4,0.113,265,38.76,2.31,21.31,0.28,0,87.9,15.12,53.5,58.9,14.12,0,0.0,0.0,5.2
2026-09-11T23:00:00+00:00,cow_06,27.37,35.25,24.75,0.1496,210,38.51,2.48,24.62,0.21,1,87.9,15.12,53.5,58.9,14.12,0,0.0,0.0,5.27
2026-09-11T23:00:00+00:00,cow_07,14.95,43.31,16.69,0.118,144,39.52,1.31,18.54,0.09,1,87.9,15.12,53.5,58.9,14.12,0,0.0,0.0,6.04
2026-09-11T23:00:00+00:00,cow_08,26.12,40.54,19.46,0.1296,237,38.75,2.9,27.98,0.2,1,87.9,15.12,53.5,58.9,14.12,0,0.0,0.0,5.25
2026-09-11T23:00:00+00:00,cow_09,26.2,35.03,24.97,0.1185,213,38.5,1.54,23.72,0.2,1,87.9,15.12,53.5,58.9,14.12,0,0.0,0.0,5.2
2026-09-11T23:00:00+00:00,cow_10,27.36,34.72,25.28,0.1329,210,38.67,1.88,25.46,0.2,1,87.9,15.12,53.5,58.9,14.12,0,0.0,0.0,5.25
2026-09-11T23:00:00+00:00,cow_11,25.37,32.39,27.61,0.1258,181,38.56,3.16,27.53,0.39,0,87.9,15.12,53.5,58.9,14.12,0,0.0,0.0,5.19
2026-09-11T23:00:00+00:00,cow_12,23.49,33.43,26.57,0.1233,186,38.62,4.09,25.5,0.3,1,87.9,15.12,53.5,58.9,14.12,0,0.0,0.0,5.36
2026-09-11T23:00:00+00:00,cow_13,28.1,34.86,25.14,0.1289,249,38.77,0.83,27.24,0.01,0,87.9,15.12,53.5,58.9,14.12,0,0.0,0.0,5.31
2026-09-11T23:00:00+00:00,cow_14,25.2,36.07,23.93,0.134,194,38.75,3.07,25.63,0.24,0,87.9,15.12,53.5,58.9,14.12,0,0.0,0.0,5.23
2026-09-11T23:00:00+00:00,cow_15,19.4,34.08,25.92,0.1145,150,38.6,0.79,23.25,0.09,0,87.9,15.12,53.5,58.9,14.12,0,0.0,0.0,5.16
2026-09-11T23:00:00+00:00,cow_16,24.1,37.19,22.81,0.1325,182,38.85,2.93,22.65,0.31,0,87.9,15.12,53.5,58.9,14.12,0,0.0,0.0,5.32
2026-09-12T00:00:00+00:00,cow_01,28.5,41.49,18.51,0.1467,245,38.72,3.42,24.99,0.35,1,88.1,15.35,55.2,59.23,14.35,0,0.0,0.0,5.32
2026-09-12T00:00:00+00:00,cow_02,31.44,36.71,23.29,0.135,231,38.79,1.97,27.68,0.29,0,88.1,15.35,55.2,59.23,14.35,0,0.0,0.0,5.28
2026-09-12T00:00:00+00:00,cow_03,24.51,33.18,26.82,0.0931,199,38.57,2.16,23.35,0.16,0,88.1,15.35,55.2,59.23,14.35,0,0.0,0.0,5.24
2026-09-12T00:00:00+00:00,cow_04,28.25,34.36,25.64,0.127,222,38.69,2.88,24.89,0.22,1,88.1,15.35,55.2,59.23,14.35,0,0.0,0.0,5.19
2026-09-12T00:00:00+00:00,cow_05,26.97,31.98,28.02,0.1315,221,38.71,3.07,22.55,0.34,1,88.1,15.35,55.2,59.23,14.35,0,0.0,0.0,5.19
2026-09-12T00:00:00+00:00,cow_06,29.86,32.95,27.05,0.1284,252,38.51,2.31,25.76,0.17,2,88.1,15.35,55.2,59.23,14.35,0,0.0,0.0,5.33
2026-09-12T00:00:00+00:00,cow_07,12.25,47.21,12.79,0.1132,139,39.89,2.26,13.44,0.23,2,88.1,15.35,55.2,59.23,14.35,0,0.0,0.0,6.49
2026-09-12T00:00:00+00:00,cow_08,23.79,38.45,21.55,0.1354,213,38.74,2.35,28.19,0.19,1,88.1,15.35,55.2,59.23,14.35,0,0.0,0.0,5.28
2026-09-12T00:00:00+00:00,cow_09,25.71,33.76,26.24,0.1132,214,38.59,3.02,22.28,0.32,0,88.1,15.35,55.2,59.23,14.35,0,0.0,0.0,5.01
2026-09-12T00:00:00+00:00,cow_10,25.85,32.22,27.78,0.1265,188,38.68,0.48,25.6,0.06,1,88.1,15.35,55.2,59.23,14.35,0,0.0,0.0,5.18
2026-09-12T00:00:00+00:00,cow_11,29.86,34.54,25.46,0.1378,245,38.56,2.32,24.9,0.23,0,88.1,15.35,55.2,59.23,14.35,0,0.0,0.0,5.04
2026-09-12T00:00:00+00:00,cow_12,22.54,36.2,23.8,0.1227,201,38.59,2.24,17.47,0.16,0,88.1,15.35,55.2,59.23,14.35,0,0.0,0.0,5.16
2026-09-12T00:00:00+00:00,cow_13,25.25,34.5,25.5,0.1476,184,38.82,1.96,26.1,0.23,0,88.1,15.35,55.2,59.23,14.35,0,0.0,0.0,5.13
2026-09-12T00:00:00+00:00,cow_14,30.9,38.12,21.88,0.1303,274,38.67,1.07,23.15,0.03,0,88.1,15.35,55.2,59.23,14.35,0,0.0,0.0,5.31
2026-09-12T00:00:00+00:00,cow_15,18.78,35.23,24.77,0.1067,141,38.49,2.0,23.17,0.18,1,88.1,15.35,55.2,59.23,14.35,0,0.0,0.0,5.03
2026-09-12T00:00:00+00:00,cow_16,24.89,35.58,24.42,0.124,194,38.73,3.23,22.62,0.3,1,88.1,15.35,55.2,59.23,14.35,0,0.0,0.0,5.27
2026-09-12T01:00:00+00:00,cow_01,25.89,35.55,24.45,0.1235,198,38.59,4.74,22.08,0.27,1,92.3,14.07,56.9,57.48,13.07,0,0.0,0.0,5.33
2026-09-12T01:00:00+00:00,cow_02,35.49,36.35,23.65,0.1448,302,38.69,2.56,28.43,0.28,1,92.3,14.07,56.9,57.48,13.07,0,0.0,0.0,5.13
2026-09-12T01:00:00+00:00,cow_03,23.12,33.38,26.62,0.131,195,38.58,2.85,25.48,0.25,0,92.3,14.07,56.9,57.48,13.07,0,0.0,0.0,5.15
2026-09-12T01:00:00+00:00,cow_04,26.6,32.8,27.2,0.1122,208,38.59,3.36,24.56,0.31,1,92.3,14.07,56.9,57.48,13.07,0,0.0,0.0,5.13
2026-09-12T01:00:00+00:00,cow_05,28.52,29.01,30.99,0.1401,240,38.67,0.91,22.79,0.1,0,92.3,14.07,56.9,57.48,13.07,0,0.0,0.0,5.26
2026-09-12T01:00:00+00:00,cow_06,33.12,36.12,23.88,0.1269,236,38.5,3.23,23.11,0.17,1,92.3,14.07,56.9,57.48,13.07,0,0.0,0.0,5.17
2026-09-12T01:00:00+00:00,cow_07,16.97,49.3,10.7,0.1233,198,39.8,1.56,13.73,0.15,1,92.3,14.07,56.9,57.48,13.07,0,0.0,0.0,6.56
2026-09-12T01:00:00+00:00,cow_08,29.39,39.49,20.51,0.1355,244,38.77,2.49,27.63,0.26,0,92.3,14.07,56.9,57.48,13.07,0,0.0,0.0,5.2
2026-09-12T01:00:00+00:00,cow_09,21.96,32.58,27.42,0.116,162,38.5,2.71,24.45,0.21,0,92.3,14.07,56.9,57.48,13.07,0,0.0,0.0,5.27
2026-09-12T01:00:00+00:00,cow_10,24.72,35.17,24.83,0.1172,203,38.69,0.0,27.46,0.07,0,92.3,14.07,56.9,57.48,13.07,0,0.0,0.0,5.23
2026-09-12T01:00:00+00:00,cow_11,27.8,33.89,26.11,0.1546,189,38.47,3.63,27.36,0.27,1,92.3,14.07,56.9,57.48,13.07,0,0.0,0.0,5.15
2026-09-12T01:00:00+00:00,cow_12,18.14,34.32,25.68,0.1055,173,38.48,1.82,17.64,0.13,0,92.3,14.07,56.9,57.48,13.07,0,0.0,0.0,5.28
2026-09-12T01:00:00+00:00,cow_13,25.02,34.28,25.72,0.1236,200,38.71,3.47,26.58,0.28,1,92.3,14.07,56.9,57.48,13.07,0,0.0,0.0,5.15
2026-09-12T01:00:00+00:00,cow_14,29.19,35.84,24.16,0.143,221,38.72,2.73,25.59,0.2,0,92.3,14.07,56.9,57.48,13.07,0,0.0,0.0,5.07
2026-09-12T01:00:00+00:00,cow_15,29.58,31.79,28.21,0.1442,217,38.51,3.01,26.89,0.26,0,92.3,14.07,56.9,57.48,13.07,0,0.0,0.0,5.23
2026-09-12T01:00:00+00:00,cow_16,22.98,35.49,24.51,0.1208,172,38.74,2.4,22.97,0.32,0,92.3,14.07,56.9,57.48,13.07,0,0.0,0.0,5.17
2026-09-12T02:00:00+00:00,cow_01,25.58,37.62,22.38,0.1321,212,38.61,2.02,21.84,0.19,0,92.1,13.96,58.5,57.33,12.96,0,0.0,0.0,5.19
2026-09-12T02:00:00+00:00,cow_02,30.14,35.77,24.23,0.1515,230,38.65,2.45,26.91,0.29,1,92.1,13.96,58.5,57.33,12.96,0,0.0,0.0,5.26
2026-09-12T02:00:00+00:00,cow_03,27.96,32.93,27.07,0.1226,211,38.61,2.88,23.21,0.22,0,92.1,13.96,58.5,57.33,12.96,0,0.0,0.0,5.19
2026-09-12T02:00:00+00:00,cow_04,25.53,36.34,23.66,0.1368,204,38.53,2.95,24.19,0.21,1,92.1,13.96,58.5,57.33,12.96,0,0.0,0.0,5.27
2026-09-12T02:00:00+00:00,cow_05,31.58,32.07,27.93,0.1498,246,38.61,2.54,23.36,0.37,1,92.1,13.96,58.5,57.33,12.96,0,0.0,0.0,5.24
2026-09-12T02:00:00+00:00,cow_06,32.61,34.15,25.85,0.1419,302,38.52,2.72,25.2,0.16,1,92.1,13.96,58.5,57.33,12.96,0,0.0,0.0,5.18
2026-09-12T02:00:00+00:00,cow_07,14.69,52.67,7.33,0.1236,181,39.77,1.07,14.5,0.08,0,92.1,13.96,58.5,57.33,12.96,0,0.0,0.0,6.66
2026-09-12T02:00:00+00:00,cow_08,24.06,36.26,23.74,0.1233,192,38.72,3.06,26.23,0.29,0,92.1,13.96,58.5,57.33,12.96,0,0.0,0.0,5.26
2026-09-12T02:00:00+00:00,cow_09,26.77,29.6,30.4,0.1207,221,38.47,3.67,25.43,0.39,0,92.1,13.96,58.5,57.33,12.96,0,0.0,0.0,5.19
2026-09-12T02:00:00+00:00,cow_10,27.84,33.9,26.1,0.1289,241,38.63,1.95,24.99,0.27,1,92.1,13.96,58.5,57.33,12.96,0,0.0,0.0,5.16
2026-09-12T02:00:00+00:00,cow_11,32.22,30.94,29.06,0.1555,266,38.56,3.46,26.13,0.29,1,92.1,13.96,58.5,57.33,12.96,0,0.0,0.0,5.1
2026-09-12T02:00:00+00:00,cow_12,23.53,34.7,25.3,0.1404,245,38.47,1.34,17.63,0.05,0,92.1,13.96,58.5,57.33,12.96,0,0.0,0.0,5.24
2026-09-12T02:00:00+00:00,cow_13,28.39,34.27,25.73,0.1403,241,38.65,3.75,26.73,0.32,1,92.1,13.96,58.5,57.33,12.96,0,0.0,0.0,5.09
2026-09-12T02:00:00+00:00,cow_14,29.28,33.95,26.05,0.1395,214,38.62,4.27,24.65,0.28,1,92.1,13.96,58.5,57.33,12.96,0,0.0,0.0,5.18
2026-09-12T02:00:00+00:00,cow_15,25.65,32.51,27.49,0.1373,211,38.5,2.56,25.03,0.21,0,92.1,13.96,58.5,57.33,12.96,0,0.0,0.0,5.11
2026-09-12T02:00:00+00:00,cow_16,25.6,35.28,24.72,0.1276,223,38.69,2.61,23.24,0.17,1,92.1,13.96,58.5,57.33,12.96,0,0.0,0.0,5.31
2026-09-12T03:00:00+00:00,cow_01,23.19,39.07,20.93,0.1099,183,38.56,3.62,22.06,0.34,1,88.7,14.91,59.9,58.65,13.91,0,0.0,0.0,5.05
2026-09-12T03:00:00+00:00,cow_02,29.51,35.46,24.54,0.133,258,38.71,1.78,25.91,0.2,1,88.7,14.91,59.9,58.65,13.91,0,0.0,0.0,5.19
2026-09-12T03:00:00+00:00,cow_03,20.76,32.47,27.53,0.1305,170,38.5,2.07,23.64,0.21,1,88.7,14.91,59.9,58.65,13.91,0,0.0,0.0,5.26
2026-09-12T03:00:00+00:00,cow_04,25.69,34.05,25.95,0.1301,196,38.52,3.74,26.32,0.31,1,88.7,14.91,59.9,58.65,13.91,0,0.0,0.0,5.11
2026-09-12T03:00:00+00:00,cow_05,28.87,34.78,25.22,0.1239,234,38.59,2.1,21.91,0.3,0,88.7,14.91,59.9,58.65,13.91,0,0.0,0.0,5.26
2026-09-12T03:00:00+00:00,cow_06,30.39,31.46,28.54,0.1385,244,38.4,2.76,22.66,0.18,1,88.7,14.91,59.9,58.65,13.91,0,0.0,0.0,5.07
2026-09-12T03:00:00+00:00,cow_07,13.96,47.35,12.65,0.1177,170,39.69,1.14,14.65,0.1,0,88.7,14.91,59.9,58.65,13.91,0,0.0,0.0,6.75
2026-09-12T03:00:00+00:00,cow_08,25.19,38.67,21.33,0.1215,216,38.67,1.09,26.13,0.07,0,88.7,14.91,59.9,58.65,13.91,0,0.0,0.0,5.25
2026-09-12T03:00:00+00:00,cow_09,21.2,33.2,26.8,0.1352,170,38.39,0.95,23.35,0.03,0,88.7,14.91,59.9,58.65,13.91,0,0.0,0.0,5.24
2026-09-12T03:00:00+00:00,cow_10,26.33,33.22,26.78,0.1095,223,38.56,2.23,25.32,0.18,0,88.7,14.91,59.9,58.65,13.91,0,0.0,0.0,5.09
2026-09-12T03:00:00+00:00,cow_11,27.63,33.32,26.68,0.1327,210,38.35,2.36,26.78,0.17,1,88.7,14.91,59.9,58.65,13.91,0,0.0,0.0,5.15
2026-09-12T03:00:00+00:00,cow_12,21.79,33.74,26.26,0.1345,227,38.52,0.92,17.04,0.11,1,88.7,14.91,59.9,58.65,13.91,0,0.0,0.0,5.15
2026-09-12T03:00:00+00:00,cow_13,17.74,34.38,25.62,0.0968,129,38.64,2.88,28.82,0.24,0,88.7,14.91,59.9,58.65,13.91,0,0.0,0.0,5.27
2026-09-12T03:00:00+00:00,cow_14,30.32,36.87,23.13,0.1349,236,38.61,4.37,23.69,0.4,0,88.7,14.91,59.9,58.65,13.91,0,0.0,0.0,5.11
2026-09-12T03:00:00+00:00,cow_15,24.73,32.58,27.42,0.1134,197,38.46,1.11,25.58,0.13,1,88.7,14.91,59.9,58.65,13.91,0,0.0,0.0,5.2
2026-09-12T03:00:00+00:00,cow_16,29.66,36.32,23.68,0.1297,248,38.6,1.92,23.82,0.21,1,88.7,14.91,59.9,58.65,13.91,0,0.0,0.0,5.29
2026-09-12T04:00:00+00:00,cow_01,27.24,41.4,18.6,0.1303,224,38.65,2.83,20.72,0.18,2,90.7,15.19,60.2,59.05,14.19,0,0.0,0.0,5.21
2026-09-12T04:00:00+00:00,cow_02,32.46,34.66,25.34,0.1418,279,38.49,2.27,27.66,0.31,2,90.7,15.19,60.2,59.05,14.19,0,0.0,0.0,5.18
2026-09-12T04:00:00+00:00,cow_03,23.52,32.97,27.03,0.146,190,38.5,0.22,24.33,0.01,0,90.7,15.19,60.2,59.05,14.19,0,0.0,0.0,5.17
2026-09-12T04:00:00+00:00,cow_04,21.1,33.61,26.39,0.1331,170,38.4,1.28,26.65,0.06,0,90.7,15.19,60.2,59.05,14.19,0,0.0,0.0,5.3
2026-09-12T04:00:00+00:00,cow_05,29.49,30.76,29.24,0.1348,247,38.52,1.12,21.88,0.22,0,90.7,15.19,60.2,59.05,14.19,0,0.0,0.0,5.17
2026-09-12T04:00:00+00:00,cow_06,27.24,32.98,27.02,0.1277,215,38.27,2.43,26.36,0.19,0,90.7,15.19,60.2,59.05,14.19,0,0.0,0.0,5.15
2026-09-12T04:00:00+00:00,cow_07,14.34,49.48,10.52,0.1225,194,39.67,2.76,15.49,0.22,1,90.7,15.19,60.2,59.05,14.19,0,0.0,0.0,6.49
2026-09-12T04:00:00+00:00,cow_08,24.81,38.5,21.5,0.1354,203,38.51,2.83,27.34,0.23,1,90.7,15.19,60.2,59.05,14.19,0,0.0,0.0,5.15
2026-09-12T04:00:00+00:00,cow_09,26.47,32.49,27.51,0.1243,241,38.32,2.43,24.35,0.2,1,90.7,15.19,60.2,59.05,14.19,0,0.0,0.0,5.26
2026-09-12T04:00:00+00:00,cow_10,26.94,34.23,25.77,0.1337,204,38.51,2.63,25.97,0.24,0,90.7,15.19,60.2,59.05,14.19,0,0.0,0.0,5.25
2026-09-12T04:00:00+00:00,cow_11,33.21,34.26,25.74,0.1474,279,38.37,1.89,26.47,0.23,0,90.7,15.19,60.2,59.05,14.19,0,0.0,0.0,5.26
2026-09-12T04:00:00+00:00,cow_12,20.07,34.33,25.67,0.1214,199,38.38,3.8,17.1,0.21,2,90.7,15.19,60.2,59.05,14.19,0,0.0,0.0,5.21
2026-09-12T04:00:00+00:00,cow_13,27.17,29.97,30.03,0.1106,210,38.64,0.8,27.46,0.06,0,90.7,15.19,60.2,59.05,14.19,0,0.0,0.0,5.2
2026-09-12T04:00:00+00:00,cow_14,29.33,37.38,22.62,0.1438,235,38.59,2.3,25.9,0.19,0,90.7,15.19,60.2,59.05,14.19,0,0.0,0.0,5.06
2026-09-12T04:00:00+00:00,cow_15,21.07,31.63,28.37,0.0998,155,38.42,3.41,21.46,0.39,1,90.7,15.19,60.2,59.05,14.19,0,0.0,0.0,5.37
2026-09-12T04:00:00+00:00,cow_16,28.06,37.71,22.29,0.1347,212,38.61,0.01,21.87,0.0,0,90.7,15.19,60.2,59.05,14.19,0,0.0,0.0,5.22
2026-09-12T05:00:00+00:00,cow_01,47.6,24.17,35.83,0.1611,380,38.52,8.07,16.32,0.68,1,88.8,15.35,60.8,59.28,14.35,0,0.0,0.0,5.15
2026-09-12T05:00:00+00:00,cow_02,57.33,21.53,38.47,0.1843,459,38.43,5.96,19.82,0.77,1,88.8,15.35,60.8,59.28,14.35,0,0.0,0.0,5.21
2026-09-12T05:00:00+00:00,cow_03,47.38,22.58,37.42,0.1577,357,38.46,6.7,16.5,0.59,2,88.8,15.35,60.8,59.28,14.35,0,0.0,0.0,5.3
2026-09-12T05:00:00+00:00,cow_04,44.38,21.52,38.48,0.1479,384,38.44,8.37,18.87,0.69,2,88.8,15.35,60.8,59.28,14.35,0,0.0,0.0,5.09
2026-09-12T05:00:00+00:00,cow_05,54.28,20.94,39.06,0.192,427,38.51,5.74,15.2,0.67,2,88.8,15.35,60.8,59.28,14.35,0,0.0,0.0,5.21
2026-09-12T05:00:00+00:00,cow_06,58.62,20.16,39.84,0.1977,454,38.39,7.19,17.41,0.43,1,88.8,15.35,60.8,59.28,14.35,0,0.0,0.0,5.21
2026-09-12T05:00:00+00:00,cow_07,31.92,28.19,31.81,0.1645,367,39.58,5.0,9.96,0.44,2,88.8,15.35,60.8,59.28,14.35,0,0.0,0.0,6.5
2026-09-12T05:00:00+00:00,cow_08,40.37,26.13,33.87,0.1507,347,38.56,10.2,19.76,0.91,3,88.8,15.35,60.8,59.28,14.35,0,0.0,0.0,5.24
2026-09-12T05:00:00+00:00,cow_09,37.69,21.48,38.52,0.1412,320,38.31,7.04,17.91,0.67,2,88.8,15.35,60.8,59.28,14.35,0,0.0,0.0,5.29
2026-09-12T05:00:00+00:00,cow_10,48.36,21.42,38.58,0.1541,394,38.47,6.55,20.0,0.59,1,88.8,15.35,60.8,59.28,14.35,0,0.0,0.0,5.18
2026-09-12T05:00:00+00:00,cow_11,53.72,20.36,39.64,0.1935,421,38.38,7.69,18.96,0.72,2,88.8,15.35,60.8,59.28,14.35,0,0.0,0.0,5.21
2026-09-12T05:00:00+00:00,cow_12,36.26,22.26,37.74,0.1578,362,38.32,4.91,13.08,0.31,1,88.8,15.35,60.8,59.28,14.35,0,0.0,0.0,5.34
2026-09-12T05:00:00+00:00,cow_13,50.85,21.59,38.41,0.1815,422,38.59,8.12,19.82,0.77,2,88.8,15.35,60.8,59.28,14.35,0,0.0,0.0,5.08
2026-09-12T05:00:00+00:00,cow_14,58.49,28.12,31.88,0.1662,475,38.61,9.58,18.61,0.77,3,88.8,15.35,60.8,59.28,14.35,0,0.0,0.0,5.22
2026-09-12T05:00:00+00:00,cow_15,44.36,19.86,40.14,0.1491,352,38.33,8.04,16.06,0.72,2,88.8,15.35,60.8,59.28,14.35,0,0.0,0.0,5.2
2026-09-12T05:00:00+00:00,cow_16,42.43,23.62,36.38,0.159,320,38.64,6.22,17.05,0.62,2,88.8,15.35,60.8,59.28,14.35,0,0.0,0.0,5.21
2026-09-12T06:00:00+00:00,cow_01,61.7,18.24,41.76,0.1894,532,38.58,19.38,17.59,1.54,5,90.7,16.48,64.2,60.94,15.48,0,13.96,8.14,5.21
2026-09-12T06:00:00+00:00,cow_02,74.49,11.7,48.3,0.2065,618,38.61,14.94,17.51,1.92,4,90.7,16.48,64.2,60.94,15.48,0,14.7,7.78,5.04
2026-09-12T06:00:00+00:00,cow_03,63.21,17.27,42.73,0.1732,522,38.42,18.48,15.16,1.52,4,90.7,16.48,64.2,60.94,15.48,0,15.88,8.24,5.19
2026-09-12T06:00:00+00:00,cow_04,59.54,12.94,47.06,0.177,481,38.39,18.55,20.02,1.63,4,90.7,16.48,64.2,60.94,15.48,0,15.37,7.15,5.36
2026-09-12T06:00:00+00:00,cow_05,75.47,16.88,43.12,0.215,585,38.5,18.01,15.12,2.22,4,90.7,16.48,64.2,60.94,15.48,0,18.14,7.54,5.24
2026-09-12T06:00:00+00:00,cow_06,73.0,15.11,44.89,0.2068,585,38.36,19.99,16.16,1.59,5,90.7,16.48,64.2,60.94,15.48,0,16.48,7.46,5.14
2026-09-12T06:00:00+00:00,cow_07,37.76,24.8,35.2,0.1691,429,39.65,13.24,11.36,1.07,5,90.7,16.48,64.2,60.94,15.48,0,10.17,7.1,6.62
2026-09-12T06:00:00+00:00,cow_08,61.34,16.16,43.84,0.1803,487,38.55,21.72,18.64,1.92,6,90.7,16.48,64.2,60.94,15.48,0,17.86,6.82,5.29
2026-09-12T06:00:00+00:00,cow_09,63.81,12.42,47.58,0.2072,485,38.33,17.14,18.78,1.63,4,90.7,16.48,64.2,60.94,15.48,0,17.69,7.85,5.22
2026-09-12T06:00:00+00:00,cow_10,63.91,14.17,45.83,0.1733,506,38.49,15.49,18.62,1.48,4,90.7,16.48,64.2,60.94,15.48,0,17.43,7.61,5.27
2026-09-12T06:00:00+00:00,cow_11,73.86,14.3,45.7,0.2003,594,38.34,20.42,18.49,1.95,5,90.7,16.48,64.2,60.94,15.48,0,17.38,7.98,5.19
2026-09-12T06:00:00+00:00,cow_12,50.01,15.56,44.44,0.1898,484,38.3,14.21,12.98,1.05,4,90.7,16.48,64.2,60.94,15.48,0,11.71,7.84,5.17
2026-09-12T06:00:00+00:00,cow_13,60.01,15.46,44.54,0.1877,476,38.62,20.07,16.99,1.79,4,90.7,16.48,64.2,60.94,15.48,0,15.47,7.42,5.22
2026-09-12T06:00:00+00:00,cow_14,68.58,17.03,42.97,0.2139,557,38.52,22.27,19.23,1.96,6,90.7,16.48,64.2,60.94,15.48,0,16.91,7.74,5.12
2026-09-12T06:00:00+00:00,cow_15,54.69,14.09,45.91,0.1918,424,38.38,19.3,17.96,1.83,4,90.7,16.48,64.2,60.94,15.48,0,18.08,7.28,5.29
2026-09-12T06:00:00+00:00,cow_16,63.51,13.84,46.16,0.2162,496,38.53,16.96,15.73,1.67,4,90.7,16.48,64.2,60.94,15.48,0,13.87,8.35,5.1
2026-09-12T07:00:00+00:00,cow_01,63.78,20.34,39.66,0.2077,525,38.49,21.31,16.37,1.67,5,93.7,17.56,62.5,62.45,16.56,0,0.0,0.0,5.12
2026-09-12T07:00:00+00:00,cow_02,73.63,14.54,45.46,0.2221,587,38.47,16.68,19.42,2.23,4,93.7,17.56,62.5,62.45,16.56,0,0.0,0.0,5.09
2026-09-12T07:00:00+00:00,cow_03,59.39,13.16,46.84,0.1925,491,38.32,19.63,18.52,1.63,5,93.7,17.56,62.5,62.45,16.56,0,0.0,0.0,5.2
2026-09-12T07:00:00+00:00,cow_04,62.38,16.07,43.93,0.1998,508,38.4,20.91,17.83,1.66,4,93.7,17.56,62.5,62.45,16.56,0,0.0,0.0,5.19
2026-09-12T07:00:00+00:00,cow_05,68.67,13.65,46.35,0.2051,567,38.51,17.88,14.28,2.24,5,93.7,17.56,62.5,62.45,16.56,0,0.0,0.0,5.21
2026-09-12T07:00:00+00:00,cow_06,75.35,16.21,43.79,0.2173,626,38.31,20.07,15.05,1.57,5,93.7,17.56,62.5,62.45,16.56,0,0.0,0.0,5.3
2026-09-12T07:00:00+00:00,cow_07,39.48,21.44,38.56,0.174,477,39.63,14.7,10.76,1.25,5,93.7,17.56,62.5,62.45,16.56,0,0.0,0.0,6.64
2026-09-12T07:00:00+00:00,cow_08,62.74,17.99,42.01,0.1993,512,38.52,22.27,21.78,1.97,6,93.7,17.56,62.5,62.45,16.56,0,0.0,0.0,5.25
2026-09-12T07:00:00+00:00,cow_09,56.27,14.04,45.96,0.1688,454,38.33,19.42,16.7,1.86,5,93.7,17.56,62.5,62.45,16.56,0,0.0,0.0,5.4
2026-09-12T07:00:00+00:00,cow_10,68.57,17.45,42.55,0.2118,535,38.48,19.27,19.32,1.73,5,93.7,17.56,62.5,62.45,16.56,0,0.0,0.0,5.12
2026-09-12T07:00:00+00:00,cow_11,71.24,15.57,44.43,0.2156,557,38.28,20.4,18.15,1.8,5,93.7,17.56,62.5,62.45,16.56,0,0.0,0.0,5.21
2026-09-12T07:00:00+00:00,cow_12,44.21,13.95,46.05,0.1764,428,38.33,14.59,11.48,1.12,5,93.7,17.56,62.5,62.45,16.56,0,0.0,0.0,5.15
2026-09-12T07:00:00+00:00,cow_13,58.76,14.96,45.04,0.1909,472,38.53,20.22,19.0,1.76,5,93.7,17.56,62.5,62.45,16.56,0,0.0,0.0,5.16
2026-09-12T07:00:00+00:00,cow_14,69.29,17.9,42.1,0.189,562,38.5,20.98,18.64,1.81,5,93.7,17.56,62.5,62.45,16.56,0,0.0,0.0,5.1
2026-09-12T07:00:00+00:00,cow_15,57.23,13.21,46.79,0.1751,456,38.31,21.8,17.75,2.02,5,93.7,17.56,62.5,62.45,16.56,0,0.0,0.0,5.17
2026-09-12T07:00:00+00:00,cow_16,62.02,14.8,45.2,0.1846,494,38.49,16.83,16.77,1.57,4,93.7,17.56,62.5,62.45,16.56,0,0.0,0.0,5.3
2026-09-12T08:00:00+00:00,cow_01,63.75,16.56,43.44,0.1922,511,38.51,18.41,15.07,1.5,5,90.2,17.84,65.4,62.95,16.84,0,0.0,0.0,5.33
2026-09-12T08:00:00+00:00,cow_02,76.19,18.49,41.51,0.2027,618,38.55,16.05,17.98,2.11,4,90.2,17.84,65.4,62.95,16.84,0,0.0,0.0,5.25
2026-09-12T08:00:00+00:00,cow_03,60.41,14.04,45.96,0.2116,472,38.41,19.58,16.78,1.76,5,90.2,17.84,65.4,62.95,16.84,0,0.0,0.0,5.07
2026-09-12T08:00:00+00:00,cow_04,61.26,17.91,42.09,0.1826,469,38.39,18.52,18.67,1.64,4,90.2,17.84,65.4,62.95,16.84,0,0.0,0.0,5.24
2026-09-12T08:00:00+00:00,cow_05,71.42,14.6,45.4,0.2023,554,38.41,15.13,13.64,2.0,4,90.2,17.84,65.4,62.95,16.84,0,0.0,0.0,5.36
2026-09-12T08:00:00+00:00,cow_06,75.08,12.99,47.01,0.2132,610,38.34,19.68,18.24,1.45,5,90.2,17.84,65.4,62.95,16.84,0,0.0,0.0,5.26
2026-09-12T08:00:00+00:00,cow_07,38.42,23.03,36.97,0.1804,454,39.65,13.77,11.34,1.17,5,90.2,17.84,65.4,62.95,16.84,0,0.0,0.0,6.69
2026-09-12T08:00:00+00:00,cow_08,62.16,16.02,43.98,0.1991,501,38.5,23.01,17.87,1.94,6,90.2,17.84,65.4,62.95,16.84,0,0.0,0.0,5.1
2026-09-12T08:00:00+00:00,cow_09,58.57,13.94,46.06,0.1877,494,38.31,18.14,16.93,1.67,5,90.2,17.84,65.4,62.95,16.84,0,0.0,0.0,5.12
2026-09-12T08:00:00+00:00,cow_10,66.9,14.05,45.95,0.2139,529,38.42,16.5,16.82,1.46,4,90.2,17.84,65.4,62.95,16.84,0,0.0,0.0,5.29
2026-09-12T08:00:00+00:00,cow_11,71.91,16.86,43.14,0.2053,578,38.31,22.55,19.37,2.09,7,90.2,17.84,65.4,62.95,16.84,0,0.0,0.0,5.2
2026-09-12T08:00:00+00:00,cow_12,47.84,15.96,44.04,0.1808,487,38.33,14.3,10.55,1.08,5,90.2,17.84,65.4,62.95,16.84,0,0.0,0.0,5.21
2026-09-12T08:00:00+00:00,cow_13,60.52,15.08,44.92,0.1908,478,38.55,19.86,19.83,1.84,5,90.2,17.84,65.4,62.95,16.84,0,0.0,0.0,5.17
2026-09-12T08:00:00+00:00,cow_14,71.11,19.18,40.82,0.1988,562,38.46,19.86,17.53,1.8,4,90.2,17.84,65.4,62.95,16.84,0,0.0,0.0,5.16
2026-09-12T08:00:00+00:00,cow_15,57.55,17.0,43.0,0.1686,473,38.3,19.95,18.11,1.81,5,90.2,17.84,65.4,62.95,16.84,0,0.0,0.0,5.21
2026-09-12T08:00:00+00:00,cow_16,62.59,14.0,46.0,0.1943,507,38.45,17.86,16.73,1.75,4,90.2,17.84,65.4,62.95,16.84,0,0.0,0.0,5.15
2026-09-12T09:00:00+00:00,cow_01,64.1,16.36,43.64,0.1918,530,38.46,18.7,14.59,1.55,5,89.7,17.98,63.4,63.08,16.98,0,0.0,0.0,5.23
2026-09-12T09:00:00+00:00,cow_02,76.18,14.45,45.55,0.2191,592,38.52,15.14,18.71,1.97,4,89.7,17.98,63.4,63.08,16.98,0,0.0,0.0,5.34
2026-09-12T09:00:00+00:00,cow_03,62.0,18.31,41.69,0.1936,522,38.42,19.16,16.93,1.68,5,89.7,17.98,63.4,63.08,16.98,0,0.0,0.0,5.09
2026-09-12T09:00:00+00:00,cow_04,61.46,13.02,46.98,0.1976,500,38.49,17.59,17.45,1.57,4,89.7,17.98,63.4,63.08,16.98,0,0.0,0.0,5.11
2026-09-12T09:00:00+00:00,cow_05,70.02,14.38,45.62,0.2076,568,38.51,16.42,15.63,2.08,4,89.7,17.98,63.4,63.08,16.98,0,0.0,0.0,5.09
2026-09-12T09:00:00+00:00,cow_06,76.05,16.86,43.14,0.2233,616,38.28,18.59,18.17,1.42,5,89.7,17.98,63.4,63.08,16.98,0,0.0,0.0,5.22
2026-09-12T09:00:00+00:00,cow_07,39.5,23.33,36.67,0.1836,436,39.67,14.3,9.34,1.17,6,89.7,17.98,63.4,63.08,16.98,0,0.0,0.0,6.69
2026-09-12T09:00:00+00:00,cow_08,54.03,18.11,41.89,0.1751,433,38.54,20.98,19.89,1.76,6,89.7,17.98,63.4,63.08,16.98,0,0.0,0.0,5.28
2026-09-12T09:00:00+00:00,cow_09,56.43,13.67,46.33,0.1827,474,38.29,17.15,17.34,1.63,5,89.7,17.98,63.4,63.08,16.98,0,0.0,0.0,5.2
2026-09-12T09:00:00+00:00,cow_10,63.64,15.71,44.29,0.1626,537,38.46,16.48,21.23,1.48,5,89.7,17.98,63.4,63.08,16.98,0,0.0,0.0,5.26
2026-09-12T09:00:00+00:00,cow_11,74.5,15.91,44.09,0.2057,571,38.25,21.99,17.18,1.96,5,89.7,17.98,63.4,63.08,16.98,0,0.0,0.0,5.25
2026-09-12T09:00:00+00:00,cow_12,47.88,16.37,43.63,0.1967,475,38.33,13.44,13.59,1.02,5,89.7,17.98,63.4,63.08,16.98,0,0.0,0.0,5.3
2026-09-12T09:00:00+00:00,cow_13,64.07,16.34,43.66,0.1914,529,38.44,21.36,16.74,1.85,5,89.7,17.98,63.4,63.08,16.98,0,0.0,0.0,5.16
2026-09-12T09:00:00+00:00,cow_14,71.29,15.98,44.02,0.2005,575,38.47,21.48,17.49,1.86,6,89.7,17.98,63.4,63.08,16.98,0,0.0,0.0,5.05
2026-09-12T09:00:00+00:00,cow_15,50.79,12.27,47.73,0.168,412,38.18,19.67,16.21,1.8,4,89.7,17.98,63.4,63.08,16.98,0,0.0,0.0,5.41
2026-09-12T09:00:00+00:00,cow_16,62.17,13.81,46.19,0.1932,519,38.47,15.4,15.49,1.5,4,89.7,17.98,63.4,63.08,16.98,0,0.0,0.0,5.32
2026-09-12T10:00:00+00:00,cow_01,50.02,24.12,35.88,0.1748,417,38.51,9.26,16.17,0.71,3,88.1,20.06,61.8,65.99,19.06,0,0.0,0.0,5.14
2026-09-12T10:00:00+00:00,cow_02,59.32,22.03,37.97,0.1999,477,38.57,6.01,19.89,0.66,2,88.1,20.06,61.8,65.99,19.06,0,0.0,0.0,5.09
2026-09-12T10:00:00+00:00,cow_03,46.78,20.97,39.03,0.1588,356,38.42,6.97,17.07,0.59,1,88.1,20.06,61.8,65.99,19.06,0,0.0,0.0,5.17
2026-09-12T10:00:00+00:00,cow_04,42.76,23.74,36.26,0.1683,322,38.44,7.35,17.58,0.64,2,88.1,20.06,61.8,65.99,19.06,0,0.0,0.0,4.99
2026-09-12T10:00:00+00:00,cow_05,53.99,22.19,37.81,0.1769,418,38.53,6.17,17.1,0.83,2,88.1,20.06,61.8,65.99,19.06,0,0.0,0.0,5.14
2026-09-12T10:00:00+00:00,cow_06,56.17,23.54,36.46,0.1778,455,38.33,6.53,15.18,0.51,2,88.1,20.06,61.8,65.99,19.06,0,0.0,0.0,5.12
2026-09-12T10:00:00+00:00,cow_07,27.57,32.86,27.14,0.1533,328,39.67,5.73,10.41,0.45,2,88.1,20.06,61.8,65.99,19.06,0,0.0,0.0,6.7
2026-09-12T10:00:00+00:00,cow_08,46.14,25.92,34.08,0.1543,357,38.5,7.16,18.78,0.59,2,88.1,20.06,61.8,65.99,19.06,0,0.0,0.0,5.28
2026-09-12T10:00:00+00:00,cow_09,41.85,23.7,36.3,0.1605,356,38.28,8.43,16.14,0.74,2,88.1,20.06,61.8,65.99,19.06,0,0.0,0.0,5.13
2026-09-12T10:00:00+00:00,cow_10,48.78,23.5,36.5,0.1727,389,38.54,7.17,18.54,0.65,1,88.1,20.06,61.8,65.99,19.06,0,0.0,0.0,5.12
2026-09-12T10:00:00+00:00,cow_11,53.22,20.26,39.74,0.1643,411,38.38,7.83,19.29,0.7,2,88.1,20.06,61.8,65.99,19.06,0,0.0,0.0,5.13
2026-09-12T10:00:00+00:00,cow_12,35.81,26.02,33.98,0.1516,344,38.3,6.42,14.01,0.45,2,88.1,20.06,61.8,65.99,19.06,0,0.0,0.0,5.23
2026-09-12T10:00:00+00:00,cow_13,47.14,21.06,38.94,0.1552,358,38.59,8.8,21.07,0.74,2,88.1,20.06,61.8,65.99,19.06,0,0.0,0.0,5.21
2026-09-12T10:00:00+00:00,cow_14,54.34,25.43,34.57,0.2098,482,38.51,10.13,16.36,0.88,2,88.1,20.06,61.8,65.99,19.06,0,0.0,0.0,5.22
2026-09-12T10:00:00+00:00,cow_15,43.72,24.86,35.14,0.1494,369,38.31,7.58,16.35,0.79,1,88.1,20.06,61.8,65.99,19.06,0,0.0,0.0,5.24
2026-09-12T10:00:00+00:00,cow_16,48.8,21.4,38.6,0.1732,379,38.64,5.7,16.32,0.53,1,88.1,20.06,61.8,65.99,19.06,0,0.0,0.0,5.18
2026-09-12T11:00:00+00:00,cow_01,49.16,24.86,35.14,0.1543,400,38.66,8.94,17.35,0.76,2,90.8,20.92,62.4,67.25,19.92,0,0.0,0.0,5.21
2026-09-12T11:00:00+00:00,cow_02,58.03,21.39,38.61,0.191,483,38.55,7.41,18.76,0.97,2,90.8,20.92,62.4,67.25,19.92,0,0.0,0.0,5.24
2026-09-12T11:00:00+00:00,cow_03,44.65,19.26,40.74,0.1532,386,38.46,5.96,18.59,0.46,2,90.8,20.92,62.4,67.25,19.92,0,0.0,0.0,5.3
2026-09-12T11:00:00+00:00,cow_04,44.49,20.79,39.21,0.1529,365,38.4,7.28,19.25,0.59,3,90.8,20.92,62.4,67.25,19.92,0,0.0,0.0,5.12
2026-09-12T11:00:00+00:00,cow_05,43.26,19.95,40.05,0.161,359,38.51,6.75,15.54,0.94,2,90.8,20.92,62.4,67.25,19.92,0,0.0,0.0,5.16
2026-09-12T11:00:00+00:00,cow_06,60.06,22.36,37.64,0.1674,459,38.4,6.75,17.77,0.48,2,90.8,20.92,62.4,67.25,19.92,0,0.0,0.0,5.21
2026-09-12T11:00:00+00:00,cow_07,26.15,34.04,25.96,0.1629,288,39.63,6.27,10.81,0.61,3,90.8,20.92,62.4,67.25,19.92,0,0.0,0.0,6.79
2026-09-12T11:00:00+00:00,cow_08,45.01,26.08,33.92,0.1553,352,38.58,8.68,16.03,0.71,3,90.8,20.92,62.4,67.25,19.92,0,0.0,0.0,5.21
2026-09-12T11:00:00+00:00,cow_09,43.61,20.69,39.31,0.1618,373,38.43,7.85,15.93,0.82,2,90.8,20.92,62.4,67.25,19.92,0,0.0,0.0,5.08
2026-09-12T11:00:00+00:00,cow_10,43.32,20.1,39.9,0.153,360,38.55,7.29,18.54,0.79,2,90.8,20.92,62.4,67.25,19.92,0,0.0,0.0,5.19
2026-09-12T11:00:00+00:00,cow_11,53.09,25.16,34.84,0.1828,409,38.29,7.22,18.19,0.6,1,90.8,20.92,62.4,67.25,19.92,0,0.0,0.0,5.29
2026-09-12T11:00:00+00:00,cow_12,37.24,24.84,35.16,0.147,348,38.35,6.94,12.98,0.58,3,90.8,20.92,62.4,67.25,19.92,0,0.0,0.0,5.19
2026-09-12T11:00:00+00:00,cow_13,48.41,19.85,40.15,0.1466,391,38.56,10.32,17.42,0.95,3,90.8,20.92,62.4,67.25,19.92,0,0.0,0.0,5.23
2026-09-12T11:00:00+00:00,cow_14,56.16,23.57,36.43,0.1894,457,38.57,8.26,15.98,0.69,2,90.8,20.92,62.4,67.25,19.92,0,0.0,0.0,5.15
2026-09-12T11:00:00+00:00,cow_15,41.57,20.05,39.95,0.1549,314,38.35,7.89,16.49,0.74,2,90.8,20.92,62.4,67.25,19.92,0,0.0,0.0,5.14
2026-09-12T11:00:00+00:00,cow_16,44.35,24.38,35.62,0.1726,347,38.56,5.5,15.41,0.46,1,90.8,20.92,62.4,67.25,19.92,0,0.0,0.0,5.29
2026-09-12T12:00:00+00:00,cow_01,50.15,25.1,34.9,0.1709,397,38.58,8.98,17.18,0.81,2,88.2,20.43,60.1,66.41,19.43,0,0.0,0.0,5.17
2026-09-12T12:00:00+00:00,cow_02,56.35,26.12,33.88,0.1745,464,38.56,7.38,19.53,0.91,2,88.2,20.43,60.1,66.41,19.43,0,0.0,0.0,5.25
2026-09-12T12:00:00+00:00,cow_03,37.71,23.14,36.86,0.1332,298,38.46,5.1,16.4,0.47,2,88.2,20.43,60.1,66.41,19.43,0,0.0,0.0,5.27
2026-09-12T12:00:00+00:00,cow_04,46.5,19.05,40.95,0.1607,399,38.53,7.13,18.77,0.66,2,88.2,20.43,60.1,66.41,19.43,0,0.0,0.0,5.19
2026-09-12T12:00:00+00:00,cow_05,50.87,21.78,38.22,0.1813,401,38.46,6.75,14.06,0.95,1,88.2,20.43,60.1,66.41,19.43,0,0.0,0.0,5.19
2026-09-12T12:00:00+00:00,cow_06,53.16,21.57,38.43,0.184,441,38.44,9.25,16.54,0.65,2,88.2,20.43,60.1,66.41,19.43,0,0.0,0.0,5.23
2026-09-12T12:00:00+00:00,cow_07,31.0,29.91,30.09,0.1585,360,39.66,6.17,11.05,0.6,3,88.2,20.43,60.1,66.41,19.43,0,0.0,0.0,6.66
2026-09-12T12:00:00+00:00,cow_08,43.81,26.57,33.43,0.1393,360,38.63,9.08,18.17,0.81,2,88.2,20.43,60.1,66.41,19.43,0,0.0,0.0,5.28
2026-09-12T12:00:00+00:00,cow_09,44.92,22.48,37.52,0.151,349,38.31,8.11,17.0,0.73,2,88.2,20.43,60.1,66.41,19.43,0,0.0,0.0,5.28
2026-09-12T12:00:00+00:00,cow_10,44.86,21.58,38.42,0.1449,343,38.53,7.83,19.48,0.77,2,88.2,20.43,60.1,66.41,19.43,0,0.0,0.0,5.12
2026-09-12T12:00:00+00:00,cow_11,58.59,22.96,37.04,0.2034,493,38.37,8.16,15.62,0.77,2,88.2,20.43,60.1,66.41,19.43,0,0.0,0.0,5.15
2026-09-12T12:00:00+00:00,cow_12,34.39,23.38,36.62,0.1366,354,38.45,5.48,12.86,0.42,3,88.2,20.43,60.1,66.41,19.43,0,0.0,0.0,5.36
2026-09-12T12:00:00+00:00,cow_13,45.66,24.49,35.51,0.16,359,38.58,9.23,18.38,0.84,2,88.2,20.43,60.1,66.41,19.43,0,0.0,0.0,5.17
2026-09-12T12:00:00+00:00,cow_14,56.79,24.5,35.5,0.1756,447,38.56,8.47,17.4,0.73,3,88.2,20.43,60.1,66.41,19.43,0,0.0,0.0,5.25
2026-09-12T12:00:00+00:00,cow_15,41.85,21.61,38.39,0.1472,333,38.35,8.34,16.51,0.75,2,88.2,20.43,60.1,66.41,19.43,0,0.0,0.0,5.22
2026-09-12T12:00:00+00:00,cow_16,48.71,24.02,35.98,0.1772,384,38.62,8.73,15.51,0.86,2,88.2,20.43,60.1,66.41,19.43,0,0.0,0.0,5.19
2026-09-12T13:00:00+00:00,cow_01,50.76,25.09,34.91,0.191,404,38.61,8.71,16.54,0.66,2,91.9,21.9,59.1,68.4,20.9,0,0.0,0.0,5.16
2026-09-12T13:00:00+00:00,cow_02,56.21,24.95,35.05,0.1785,458,38.55,7.56,18.88,0.96,2,91.9,21.9,59.1,68.4,20.9,0,0.0,0.0,5.24
2026-09-12T13:00:00+00:00,cow_03,44.63,20.44,39.56,0.1555,358,38.53,7.33,16.37,0.65,2,91.9,21.9,59.1,68.4,20.9,0,0.0,0.0,5.21
2026-09-12T13:00:00+00:00,cow_04,37.7,21.85,38.15,0.1564,292,38.55,6.75,16.76,0.6,2,91.9,21.9,59.1,68.4,20.9,0,0.0,0.0,5.17
2026-09-12T13:00:00+00:00,cow_05,53.59,20.65,39.35,0.1701,417,38.55,7.58,15.2,1.02,0,91.9,21.9,59.1,68.4,20.9,0,0.0,0.0,5.27
2026-09-12T13:00:00+00:00,cow_06,55.83,22.21,37.79,0.1676,421,38.48,8.87,17.44,0.67,3,91.9,21.9,59.1,68.4,20.9,0,0.0,0.0,5.15
2026-09-12T13:00:00+00:00,cow_07,28.36,31.94,28.06,0.1529,353,39.68,4.63,9.23,0.41,2,91.9,21.9,59.1,68.4,20.9,0,0.0,0.0,6.47
2026-09-12T13:00:00+00:00,cow_08,45.21,25.02,34.98,0.167,373,38.77,8.19,16.87,0.73,3,91.9,21.9,59.1,68.4,20.9,0,0.0,0.0,5.1
2026-09-12T13:00:00+00:00,cow_09,40.23,22.35,37.65,0.1696,308,38.43,5.67,16.71,0.52,2,91.9,21.9,59.1,68.4,20.9,0,0.0,0.0,5.14
2026-09-12T13:00:00+00:00,cow_10,49.42,21.08,38.92,0.1699,426,38.66,8.99,19.19,0.82,2,91.9,21.9,59.1,68.4,20.9,0,0.0,0.0,5.24
2026-09-12T13:00:00+00:00,cow_11,55.33,20.78,39.22,0.1721,433,38.47,10.19,22.12,0.97,2,91.9,21.9,59.1,68.4,20.9,0,0.0,0.0,5.16
2026-09-12T13:00:00+00:00,cow_12,35.09,24.86,35.14,0.1644,322,38.44,4.99,13.44,0.35,2,91.9,21.9,59.1,68.4,20.9,0,0.0,0.0,5.05
2026-09-12T13:00:00+00:00,cow_13,48.87,24.26,35.74,0.161,388,38.61,8.27,18.09,0.69,3,91.9,21.9,59.1,68.4,20.9,0,0.0,0.0,4.99
2026-09-12T13:00:00+00:00,cow_14,54.67,24.94,35.06,0.1949,433,38.56,8.07,17.83,0.67,1,91.9,21.9,59.1,68.4,20.9,0,0.0,0.0,5.14
2026-09-12T13:00:00+00:00,cow_15,40.04,19.9,40.1,0.1529,317,38.45,8.63,15.19,0.68,2,91.9,21.9,59.1,68.4,20.9,0,0.0,0.0,5.26
2026-09-12T13:00:00+00:00,cow_16,47.84,24.33,35.67,0.1745,399,38.66,9.09,15.98,0.99,2,91.9,21.9,59.1,68.4,20.9,0,0.0,0.0,5.15
2026-09-12T14:00:00+00:00,cow_01,51.19,24.96,35.04,0.1572,399,38.78,9.93,16.84,0.83,2,93.9,21.42,58.0,67.66,20.42,0,0.0,0.0,5.12
2026-09-12T14:00:00+00:00,cow_02,57.25,26.14,33.86,0.1729,456,38.67,6.34,19.21,0.77,2,93.9,21.42,58.0,67.66,20.42,0,0.0,0.0,5.21
2026-09-12T14:00:00+00:00,cow_03,46.45,21.46,38.54,0.1707,376,38.6,8.07,18.27,0.69,2,93.9,21.42,58.0,67.66,20.42,0,0.0,0.0,5.31
2026-09-12T14:00:00+00:00,cow_04,47.17,21.98,38.02,0.1596,391,38.54,9.12,17.2,0.81,2,93.9,21.42,58.0,67.66,20.42,0,0.0,0.0,5.07
2026-09-12T14:00:00+00:00,cow_05,49.54,20.54,39.46,0.1884,351,38.62,6.92,14.41,0.86,2,93.9,21.42,58.0,67.66,20.42,0,0.0,0.0,5.15
2026-09-12T14:00:00+00:00,cow_06,55.83,24.72,35.28,0.18,436,38.47,8.47,18.49,0.63,2,93.9,21.42,58.0,67.66,20.42,0,0.0,0.0,5.22
2026-09-12T14:00:00+00:00,cow_07,29.12,30.1,29.9,0.1509,339,39.72,5.44,9.95,0.47,3,93.9,21.42,58.0,67.66,20.42,0,0.0,0.0,6.62
2026-09-12T14:00:00+00:00,cow_08,45.27,25.61,34.39,0.1581,360,38.71,10.53,16.17,0.93,2,93.9,21.42,58.0,67.66,20.42,0,0.0,0.0,5.24
2026-09-12T14:00:00+00:00,cow_09,44.32,21.63,38.37,0.165,358,38.46,7.63,15.77,0.71,1,93.9,21.42,58.0,67.66,20.42,0,0.0,0.0,5.22
2026-09-12T14:00:00+00:00,cow_10,49.58,20.06,39.94,0.1665,417,38.72,7.09,18.78,0.65,2,93.9,21.42,58.0,67.66,20.42,0,0.0,0.0,5.3
2026-09-12T14:00:00+00:00,cow_11,54.36,19.79,40.21,0.1804,429,38.4,8.09,18.17,0.78,2,93.9,21.42,58.0,67.66,20.42,0,0.0,0.0,5.3
2026-09-12T14:00:00+00:00,cow_12,33.86,22.05,37.95,0.1607,341,38.46,5.63,13.33,0.45,2,93.9,21.42,58.0,67.66,20.42,0,0.0,0.0,5.24
2026-09-12T14:00:00+00:00,cow_13,46.98,21.47,38.53,0.1719,372,38.59,8.02,16.37,0.86,3,93.9,21.42,58.0,67.66,20.42,0,0.0,0.0,5.09
2026-09-12T14:00:00+00:00,cow_14,51.94,24.85,35.15,0.1895,426,38.63,8.49,17.97,0.77,2,93.9,21.42,58.0,67.66,20.42,0,0.0,0.0,5.19
2026-09-12T14:00:00+00:00,cow_15,41.29,23.34,36.66,0.1374,334,38.46,6.7,16.18,0.56,1,93.9,21.42,58.0,67.66,20.42,0,0.0,0.0,5.14
2026-09-12T14:00:00+00:00,cow_16,49.1,22.76,37.24,0.1758,374,38.65,7.02,15.82,0.71,2,93.9,21.42,58.0,67.66,20.42,0,0.0,0.0,5.14
2026-09-12T15:00:00+00:00,cow_01,50.11,25.6,34.4,0.1654,397,38.65,8.13,16.71,0.73,3,87.0,21.68,55.8,67.86,20.68,0,0.0,0.0,5.12
2026-09-12T15:00:00+00:00,cow_02,56.39,23.56,36.44,0.1937,440,38.75,5.33,19.29,0.65,0,87.0,21.68,55.8,67.86,20.68,0,0.0,0.0,5.13
2026-09-12T15:00:00+00:00,cow_03,44.27,23.91,36.09,0.1488,345,38.51,8.88,16.58,0.76,2,87.0,21.68,55.8,67.86,20.68,0,0.0,0.0,5.04
2026-09-12T15:00:00+00:00,cow_04,40.57,20.86,39.14,0.1592,287,38.63,7.88,16.46,0.66,3,87.0,21.68,55.8,67.86,20.68,0,0.0,0.0,5.11
2026-09-12T15:00:00+00:00,cow_05,50.1,25.26,34.74,0.1734,396,38.65,7.11,16.4,0.8,1,87.0,21.68,55.8,67.86,20.68,0,0.0,0.0,5.12
2026-09-12T15:00:00+00:00,cow_06,54.55,22.46,37.54,0.1612,433,38.51,7.32,16.53,0.52,2,87.0,21.68,55.8,67.86,20.68,0,0.0,0.0,5.2
2026-09-12T15:00:00+00:00,cow_07,26.99,34.11,25.89,0.1378,291,39.8,5.5,10.36,0.43,2,87.0,21.68,55.8,67.86,20.68,0,0.0,0.0,6.74
2026-09-12T15:00:00+00:00,cow_08,44.9,25.98,34.02,0.1397,352,38.69,8.02,18.31,0.66,1,87.0,21.68,55.8,67.86,20.68,0,0.0,0.0,5.16
2026-09-12T15:00:00+00:00,cow_09,40.81,23.01,36.99,0.1568,331,38.55,6.34,17.28,0.64,1,87.0,21.68,55.8,67.86,20.68,0,0.0,0.0,5.04
2026-09-12T15:00:00+00:00,cow_10,45.98,23.67,36.33,0.1532,360,38.61,6.47,17.45,0.52,1,87.0,21.68,55.8,67.86,20.68,0,0.0,0.0,5.18
2026-09-12T15:00:00+00:00,cow_11,57.15,21.94,38.06,0.1711,446,38.53,8.11,16.99,0.76,2,87.0,21.68,55.8,67.86,20.68,0,0.0,0.0,5.24
2026-09-12T15:00:00+00:00,cow_12,36.16,20.88,39.12,0.1772,350,38.39,5.88,10.68,0.47,2,87.0,21.68,55.8,67.86,20.68,0,0.0,0.0,5.19
2026-09-12T15:00:00+00:00,cow_13,46.76,23.2,36.8,0.1585,372,38.71,5.07,19.68,0.49,1,87.0,21.68,55.8,67.86,20.68,0,0.0,0.0,5.22
2026-09-12T15:00:00+00:00,cow_14,57.19,24.32,35.68,0.182,446,38.56,8.78,16.64,0.67,2,87.0,21.68,55.8,67.86,20.68,0,0.0,0.0,5.18
2026-09-12T15:00:00+00:00,cow_15,41.62,21.49,38.51,0.1385,346,38.52,9.19,15.87,0.86,1,87.0,21.68,55.8,67.86,20.68,0,0.0,0.0,5.13
2026-09-12T15:00:00+00:00,cow_16,42.35,23.11,36.89,0.1443,330,38.71,6.41,13.95,0.7,2,87.0,21.68,55.8,67.86,20.68,0,0.0,0.0,5.33
2026-09-12T16:00:00+00:00,cow_01,66.16,17.39,42.61,0.1956,549,38.73,21.78,16.0,1.7,4,93.0,20.58,54.5,66.29,19.58,0,0.0,0.0,5.3
2026-09-12T16:00:00+00:00,cow_02,77.8,17.45,42.55,0.2329,649,38.63,14.27,19.08,1.91,4,93.0,20.58,54.5,66.29,19.58,0,0.0,0.0,5.22
2026-09-12T16:00:00+00:00,cow_03,59.51,13.63,46.37,0.1862,472,38.59,20.23,17.12,1.78,5,93.0,20.58,54.5,66.29,19.58,0,0.0,0.0,5.25
2026-09-12T16:00:00+00:00,cow_04,56.95,13.13,46.87,0.1791,467,38.62,21.15,17.41,1.81,4,93.0,20.58,54.5,66.29,19.58,0,0.0,0.0,5.32
2026-09-12T16:00:00+00:00,cow_05,69.2,10.92,49.08,0.2014,514,38.77,16.19,15.63,2.02,4,93.0,20.58,54.5,66.29,19.58,0,0.0,0.0,5.26
2026-09-12T16:00:00+00:00,cow_06,73.15,16.13,43.87,0.1835,566,38.56,20.01,18.58,1.57,6,93.0,20.58,54.5,66.29,19.58,0,0.0,0.0,5.21
2026-09-12T16:00:00+00:00,cow_07,37.8,23.26,36.74,0.1695,440,39.87,13.91,12.08,1.2,5,93.0,20.58,54.5,66.29,19.58,0,0.0,0.0,6.68
2026-09-12T16:00:00+00:00,cow_08,64.78,15.19,44.81,0.2094,499,38.76,22.71,18.31,1.91,5,93.0,20.58,54.5,66.29,19.58,0,0.0,0.0,5.16
2026-09-12T16:00:00+00:00,cow_09,56.13,16.61,43.39,0.1663,475,38.53,16.1,17.88,1.48,3,93.0,20.58,54.5,66.29,19.58,0,0.0,0.0,5.17
2026-09-12T16:00:00+00:00,cow_10,62.47,17.14,42.86,0.1846,479,38.65,15.9,20.0,1.47,3,93.0,20.58,54.5,66.29,19.58,0,0.0,0.0,5.12
2026-09-12T16:00:00+00:00,cow_11,72.27,12.18,47.82,0.199,583,38.62,19.82,21.58,1.86,4,93.0,20.58,54.5,66.29,19.58,0,0.0,0.0,5.32
2026-09-12T16:00:00+00:00,cow_12,48.66,16.73,43.27,0.1951,490,38.5,14.82,12.97,1.13,5,93.0,20.58,54.5,66.29,19.58,0,0.0,0.0,5.15
2026-09-12T16:00:00+00:00,cow_13,61.97,16.45,43.55,0.1907,487,38.73,21.65,19.66,1.97,6,93.0,20.58,54.5,66.29,19.58,0,0.0,0.0,5.29
2026-09-12T16:00:00+00:00,cow_14,69.46,18.1,41.9,0.2058,541,38.69,21.07,17.81,1.89,5,93.0,20.58,54.5,66.29,19.58,0,0.0,0.0,5.34
2026-09-12T16:00:00+00:00,cow_15,53.05,13.54,46.46,0.1952,402,38.5,19.61,13.73,1.78,5,93.0,20.58,54.5,66.29,19.58,0,0.0,0.0,5.24
2026-09-12T16:00:00+00:00,cow_16,60.6,12.66,47.34,0.182,471,38.76,16.93,16.09,1.55,5,93.0,20.58,54.5,66.29,19.58,0,0.0,0.0,5.24
2026-09-12T17:00:00+00:00,cow_01,67.67,16.75,43.25,0.1889,540,38.83,20.34,14.56,1.61,6,93.5,20.02,53.0,65.45,19.02,0,14.42,7.43,5.2
2026-09-12T17:00:00+00:00,cow_02,78.11,17.78,42.22,0.2066,638,38.79,17.73,19.34,2.37,5,93.5,20.02,53.0,65.45,19.02,0,14.07,7.9,5.28
2026-09-12T17:00:00+00:00,cow_03,59.0,15.33,44.67,0.2073,464,38.68,18.62,16.45,1.66,5,93.5,20.02,53.0,65.45,19.02,0,16.31,7.04,5.34
2026-09-12T17:00:00+00:00,cow_04,59.35,15.99,44.01,0.1781,482,38.72,19.11,17.81,1.63,3,93.5,20.02,53.0,65.45,19.02,0,16.76,7.41,5.22
2026-09-12T17:00:00+00:00,cow_05,65.33,16.11,43.89,0.1932,531,38.74,15.58,17.1,2.03,4,93.5,20.02,53.0,65.45,19.02,0,18.08,7.93,5.1
2026-09-12T17:00:00+00:00,cow_06,79.67,15.46,44.54,0.2248,620,38.48,20.49,18.95,1.64,5,93.5,20.02,53.0,65.45,19.02,0,16.28,7.56,5.1
2026-09-12T17:00:00+00:00,cow_07,38.17,22.19,37.81,0.1783,444,39.93,15.86,10.18,1.38,5,93.5,20.02,53.0,65.45,19.02,0,10.32,7.34,6.5
2026-09-12T17:00:00+00:00,cow_08,62.48,19.13,40.87,0.1847,506,38.85,23.75,19.41,2.0,6,93.5,20.02,53.0,65.45,19.02,0,17.1,7.09,5.2
2026-09-12T17:00:00+00:00,cow_09,60.31,15.28,44.72,0.1904,454,38.57,17.84,19.55,1.6,4,93.5,20.02,53.0,65.45,19.02,0,17.58,8.46,5.12
2026-09-12T17:00:00+00:00,cow_10,69.28,13.93,46.07,0.1988,586,38.79,16.62,19.23,1.46,5,93.5,20.02,53.0,65.45,19.02,0,18.0,7.03,5.25
2026-09-12T17:00:00+00:00,cow_11,70.54,15.62,44.38,0.2261,556,38.51,22.08,20.27,2.02,5,93.5,20.02,53.0,65.45,19.02,0,17.67,7.36,5.28
2026-09-12T17:00:00+00:00,cow_12,50.05,16.26,43.74,0.19,501,38.63,13.7,14.21,1.04,6,93.5,20.02,53.0,65.45,19.02,0,11.43,7.7,5.22
2026-09-12T17:00:00+00:00,cow_13,64.78,17.65,42.35,0.2013,517,38.83,20.95,22.62,1.9,6,93.5,20.02,53.0,65.45,19.02,0,15.1,7.13,5.04
2026-09-12T17:00:00+00:00,cow_14,71.01,14.52,45.48,0.2039,547,38.67,21.71,19.7,1.83,5,93.5,20.02,53.0,65.45,19.02,0,15.34,6.73,5.19
2026-09-12T17:00:00+00:00,cow_15,55.5,13.46,46.54,0.1831,450,38.56,20.13,15.78,1.84,5,93.5,20.02,53.0,65.45,19.02,0,18.71,7.17,5.08
2026-09-12T17:00:00+00:00,cow_16,64.26,15.04,44.96,0.2024,539,38.82,16.41,14.24,1.59,4,93.5,20.02,53.0,65.45,19.02,0,15.49,7.26,5.14
2026-09-12T18:00:00+00:00,cow_01,65.39,17.65,42.35,0.1859,526,38.8,18.61,16.69,1.56,4,89.8,19.65,52.5,64.92,18.65,0,0.0,0.0,5.21
2026-09-12T18:00:00+00:00,cow_02,78.53,12.96,47.04,0.2403,629,38.83,13.79,17.78,1.75,3,89.8,19.65,52.5,64.92,18.65,0,0.0,0.0,5.01
2026-09-12T18:00:00+00:00,cow_03,57.65,13.65,46.35,0.1694,483,38.7,18.2,17.83,1.6,4,89.8,19.65,52.5,64.92,18.65,0,0.0,0.0,5.23
2026-09-12T18:00:00+00:00,cow_04,58.67,16.29,43.71,0.1748,477,38.74,18.87,16.49,1.74,5,89.8,19.65,52.5,64.92,18.65,0,0.0,0.0,5.18
2026-09-12T18:00:00+00:00,cow_05,71.05,17.62,42.38,0.1938,584,38.75,16.2,15.27,1.95,4,89.8,19.65,52.5,64.92,18.65,0,0.0,0.0,5.01
2026-09-12T18:00:00+00:00,cow_06,72.85,14.54,45.46,0.2073,550,38.65,18.19,16.06,1.37,4,89.8,19.65,52.5,64.92,18.65,0,0.0,0.0,5.23
2026-09-12T18:00:00+00:00,cow_07,39.09,25.79,34.21,0.187,464,39.88,14.13,9.94,1.18,7,89.8,19.65,52.5,64.92,18.65,0,0.0,0.0,6.72
2026-09-12T18:00:00+00:00,cow_08,58.52,18.42,41.58,0.188,458,38.92,21.57,20.77,1.81,6,89.8,19.65,52.5,64.92,18.65,0,0.0,0.0,5.31
2026-09-12T18:00:00+00:00,cow_09,56.19,14.44,45.56,0.1803,474,38.67,17.18,16.49,1.61,4,89.8,19.65,52.5,64.92,18.65,0,0.0,0.0,5.3
2026-09-12T18:00:00+00:00,cow_10,62.25,15.36,44.64,0.2061,504,38.72,15.3,18.64,1.39,5,89.8,19.65,52.5,64.92,18.65,0,0.0,0.0,5.14
2026-09-12T18:00:00+00:00,cow_11,72.05,13.44,46.56,0.2071,584,38.53,21.27,16.85,2.03,5,89.8,19.65,52.5,64.92,18.65,0,0.0,0.0,5.17
2026-09-12T18:00:00+00:00,cow_12,50.69,14.81,45.19,0.1952,505,38.68,14.02,12.65,1.04,6,89.8,19.65,52.5,64.92,18.65,0,0.0,0.0,5.14
2026-09-12T18:00:00+00:00,cow_13,64.77,15.66,44.34,0.1849,499,38.8,19.42,20.05,1.7,5,89.8,19.65,52.5,64.92,18.65,0,0.0,0.0,5.26
2026-09-12T18:00:00+00:00,cow_14,69.15,16.44,43.56,0.2181,559,38.74,21.48,16.81,1.87,5,89.8,19.65,52.5,64.92,18.65,0,0.0,0.0,5.31
2026-09-12T18:00:00+00:00,cow_15,54.95,15.36,44.64,0.1749,458,38.63,19.62,17.35,1.76,5,89.8,19.65,52.5,64.92,18.65,0,0.0,0.0,5.4
2026-09-12T18:00:00+00:00,cow_16,61.15,15.9,44.1,0.1861,469,38.76,17.26,13.93,1.65,5,89.8,19.65,52.5,64.92,18.65,0,0.0,0.0,5.22
2026-09-12T19:00:00+00:00,cow_01,69.18,16.83,43.17,0.2083,526,38.74,18.93,16.98,1.55,5,91.0,18.74,51.8,63.68,17.74,0,0.0,0.0,5.08
2026-09-12T19:00:00+00:00,cow_02,76.68,15.41,44.59,0.2099,605,38.8,16.37,20.77,2.16,4,91.0,18.74,51.8,63.68,17.74,0,0.0,0.0,5.35
2026-09-12T19:00:00+00:00,cow_03,62.37,14.58,45.42,0.1981,524,38.64,18.76,18.88,1.62,5,91.0,18.74,51.8,63.68,17.74,0,0.0,0.0,5.3
2026-09-12T19:00:00+00:00,cow_04,56.57,14.64,45.36,0.1939,450,38.6,18.21,19.59,1.63,5,91.0,18.74,51.8,63.68,17.74,0,0.0,0.0,5.24
2026-09-12T19:00:00+00:00,cow_05,68.57,15.81,44.19,0.2177,560,38.77,17.18,16.72,2.18,5,91.0,18.74,51.8,63.68,17.74,0,0.0,0.0,5.23
2026-09-12T19:00:00+00:00,cow_06,77.71,16.34,43.66,0.2149,642,38.65,20.15,15.55,1.56,6,91.0,18.74,51.8,63.68,17.74,0,0.0,0.0,4.98
2026-09-12T19:00:00+00:00,cow_07,34.49,23.56,36.44,0.1737,415,39.9,12.6,9.69,1.11,4,91.0,18.74,51.8,63.68,17.74,0,0.0,0.0,6.56
2026-09-12T19:00:00+00:00,cow_08,54.12,14.74,45.26,0.1885,429,38.88,21.31,17.34,1.81,5,91.0,18.74,51.8,63.68,17.74,0,0.0,0.0,5.13
2026-09-12T19:00:00+00:00,cow_09,56.59,14.73,45.27,0.177,438,38.7,18.27,17.14,1.7,5,91.0,18.74,51.8,63.68,17.74,0,0.0,0.0,5.24
2026-09-12T19:00:00+00:00,cow_10,61.82,12.91,47.09,0.1685,521,38.74,17.13,18.95,1.62,4,91.0,18.74,51.8,63.68,17.74,0,0.0,0.0,5.09
2026-09-12T19:00:00+00:00,cow_11,70.79,14.42,45.58,0.1916,553,38.54,20.87,17.71,1.95,6,91.0,18.74,51.8,63.68,17.74,0,0.0,0.0,5.18
2026-09-12T19:00:00+00:00,cow_12,44.73,12.39,47.61,0.1798,426,38.62,14.21,14.17,1.02,5,91.0,18.74,51.8,63.68,17.74,0,0.0,0.0,5.19
2026-09-12T19:00:00+00:00,cow_13,60.57,13.12,46.88,0.2021,468,38.75,18.82,20.37,1.66,4,91.0,18.74,51.8,63.68,17.74,0,0.0,0.0,5.13
2026-09-12T19:00:00+00:00,cow_14,71.99,18.11,41.89,0.2177,564,38.74,23.0,18.59,2.0,5,91.0,18.74,51.8,63.68,17.74,0,0.0,0.0,5.16
2026-09-12T19:00:00+00:00,cow_15,53.93,13.36,46.64,0.1674,427,38.61,19.23,15.1,1.75,5,91.0,18.74,51.8,63.68,17.74,0,0.0,0.0,5.05
2026-09-12T19:00:00+00:00,cow_16,63.6,14.54,45.46,0.1918,505,38.82,17.29,14.06,1.7,4,91.0,18.74,51.8,63.68,17.74,0,0.0,0.0,5.29
2026-09-12T20:00:00+00:00,cow_01,49.25,25.15,34.85,0.1608,395,38.82,8.21,16.51,0.7,2,92.1,18.33,53.3,63.19,17.33,0,0.0,0.0,5.14
2026-09-12T20:00:00+00:00,cow_02,52.48,24.19,35.81,0.1893,398,38.77,5.25,18.69,0.58,2,92.1,18.33,53.3,63.19,17.33,0,0.0,0.0,5.25
2026-09-12T20:00:00+00:00,cow_03,45.37,23.12,36.88,0.1701,361,38.62,7.42,17.03,0.61,3,92.1,18.33,53.3,63.19,17.33,0,0.0,0.0,5.21
2026-09-12T20:00:00+00:00,cow_04,44.49,23.71,36.29,0.1629,351,38.79,8.41,18.04,0.73,2,92.1,18.33,53.3,63.19,17.33,0,0.0,0.0,5.13
2026-09-12T20:00:00+00:00,cow_05,53.45,20.37,39.63,0.1685,430,38.83,5.04,14.71,0.53,0,92.1,18.33,53.3,63.19,17.33,0,0.0,0.0,5.2
2026-09-12T20:00:00+00:00,cow_06,51.64,23.5,36.5,0.1609,421,38.64,7.72,16.57,0.6,2,92.1,18.33,53.3,63.19,17.33,0,0.0,0.0,5.31
2026-09-12T20:00:00+00:00,cow_07,29.3,32.19,27.81,0.1578,340,39.9,5.36,10.59,0.42,2,92.1,18.33,53.3,63.19,17.33,0,0.0,0.0,6.6
2026-09-12T20:00:00+00:00,cow_08,46.56,25.86,34.14,0.1561,355,38.88,8.98,20.78,0.64,2,92.1,18.33,53.3,63.19,17.33,0,0.0,0.0,5.27
2026-09-12T20:00:00+00:00,cow_09,43.63,22.15,37.85,0.1643,361,38.64,8.82,16.38,0.9,2,92.1,18.33,53.3,63.19,17.33,0,0.0,0.0,5.28
2026-09-12T20:00:00+00:00,cow_10,48.69,25.6,34.4,0.1706,399,38.68,7.9,19.05,0.76,1,92.1,18.33,53.3,63.19,17.33,0,0.0,0.0,5.16
2026-09-12T20:00:00+00:00,cow_11,54.81,21.74,38.26,0.1814,440,38.58,8.8,17.41,0.96,2,92.1,18.33,53.3,63.19,17.33,0,0.0,0.0,5.34
2026-09-12T20:00:00+00:00,cow_12,33.28,22.47,37.53,0.1486,330,38.64,5.23,13.33,0.4,2,92.1,18.33,53.3,63.19,17.33,0,0.0,0.0,5.29
2026-09-12T20:00:00+00:00,cow_13,49.35,24.88,35.12,0.1722,408,38.81,8.71,19.77,0.76,2,92.1,18.33,53.3,63.19,17.33,0,0.0,0.0,5.1
2026-09-12T20:00:00+00:00,cow_14,56.5,26.41,33.59,0.1696,469,38.82,9.23,17.79,0.84,2,92.1,18.33,53.3,63.19,17.33,0,0.0,0.0,5.38
2026-09-12T20:00:00+00:00,cow_15,36.98,19.22,40.78,0.1572,309,38.69,8.62,15.53,0.79,3,92.1,18.33,53.3,63.19,17.33,0,0.0,0.0,5.14
2026-09-12T20:00:00+00:00,cow_16,43.32,22.9,37.1,0.1508,343,38.8,7.89,15.09,0.74,2,92.1,18.33,53.3,63.19,17.33,0,0.0,0.0,5.11
2026-09-12T21:00:00+00:00,cow_01,46.53,22.31,37.69,0.1676,362,38.89,7.03,15.25,0.56,2,92.2,16.73,52.5,61.04,15.73,0,0.0,0.0,5.34
2026-09-12T21:00:00+00:00,cow_02,52.43,23.3,36.7,0.1601,431,38.77,6.6,19.22,0.87,2,92.2,16.73,52.5,61.04,15.73,0,0.0,0.0,5.12
2026-09-12T21:00:00+00:00,cow_03,45.12,20.58,39.42,0.1694,361,38.63,10.6,19.13,1.04,2,92.2,16.73,52.5,61.04,15.73,0,0.0,0.0,5.13
2026-09-12T21:00:00+00:00,cow_04,46.25,23.95,36.05,0.1652,338,38.66,8.41,17.84,0.65,2,92.2,16.73,52.5,61.04,15.73,0,0.0,0.0,4.94
2026-09-12T21:00:00+00:00,cow_05,49.97,20.48,39.52,0.1731,407,38.8,8.04,15.37,0.95,2,92.2,16.73,52.5,61.04,15.73,0,0.0,0.0,5.13
2026-09-12T21:00:00+00:00,cow_06,51.54,23.22,36.78,0.1586,422,38.56,8.37,16.49,0.7,2,92.2,16.73,52.5,61.04,15.73,0,0.0,0.0,5.13
2026-09-12T21:00:00+00:00,cow_07,28.67,34.83,25.17,0.1708,316,39.99,6.89,10.44,0.58,2,92.2,16.73,52.5,61.04,15.73,0,0.0,0.0,6.5
2026-09-12T21:00:00+00:00,cow_08,45.81,25.25,34.75,0.1668,373,38.95,10.61,19.76,0.8,3,92.2,16.73,52.5,61.04,15.73,0,0.0,0.0,5.33
2026-09-12T21:00:00+00:00,cow_09,42.35,25.12,34.88,0.1617,343,38.56,9.11,15.96,0.82,1,92.2,16.73,52.5,61.04,15.73,0,0.0,0.0,5.27
2026-09-12T21:00:00+00:00,cow_10,49.18,22.25,37.75,0.1759,403,38.74,6.27,16.65,0.57,1,92.2,16.73,52.5,61.04,15.73,0,0.0,0.0,5.21
2026-09-12T21:00:00+00:00,cow_11,53.95,21.24,38.76,0.1876,416,38.5,8.82,17.42,0.83,2,92.2,16.73,52.5,61.04,15.73,0,0.0,0.0,5.23
2026-09-12T21:00:00+00:00,cow_12,33.42,21.13,38.87,0.1595,325,38.57,5.35,12.6,0.37,2,92.2,16.73,52.5,61.04,15.73,0,0.0,0.0,5.18
2026-09-12T21:00:00+00:00,cow_13,44.68,23.42,36.58,0.1502,376,38.8,7.86,19.72,0.71,2,92.2,16.73,52.5,61.04,15.73,0,0.0,0.0,5.04
2026-09-12T21:00:00+00:00,cow_14,54.7,23.73,36.27,0.1788,436,38.83,7.06,19.34,0.65,2,92.2,16.73,52.5,61.04,15.73,0,0.0,0.0,5.09
2026-09-12T21:00:00+00:00,cow_15,38.23,20.57,39.43,0.1552,305,38.63,7.06,16.69,0.7,2,92.2,16.73,52.5,61.04,15.73,0,0.0,0.0,5.1
2026-09-12T21:00:00+00:00,cow_16,45.11,22.34,37.66,0.1549,374,38.97,6.2,16.14,0.62,2,92.2,16.73,52.5,61.04,15.73,0,0.0,0.0,5.31
2026-09-12T22:00:00+00:00,cow_01,24.67,36.82,23.18,0.1181,193,38.79,1.83,22.3,0.13,0,85.3,16.4,50.7,60.56,15.4,0,0.0,0.0,5.19
2026-09-12T22:00:00+00:00,cow_02,30.4,35.07,24.93,0.1431,241,38.81,0.98,26.5,0.11,0,85.3,16.4,50.7,60.56,15.4,0,0.0,0.0,5.05
2026-09-12T22:00:00+00:00,cow_03,27.89,32.25,27.75,0.128,226,38.66,1.16,25.36,0.07,1,85.3,16.4,50.7,60.56,15.4,0,0.0,0.0,5.31
2026-09-12T22:00:00+00:00,cow_04,21.04,35.23,24.77,0.1189,154,38.71,2.41,25.58,0.3,1,85.3,16.4,50.7,60.56,15.4,0,0.0,0.0,5.11
2026-09-12T22:00:00+00:00,cow_05,29.14,31.96,28.04,0.1211,229,38.78,1.14,20.31,0.08,0,85.3,16.4,50.7,60.56,15.4,0,0.0,0.0,5.24
2026-09-12T22:00:00+00:00,cow_06,31.24,32.73,27.27,0.1341,230,38.58,1.84,24.6,0.2,0,85.3,16.4,50.7,60.56,15.4,0,0.0,0.0,5.13
2026-09-12T22:00:00+00:00,cow_07,16.38,46.51,13.49,0.1142,205,39.97,1.09,13.94,0.11,1,85.3,16.4,50.7,60.56,15.4,0,0.0,0.0,6.58
2026-09-12T22:00:00+00:00,cow_08,22.96,39.68,20.32,0.1245,182,38.9,2.93,25.56,0.27,0,85.3,16.4,50.7,60.56,15.4,0,0.0,0.0,5.18
2026-09-12T22:00:00+00:00,cow_09,25.7,34.56,25.44,0.0964,196,38.57,2.15,22.83,0.18,0,85.3,16.4,50.7,60.56,15.4,0,0.0,0.0,5.06
2026-09-12T22:00:00+00:00,cow_10,25.72,35.34,24.66,0.1136,207,38.75,0.2,25.96,0.01,1,85.3,16.4,50.7,60.56,15.4,0,0.0,0.0,5.17
2026-09-12T22:00:00+00:00,cow_11,30.79,32.25,27.75,0.1382,259,38.5,2.74,26.46,0.25,1,85.3,16.4,50.7,60.56,15.4,0,0.0,0.0,5.26
2026-09-12T22:00:00+00:00,cow_12,16.65,35.06,24.94,0.1283,155,38.58,1.31,18.49,0.14,2,85.3,16.4,50.7,60.56,15.4,0,0.0,0.0,5.33
2026-09-12T22:00:00+00:00,cow_13,24.97,32.97,27.03,0.1095,206,38.95,2.67,27.33,0.24,1,85.3,16.4,50.7,60.56,15.4,0,0.0,0.0,5.15
2026-09-12T22:00:00+00:00,cow_14,30.19,36.97,23.03,0.1391,241,38.77,1.67,25.87,0.19,0,85.3,16.4,50.7,60.56,15.4,0,0.0,0.0,5.15
2026-09-12T22:00:00+00:00,cow_15,20.17,30.94,29.06,0.1124,163,38.6,4.21,22.87,0.35,1,85.3,16.4,50.7,60.56,15.4,0,0.0,0.0,5.13
2026-09-12T22:00:00+00:00,cow_16,29.12,37.56,22.44,0.1403,246,38.8,2.79,23.56,0.26,1,85.3,16.4,50.7,60.56,15.4,0,0.0,0.0,5.2
2026-09-12T23:00:00+00:00,cow_01,28.34,42.79,17.21,0.1252,224,38.8,4.16,22.4,0.37,1,93.5,15.49,52.9,59.39,14.49,0,0.0,0.0,5.19
2026-09-12T23:00:00+00:00,cow_02,29.67,35.34,24.66,0.1641,214,38.7,2.37,27.66,0.33,0,93.5,15.49,52.9,59.39,14.49,0,0.0,0.0,5.12
2026-09-12T23:00:00+00:00,cow_03,23.99,34.59,25.41,0.113,194,38.62,1.07,22.65,0.14,0,93.5,15.49,52.9,59.39,14.49,0,0.0,0.0,5.3
2026-09-12T23:00:00+00:00,cow_04,24.23,31.97,28.03,0.1284,181,38.65,3.66,24.76,0.29,0,93.5,15.49,52.9,59.39,14.49,0,0.0,0.0,5.1
2026-09-12T23:00:00+00:00,cow_05,27.13,30.95,29.05,0.1261,226,38.7,0.8,22.76,0.06,1,93.5,15.49,52.9,59.39,14.49,0,0.0,0.0,5.17
2026-09-12T23:00:00+00:00,cow_06,29.87,30.65,29.35,0.1222,204,38.6,2.66,25.0,0.24,1,93.5,15.49,52.9,59.39,14.49,0,0.0,0.0,5.18
2026-09-12T23:00:00+00:00,cow_07,16.06,50.38,9.62,0.1146,174,39.96,0.64,14.92,0.07,0,93.5,15.49,52.9,59.39,14.49,0,0.0,0.0,6.55
2026-09-12T23:00:00+00:00,cow_08,23.83,39.25,20.75,0.1264,190,38.8,3.64,27.7,0.39,1,93.5,15.49,52.9,59.39,14.49,0,0.0,0.0,5.2
2026-09-12T23:00:00+00:00,cow_09,25.48,33.96,26.04,0.1275,190,38.58,0.34,25.22,0.05,0,93.5,15.49,52.9,59.39,14.49,0,0.0,0.0,5.17
2026-09-12T23:00:00+00:00,cow_10,27.88,36.69,23.31,0.1339,251,38.76,1.43,27.0,0.15,0,93.5,15.49,52.9,59.39,14.49,0,0.0,0.0,5.17
2026-09-12T23:00:00+00:00,cow_11,28.83,33.49,26.51,0.1291,234,38.58,4.14,26.5,0.35,2,93.5,15.49,52.9,59.39,14.49,0,0.0,0.0,5.14
2026-09-12T23:00:00+00:00,cow_12,18.68,35.4,24.6,0.15,188,38.56,0.83,16.77,0.06,1,93.5,15.49,52.9,59.39,14.49,0,0.0,0.0,5.09
2026-09-12T23:00:00+00:00,cow_13,26.39,32.29,27.71,0.1183,220,38.74,4.01,26.22,0.42,2,93.5,15.49,52.9,59.39,14.49,0,0.0,0.0,5.14
2026-09-12T23:00:00+00:00,cow_14,35.54,37.44,22.56,0.1376,279,38.7,4.23,26.14,0.44,0,93.5,15.49,52.9,59.39,14.49,0,0.0,0.0,5.22
2026-09-12T23:00:00+00:00,cow_15,19.45,34.2,25.8,0.1102,163,38.54,0.94,24.55,0.13,0,93.5,15.49,52.9,59.39,14.49,0,0.0,0.0,5.03
2026-09-12T23:00:00+00:00,cow_16,27.17,33.77,26.23,0.1341,209,38.76,2.82,21.08,0.27,1,93.5,15.49,52.9,59.39,14.49,0,0.0,0.0,5.37
2026-09-13T00:00:00+00:00,cow_01,29.33,38.27,21.73,0.1316,245,38.7,3.79,23.37,0.34,1,91.4,14.94,55.8,58.67,13.94,0,0.0,0.0,5.25
2026-09-13T00:00:00+00:00,cow_02,32.42,38.23,21.77,0.1384,256,38.76,2.18,28.54,0.38,0,91.4,14.94,55.8,58.67,13.94,0,0.0,0.0,5.21
2026-09-13T00:00:00+00:00,cow_03,22.04,32.91,27.09,0.1182,170,38.66,2.9,23.47,0.3,1,91.4,14.94,55.8,58.67,13.94,0,0.0,0.0,5.16
2026-09-13T00:00:00+00:00,cow_04,21.78,31.82,28.18,0.1146,175,38.68,0.43,28.55,0.0,0,91.4,14.94,55.8,58.67,13.94,0,0.0,0.0,5.17
2026-09-13T00:00:00+00:00,cow_05,26.73,31.78,28.22,0.1257,211,38.79,1.48,24.19,0.21,0,91.4,14.94,55.8,58.67,13.94,0,0.0,0.0,5.13
2026-09-13T00:00:00+00:00,cow_06,27.84,34.07,25.93,0.1433,234,38.5,3.9,22.99,0.25,1,91.4,14.94,55.8,58.67,13.94,0,0.0,0.0,5.28
2026-09-13T00:00:00+00:00,cow_07,20.15,45.53,14.47,0.125,185,39.41,1.6,17.51,0.23,1,91.4,14.94,55.8,58.67,13.94,0,0.0,0.0,6.02
2026-09-13T00:00:00+00:00,cow_08,27.83,40.94,19.06,0.1444,215,38.75,1.65,28.84,0.15,0,91.4,14.94,55.8,58.67,13.94,0,0.0,0.0,5.33
2026-09-13T00:00:00+00:00,cow_09,22.18,32.73,27.27,0.1095,159,38.56,1.66,22.1,0.2,1,91.4,14.94,55.8,58.67,13.94,0,0.0,0.0,5.34
2026-09-13T00:00:00+00:00,cow_10,25.31,34.0,26.0,0.1277,204,38.7,1.86,24.25,0.19,1,91.4,14.94,55.8,58.67,13.94,0,0.0,0.0,5.17
2026-09-13T00:00:00+00:00,cow_11,36.11,32.62,27.38,0.1387,295,38.54,1.23,26.8,0.09,1,91.4,14.94,55.8,58.67,13.94,0,0.0,0.0,5.23
2026-09-13T00:00:00+00:00,cow_12,18.99,36.41,23.59,0.1162,165,38.49,2.01,19.82,0.15,1,91.4,14.94,55.8,58.67,13.94,0,0.0,0.0,5.22
2026-09-13T00:00:00+00:00,cow_13,24.8,31.77,28.23,0.1263,210,38.77,2.3,26.29,0.18,0,91.4,14.94,55.8,58.67,13.94,0,0.0,0.0,5.2
2026-09-13T00:00:00+00:00,cow_14,28.98,38.17,21.83,0.1225,231,38.69,2.25,24.93,0.15,1,91.4,14.94,55.8,58.67,13.94,0,0.0,0.0,5.23
2026-09-13T00:00:00+00:00,cow_15,24.69,32.57,27.43,0.1211,186,38.49,1.11,23.6,0.14,0,91.4,14.94,55.8,58.67,13.94,0,0.0,0.0,5.31
2026-09-13T00:00:00+00:00,cow_16,21.36,36.16,23.84,0.11,187,38.79,4.92,21.31,0.37,0,91.4,14.94,55.8,58.67,13.94,0,0.0,0.0,5.18
2026-09-13T01:00:00+00:00,cow_01,25.29,41.99,18.01,0.1192,181,38.71,2.41,23.67,0.17,1,93.7,14.68,55.7,58.33,13.68,0,0.0,0.0,5.13
2026-09-13T01:00:00+00:00,cow_02,32.74,36.47,23.53,0.1362,259,38.7,0.69,28.81,0.15,0,93.7,14.68,55.7,58.33,13.68,0,0.0,0.0,5.19
2026-09-13T01:00:00+00:00,cow_03,22.21,35.82,24.18,0.1348,183,38.62,3.83,25.42,0.29,1,93.7,14.68,55.7,58.33,13.68,0,0.0,0.0,5.24
2026-09-13T01:00:00+00:00,cow_04,24.84,35.15,24.85,0.1311,202,38.47,3.71,27.32,0.42,1,93.7,14.68,55.7,58.33,13.68,0,0.0,0.0,5.05
2026-09-13T01:00:00+00:00,cow_05,27.86,32.92,27.08,0.1257,243,38.64,2.17,21.7,0.41,0,93.7,14.68,55.7,58.33,13.68,0,0.0,0.0,5.25
2026-09-13T01:00:00+00:00,cow_06,27.21,34.62,25.38,0.1194,234,38.56,3.02,22.57,0.23,1,93.7,14.68,55.7,58.33,13.68,0,0.0,0.0,5.27
2026-09-13T01:00:00+00:00,cow_07,16.75,47.55,12.45,0.1277,148,39.37,2.15,18.58,0.16,1,93.7,14.68,55.7,58.33,13.68,0,0.0,0.0,6.2
2026-09-13T01:00:00+00:00,cow_08,25.35,36.14,23.86,0.1207,216,38.76,0.74,27.21,0.11,0,93.7,14.68,55.7,58.33,13.68,0,0.0,0.0,5.25
2026-09-13T01:00:00+00:00,cow_09,29.03,33.26,26.74,0.1353,218,38.47,2.08,24.95,0.16,1,93.7,14.68,55.7,58.33,13.68,0,0.0,0.0,5.11
2026-09-13T01:00:00+00:00,cow_10,27.84,34.76,25.24,0.1327,237,38.61,1.77,25.26,0.16,0,93.7,14.68,55.7,58.33,13.68,0,0.0,0.0,5.27
2026-09-13T01:00:00+00:00,cow_11,30.86,34.37,25.63,0.1336,252,38.58,1.53,23.63,0.17,0,93.7,14.68,55.7,58.33,13.68,0,0.0,0.0,5.09
2026-09-13T01:00:00+00:00,cow_12,20.57,32.99,27.01,0.1405,203,38.51,1.36,18.43,0.05,0,93.7,14.68,55.7,58.33,13.68,0,0.0,0.0,5.08
2026-09-13T01:00:00+00:00,cow_13,28.68,32.87,27.13,0.1173,228,38.82,3.8,25.96,0.3,1,93.7,14.68,55.7,58.33,13.68,0,0.0,0.0,5.13
2026-09-13T01:00:00+00:00,cow_14,30.74,36.91,23.09,0.1242,225,38.77,3.57,23.54,0.37,0,93.7,14.68,55.7,58.33,13.68,0,0.0,0.0,5.19
2026-09-13T01:00:00+00:00,cow_15,22.71,32.96,27.04,0.1115,183,38.41,2.33,25.09,0.26,0,93.7,14.68,55.7,58.33,13.68,0,0.0,0.0,5.08
2026-09-13T01:00:00+00:00,cow_16,19.84,35.8,24.2,0.1185,164,38.8,2.47,22.34,0.17,1,93.7,14.68,55.7,58.33,13.68,0,0.0,0.0,5.19
2026-09-13T02:00:00+00:00,cow_01,30.86,39.29,20.71,0.1439,240,38.65,2.69,23.18,0.23,0,90.4,14.17,58.2,57.62,13.17,0,0.0,0.0,5.32
2026-09-13T02:00:00+00:00,cow_02,27.74,36.75,23.25,0.1302,259,38.64,0.83,28.2,0.08,1,90.4,14.17,58.2,57.62,13.17,0,0.0,0.0,5.27
2026-09-13T02:00:00+00:00,cow_03,26.47,32.06,27.94,0.1363,246,38.52,2.31,24.02,0.19,1,90.4,14.17,58.2,57.62,13.17,0,0.0,0.0,5.2
2026-09-13T02:00:00+00:00,cow_04,24.18,32.69,27.31,0.1354,199,38.61,3.04,23.12,0.31,1,90.4,14.17,58.2,57.62,13.17,0,0.0,0.0,5.22
2026-09-13T02:00:00+00:00,cow_05,33.74,33.8,26.2,0.1508,244,38.7,2.87,20.38,0.38,0,90.4,14.17,58.2,57.62,13.17,0,0.0,0.0,5.25
2026-09-13T02:00:00+00:00,cow_06,30.67,33.21,26.79,0.1423,233,38.49,3.76,23.83,0.24,1,90.4,14.17,58.2,57.62,13.17,0,0.0,0.0,5.21
2026-09-13T02:00:00+00:00,cow_07,22.51,46.42,13.58,0.1388,232,39.37,2.61,18.29,0.18,0,90.4,14.17,58.2,57.62,13.17,0,0.0,0.0,6.16
2026-09-13T02:00:00+00:00,cow_08,24.96,37.78,22.22,0.1279,223,38.69,3.31,27.51,0.25,1,90.4,14.17,58.2,57.62,13.17,0,0.0,0.0,5.03
2026-09-13T02:00:00+00:00,cow_09,21.52,33.2,26.8,0.1068,171,38.45,3.65,26.36,0.34,1,90.4,14.17,58.2,57.62,13.17,0,0.0,0.0,5.3
2026-09-13T02:00:00+00:00,cow_10,26.23,34.57,25.43,0.1133,217,38.68,1.04,24.42,0.16,0,90.4,14.17,58.2,57.62,13.17,0,0.0,0.0,5.14
2026-09-13T02:00:00+00:00,cow_11,30.14,32.52,27.48,0.1239,218,38.54,4.44,25.54,0.54,2,90.4,14.17,58.2,57.62,13.17,0,0.0,0.0,5.2
2026-09-13T02:00:00+00:00,cow_12,24.13,31.43,28.57,0.1309,261,38.47,2.59,17.4,0.17,1,90.4,14.17,58.2,57.62,13.17,0,0.0,0.0,5.25
2026-09-13T02:00:00+00:00,cow_13,26.36,33.64,26.36,0.1182,246,38.69,3.72,28.11,0.31,1,90.4,14.17,58.2,57.62,13.17,0,0.0,0.0,5.14
2026-09-13T02:00:00+00:00,cow_14,31.3,37.18,22.82,0.1526,226,38.64,5.28,23.69,0.47,1,90.4,14.17,58.2,57.62,13.17,0,0.0,0.0,5.27
2026-09-13T02:00:00+00:00,cow_15,18.32,30.88,29.12,0.1031,159,38.45,1.98,23.98,0.19,0,90.4,14.17,58.2,57.62,13.17,0,0.0,0.0,5.16
2026-09-13T02:00:00+00:00,cow_16,23.03,37.02,22.98,0.1364,164,38.66,2.69,20.98,0.3,1,90.4,14.17,58.2,57.62,13.17,0,0.0,0.0,5.27
2026-09-13T03:00:00+00:00,cow_01,28.4,40.01,19.99,0.1321,247,38.61,2.93,22.62,0.22,1,89.1,15.55,57.9,59.52,14.55,0,0.0,0.0,5.12
2026-09-13T03:00:00+00:00,cow_02,29.06,38.63,21.37,0.1611,240,38.67,2.27,27.97,0.32,1,89.1,15.55,57.9,59.52,14.55,0,0.0,0.0,5.32
2026-09-13T03:00:00+00:00,cow_03,22.49,37.47,22.53,0.1219,181,38.48,2.06,24.93,0.21,1,89.1,15.55,57.9,59.52,14.55,0,0.0,0.0,5.16
2026-09-13T03:00:00+00:00,cow_04,17.57,31.32,28.68,0.1118,145,38.5,1.72,26.67,0.14,0,89.1,15.55,57.9,59.52,14.55,0,0.0,0.0,5.07
2026-09-13T03:00:00+00:00,cow_05,26.2,33.64,26.36,0.1175,219,38.66,1.37,21.46,0.22,1,89.1,15.55,57.9,59.52,14.55,0,0.0,0.0,5.15
2026-09-13T03:00:00+00:00,cow_06,26.16,35.99,24.01,0.1329,215,38.49,1.43,24.71,0.1,1,89.1,15.55,57.9,59.52,14.55,0,0.0,0.0,5.26
2026-09-13T03:00:00+00:00,cow_07,20.47,46.56,13.44,0.129,211,39.32,1.59,17.34,0.15,1,89.1,15.55,57.9,59.52,14.55,0,0.0,0.0,6.06
2026-09-13T03:00:00+00:00,cow_08,22.04,36.42,23.58,0.107,168,38.62,2.56,25.52,0.13,1,89.1,15.55,57.9,59.52,14.55,0,0.0,0.0,5.21
2026-09-13T03:00:00+00:00,cow_09,25.43,34.54,25.46,0.1297,205,38.47,3.72,23.12,0.38,1,89.1,15.55,57.9,59.52,14.55,0,0.0,0.0,5.22
2026-09-13T03:00:00+00:00,cow_10,28.91,33.53,26.47,0.1225,224,38.53,1.06,27.86,0.12,0,89.1,15.55,57.9,59.52,14.55,0,0.0,0.0,5.12
2026-09-13T03:00:00+00:00,cow_11,27.61,32.26,27.74,0.1412,219,38.52,2.69,25.15,0.3,0,89.1,15.55,57.9,59.52,14.55,0,0.0,0.0,5.22
2026-09-13T03:00:00+00:00,cow_12,16.99,31.23,28.77,0.1161,178,38.46,1.86,16.0,0.14,1,89.1,15.55,57.9,59.52,14.55,0,0.0,0.0,5.25
2026-09-13T03:00:00+00:00,cow_13,23.19,35.5,24.5,0.1167,181,38.66,1.38,27.91,0.06,1,89.1,15.55,57.9,59.52,14.55,0,0.0,0.0,5.18
2026-09-13T03:00:00+00:00,cow_14,28.99,32.82,27.18,0.1263,228,38.66,2.66,23.78,0.27,0,89.1,15.55,57.9,59.52,14.55,0,0.0,0.0,5.28
2026-09-13T03:00:00+00:00,cow_15,23.98,31.33,28.67,0.1325,200,38.47,2.39,24.21,0.31,1,89.1,15.55,57.9,59.52,14.55,0,0.0,0.0,5.17
2026-09-13T03:00:00+00:00,cow_16,29.15,35.88,24.12,0.128,259,38.58,2.74,23.44,0.32,0,89.1,15.55,57.9,59.52,14.55,0,0.0,0.0,5.1
2026-09-13T04:00:00+00:00,cow_01,28.78,36.29,23.71,0.1334,221,38.54,0.94,23.29,0.1,1,85.2,15.06,61.7,58.88,14.06,0,0.0,0.0,5.25
2026-09-13T04:00:00+00:00,cow_02,29.99,40.33,19.67,0.1441,222,38.58,2.16,27.1,0.38,0,85.2,15.06,61.7,58.88,14.06,0,0.0,0.0,5.17
2026-09-13T04:00:00+00:00,cow_03,26.55,33.41,26.59,0.1256,244,38.54,0.95,26.44,0.07,1,85.2,15.06,61.7,58.88,14.06,0,0.0,0.0,5.36
2026-09-13T04:00:00+00:00,cow_04,26.35,37.44,22.56,0.136,220,38.54,1.07,26.07,0.04,0,85.2,15.06,61.7,58.88,14.06,0,0.0,0.0,5.24
2026-09-13T04:00:00+00:00,cow_05,27.95,32.02,27.98,0.1167,215,38.64,1.5,21.58,0.2,1,85.2,15.06,61.7,58.88,14.06,0,0.0,0.0,5.19
2026-09-13T04:00:00+00:00,cow_06,26.72,34.92,25.08,0.1473,241,38.37,2.9,27.28,0.22,1,85.2,15.06,61.7,58.88,14.06,0,0.0,0.0,5.08
2026-09-13T04:00:00+00:00,cow_07,20.6,45.99,14.01,0.1179,218,39.31,1.44,16.17,0.13,1,85.2,15.06,61.7,58.88,14.06,0,0.0,0.0,6.13
2026-09-13T04:00:00+00:00,cow_08,27.62,36.36,23.64,0.1196,224,38.53,1.96,26.34,0.22,1,85.2,15.06,61.7,58.88,14.06,0,0.0,0.0,5.26
2026-09-13T04:00:00+00:00,cow_09,28.57,35.42,24.58,0.1393,239,38.36,0.8,23.08,0.12,0,85.2,15.06,61.7,58.88,14.06,0,0.0,0.0,5.25
2026-09-13T04:00:00+00:00,cow_10,21.67,34.73,25.27,0.1104,162,38.62,4.19,25.12,0.37,1,85.2,15.06,61.7,58.88,14.06,0,0.0,0.0,5.26
2026-09-13T04:00:00+00:00,cow_11,28.72,32.13,27.87,0.1346,230,38.42,1.93,25.6,0.22,0,85.2,15.06,61.7,58.88,14.06,0,0.0,0.0,5.07
2026-09-13T04:00:00+00:00,cow_12,22.81,34.37,25.63,0.1294,260,38.52,2.34,17.31,0.22,0,85.2,15.06,61.7,58.88,14.06,0,0.0,0.0,5.21
2026-09-13T04:00:00+00:00,cow_13,24.68,33.21,26.79,0.1267,206,38.63,2.38,26.67,0.26,1,85.2,15.06,61.7,58.88,14.06,0,0.0,0.0,5.21
2026-09-13T04:00:00+00:00,cow_14,27.21,34.88,25.12,0.1356,232,38.53,2.95,26.15,0.36,1,85.2,15.06,61.7,58.88,14.06,0,0.0,0.0,5.19
2026-09-13T04:00:00+00:00,cow_15,24.46,30.86,29.14,0.1026,175,38.37,1.73,22.51,0.16,0,85.2,15.06,61.7,58.88,14.06,0,0.0,0.0,5.14
2026-09-13T04:00:00+00:00,cow_16,21.26,35.49,24.51,0.1288,160,38.58,2.92,23.32,0.26,1,85.2,15.06,61.7,58.88,14.06,0,0.0,0.0,5.32
2026-09-13T05:00:00+00:00,cow_01,46.69,24.95,35.05,0.1662,364,38.59,7.15,15.68,0.59,2,89.6,15.88,61.1,60.03,14.88,0,0.0,0.0,5.15
2026-09-13T05:00:00+00:00,cow_02,54.36,26.07,33.93,0.1723,434,38.64,6.58,19.12,0.85,1,89.6,15.88,61.1,60.03,14.88,0,0.0,0.0,5.24
2026-09-13T05:00:00+00:00,cow_03,42.6,22.94,37.06,0.1568,344,38.52,6.51,17.17,0.6,1,89.6,15.88,61.1,60.03,14.88,0,0.0,0.0,5.28
2026-09-13T05:00:00+00:00,cow_04,42.87,22.73,37.27,0.1559,345,38.46,7.73,18.07,0.63,2,89.6,15.88,61.1,60.03,14.88,0,0.0,0.0,5.2
2026-09-13T05:00:00+00:00,cow_05,49.75,21.64,38.36,0.1649,421,38.65,8.33,17.18,1.1,2,89.6,15.88,61.1,60.03,14.88,0,0.0,0.0,5.05
2026-09-13T05:00:00+00:00,cow_06,52.37,21.33,38.67,0.1863,422,38.34,6.57,19.95,0.53,2,89.6,15.88,61.1,60.03,14.88,0,0.0,0.0,5.16
2026-09-13T05:00:00+00:00,cow_07,33.43,29.2,30.8,0.1566,365,39.17,6.69,12.84,0.58,3,89.6,15.88,61.1,60.03,14.88,0,0.0,0.0,5.97
2026-09-13T05:00:00+00:00,cow_08,49.67,23.45,36.55,0.1581,390,38.54,9.57,19.47,0.82,2,89.6,15.88,61.1,60.03,14.88,0,0.0,0.0,5.19
2026-09-13T05:00:00+00:00,cow_09,43.47,23.68,36.32,0.1602,353,38.46,6.23,16.49,0.52,2,89.6,15.88,61.1,60.03,14.88,0,0.0,0.0,5.33
2026-09-13T05:00:00+00:00,cow_10,51.53,23.06,36.94,0.1766,405,38.55,5.58,17.17,0.49,2,89.6,15.88,61.1,60.03,14.88,0,0.0,0.0,5.16
2026-09-13T05:00:00+00:00,cow_11,53.41,22.28,37.72,0.1851,446,38.29,8.7,18.57,0.83,3,89.6,15.88,61.1,60.03,14.88,0,0.0,0.0,5.27
2026-09-13T05:00:00+00:00,cow_12,35.46,24.33,35.67,0.1675,359,38.35,6.27,13.96,0.46,2,89.6,15.88,61.1,60.03,14.88,0,0.0,0.0,5.33
2026-09-13T05:00:00+00:00,cow_13,47.97,22.31,37.69,0.181,376,38.48,7.5,20.43,0.7,2,89.6,15.88,61.1,60.03,14.88,0,0.0,0.0,5.28
2026-09-13T05:00:00+00:00,cow_14,53.83,24.18,35.82,0.1852,424,38.54,7.87,16.13,0.65,2,89.6,15.88,61.1,60.03,14.88,0,0.0,0.0,5.15
2026-09-13T05:00:00+00:00,cow_15,40.86,21.18,38.82,0.1528,303,38.23,8.68,16.8,0.72,2,89.6,15.88,61.1,60.03,14.88,0,0.0,0.0,5.23
2026-09-13T05:00:00+00:00,cow_16,45.23,25.79,34.21,0.1741,355,38.55,5.65,17.1,0.56,2,89.6,15.88,61.1,60.03,14.88,0,0.0,0.0,5.03
2026-09-13T06:00:00+00:00,cow_01,61.98,17.33,42.67,0.1795,512,38.49,20.14,18.47,1.67,4,92.9,16.56,62.7,61.03,15.56,0,14.02,7.41,5.21
2026-09-13T06:00:00+00:00,cow_02,76.38,17.18,42.82,0.2358,604,38.57,15.84,21.3,2.08,4,92.9,16.56,62.7,61.03,15.56,0,14.67,7.93,5.13
2026-09-13T06:00:00+00:00,cow_03,58.58,12.1,47.9,0.1758,470,38.35,18.78,14.87,1.59,6,92.9,16.56,62.7,61.03,15.56,0,16.0,8.62,5.19
2026-09-13T06:00:00+00:00,cow_04,60.54,15.69,44.31,0.1794,487,38.52,17.89,18.41,1.48,5,92.9,16.56,62.7,61.03,15.56,0,15.23,6.92,5.14
2026-09-13T06:00:00+00:00,cow_05,66.04,14.59,45.41,0.1954,533,38.53,15.4,15.94,1.91,4,92.9,16.56,62.7,61.03,15.56,0,18.1,8.16,5.18
2026-09-13T06:00:00+00:00,cow_06,70.58,13.6,46.4,0.2095,596,38.3,20.64,18.6,1.63,5,92.9,16.56,62.7,61.03,15.56,0,15.48,7.51,5.2
2026-09-13T06:00:00+00:00,cow_07,47.56,20.16,39.84,0.2017,479,39.22,16.44,12.36,1.43,5,92.9,16.56,62.7,61.03,15.56,0,11.53,8.34,6.09
2026-09-13T06:00:00+00:00,cow_08,56.16,17.08,42.92,0.1755,454,38.58,22.65,16.69,1.83,4,92.9,16.56,62.7,61.03,15.56,0,17.59,6.33,5.07
2026-09-13T06:00:00+00:00,cow_09,56.31,13.91,46.09,0.1805,450,38.34,18.99,16.6,1.8,5,92.9,16.56,62.7,61.03,15.56,0,17.04,7.48,5.15
2026-09-13T06:00:00+00:00,cow_10,66.06,16.17,43.83,0.205,533,38.43,19.63,17.11,1.81,6,92.9,16.56,62.7,61.03,15.56,0,18.57,8.11,5.14
2026-09-13T06:00:00+00:00,cow_11,73.87,13.72,46.28,0.2151,585,38.31,21.68,19.14,2.06,5,92.9,16.56,62.7,61.03,15.56,0,17.34,7.88,5.18
2026-09-13T06:00:00+00:00,cow_12,45.71,15.43,44.57,0.1621,456,38.44,15.29,13.65,1.17,7,92.9,16.56,62.7,61.03,15.56,0,11.09,8.21,5.18
2026-09-13T06:00:00+00:00,cow_13,63.07,13.97,46.03,0.1783,491,38.63,20.27,18.16,1.82,5,92.9,16.56,62.7,61.03,15.56,0,13.18,6.76,5.13
2026-09-13T06:00:00+00:00,cow_14,75.76,16.6,43.4,0.2146,603,38.43,21.84,19.6,1.88,6,92.9,16.56,62.7,61.03,15.56,0,15.63,7.95,5.14
2026-09-13T06:00:00+00:00,cow_15,53.2,12.52,47.48,0.1934,419,38.39,20.25,13.59,1.88,5,92.9,16.56,62.7,61.03,15.56,0,17.11,7.97,5.29
2026-09-13T06:00:00+00:00,cow_16,60.2,17.26,42.74,0.1906,482,38.51,16.58,17.33,1.63,5,92.9,16.56,62.7,61.03,15.56,0,14.31,7.33,5.24
2026-09-13T07:00:00+00:00,cow_01,62.0,15.35,44.65,0.2038,495,38.51,20.74,16.84,1.64,5,88.6,17.36,62.4,62.16,16.36,0,0.0,0.0,5.29
2026-09-13T07:00:00+00:00,cow_02,73.0,18.42,41.58,0.207,570,38.57,16.02,17.29,2.08,3,88.6,17.36,62.4,62.16,16.36,0,0.0,0.0,5.26
2026-09-13T07:00:00+00:00,cow_03,64.93,15.7,44.3,0.1893,532,38.39,18.61,16.55,1.63,5,88.6,17.36,62.4,62.16,16.36,0,0.0,0.0,5.01
2026-09-13T07:00:00+00:00,cow_04,59.78,15.04,44.96,0.1911,448,38.44,18.25,19.23,1.49,4,88.6,17.36,62.4,62.16,16.36,0,0.0,0.0,5.05
2026-09-13T07:00:00+00:00,cow_05,69.86,13.93,46.07,0.2043,538,38.43,13.8,13.96,1.72,3,88.6,17.36,62.4,62.16,16.36,0,0.0,0.0,5.19
2026-09-13T07:00:00+00:00,cow_06,76.07,14.26,45.74,0.2218,620,38.39,20.24,17.26,1.5,5,88.6,17.36,62.4,62.16,16.36,0,0.0,0.0,5.17
2026-09-13T07:00:00+00:00,cow_07,48.22,20.56,39.44,0.188,508,39.17,15.78,14.33,1.39,5,88.6,17.36,62.4,62.16,16.36,0,0.0,0.0,6.23
2026-09-13T07:00:00+00:00,cow_08,59.31,18.81,41.19,0.1834,505,38.61,22.21,20.36,1.86,6,88.6,17.36,62.4,62.16,16.36,0,0.0,0.0,5.13
2026-09-13T07:00:00+00:00,cow_09,59.63,13.87,46.13,0.1959,503,38.34,17.65,16.82,1.65,4,88.6,17.36,62.4,62.16,16.36,0,0.0,0.0,5.33
2026-09-13T07:00:00+00:00,cow_10,66.39,14.69,45.31,0.2001,574,38.48,17.55,18.02,1.64,4,88.6,17.36,62.4,62.16,16.36,0,0.0,0.0,5.16
2026-09-13T07:00:00+00:00,cow_11,75.36,13.6,46.4,0.2037,613,38.28,20.36,16.14,1.83,5,88.6,17.36,62.4,62.16,16.36,0,0.0,0.0,5.18
2026-09-13T07:00:00+00:00,cow_12,49.67,14.12,45.88,0.1874,485,38.33,14.01,11.99,1.07,6,88.6,17.36,62.4,62.16,16.36,0,0.0,0.0,5.13
2026-09-13T07:00:00+00:00,cow_13,64.42,15.89,44.11,0.2018,515,38.59,21.55,19.82,1.95,5,88.6,17.36,62.4,62.16,16.36,0,0.0,0.0,5.09
2026-09-13T07:00:00+00:00,cow_14,68.54,15.04,44.96,0.206,545,38.55,17.83,17.45,1.58,5,88.6,17.36,62.4,62.16,16.36,0,0.0,0.0,5.21
2026-09-13T07:00:00+00:00,cow_15,58.16,14.91,45.09,0.1891,464,38.42,20.01,16.87,1.79,5,88.6,17.36,62.4,62.16,16.36,0,0.0,0.0,5.32
2026-09-13T07:00:00+00:00,cow_16,55.87,15.72,44.28,0.1803,454,38.55,18.2,15.75,1.77,5,88.6,17.36,62.4,62.16,16.36,0,0.0,0.0,5.32
2026-09-13T08:00:00+00:00,cow_01,65.17,16.3,43.7,0.2014,544,38.57,21.3,13.75,1.61,5,92.5,18.27,65.0,63.57,17.27,0,0.0,0.0,5.24
2026-09-13T08:00:00+00:00,cow_02,74.47,15.95,44.05,0.1993,586,38.47,15.1,18.54,1.91,3,92.5,18.27,65.0,63.57,17.27,0,0.0,0.0,5.31
2026-09-13T08:00:00+00:00,cow_03,60.34,13.87,46.13,0.1872,487,38.4,18.76,18.33,1.6,5,92.5,18.27,65.0,63.57,17.27,0,0.0,0.0,5.34
2026-09-13T08:00:00+00:00,cow_04,64.86,16.97,43.03,0.1901,512,38.37,18.78,19.28,1.52,4,92.5,18.27,65.0,63.57,17.27,0,0.0,0.0,5.21
2026-09-13T08:00:00+00:00,cow_05,69.26,13.78,46.22,0.1907,545,38.46,15.68,14.57,1.98,4,92.5,18.27,65.0,63.57,17.27,0,0.0,0.0,5.27
2026-09-13T08:00:00+00:00,cow_06,71.54,14.76,45.24,0.2063,569,38.32,19.45,17.74,1.47,5,92.5,18.27,65.0,63.57,17.27,0,0.0,0.0,5.21
2026-09-13T08:00:00+00:00,cow_07,44.29,21.75,38.25,0.1762,449,39.19,16.68,13.49,1.43,5,92.5,18.27,65.0,63.57,17.27,0,0.0,0.0,6.11
2026-09-13T08:00:00+00:00,cow_08,59.96,18.18,41.82,0.1763,500,38.6,21.78,18.99,1.77,5,92.5,18.27,65.0,63.57,17.27,0,0.0,0.0,5.38
2026-09-13T08:00:00+00:00,cow_09,60.11,15.96,44.04,0.1833,479,38.31,16.7,17.09,1.59,5,92.5,18.27,65.0,63.57,17.27,0,0.0,0.0,5.22
2026-09-13T08:00:00+00:00,cow_10,64.07,15.01,44.99,0.199,524,38.52,14.68,19.99,1.29,3,92.5,18.27,65.0,63.57,17.27,0,0.0,0.0,5.18
2026-09-13T08:00:00+00:00,cow_11,74.63,12.97,47.03,0.2084,601,38.33,22.0,19.43,2.11,6,92.5,18.27,65.0,63.57,17.27,0,0.0,0.0,5.19
2026-09-13T08:00:00+00:00,cow_12,46.18,14.6,45.4,0.1677,471,38.33,14.7,15.24,1.18,6,92.5,18.27,65.0,63.57,17.27,0,0.0,0.0,5.17
2026-09-13T08:00:00+00:00,cow_13,65.42,15.35,44.65,0.1884,509,38.56,21.03,20.54,1.88,5,92.5,18.27,65.0,63.57,17.27,0,0.0,0.0,5.11
2026-09-13T08:00:00+00:00,cow_14,67.96,15.5,44.5,0.1958,526,38.44,23.12,16.57,1.93,6,92.5,18.27,65.0,63.57,17.27,0,0.0,0.0,5.25
2026-09-13T08:00:00+00:00,cow_15,55.03,15.79,44.21,0.1971,436,38.35,21.21,17.13,1.98,6,92.5,18.27,65.0,63.57,17.27,0,0.0,0.0,5.12
2026-09-13T08:00:00+00:00,cow_16,56.49,15.91,44.09,0.1794,427,38.52,17.28,15.99,1.74,4,92.5,18.27,65.0,63.57,17.27,0,0.0,0.0,5.03
2026-09-13T09:00:00+00:00,cow_01,63.03,18.33,41.67,0.1856,532,38.6,19.23,15.41,1.51,6,88.8,18.75,64.6,64.23,17.75,0,0.0,0.0,5.15
2026-09-13T09:00:00+00:00,cow_02,77.75,16.29,43.71,0.2271,609,38.5,15.3,18.66,2.06,3,88.8,18.75,64.6,64.23,17.75,0,0.0,0.0,5.15
2026-09-13T09:00:00+00:00,cow_03,64.02,16.64,43.36,0.2111,483,38.41,18.82,16.46,1.65,5,88.8,18.75,64.6,64.23,17.75,0,0.0,0.0,5.21
2026-09-13T09:00:00+00:00,cow_04,68.22,15.73,44.27,0.2064,558,38.42,17.17,16.66,1.47,4,88.8,18.75,64.6,64.23,17.75,0,0.0,0.0,5.04
2026-09-13T09:00:00+00:00,cow_05,73.57,14.61,45.39,0.2268,555,38.56,15.85,17.09,2.02,4,88.8,18.75,64.6,64.23,17.75,0,0.0,0.0,5.24
2026-09-13T09:00:00+00:00,cow_06,73.1,14.32,45.68,0.208,562,38.31,19.11,15.38,1.49,5,88.8,18.75,64.6,64.23,17.75,0,0.0,0.0,5.22
2026-09-13T09:00:00+00:00,cow_07,46.88,19.97,40.03,0.1771,478,39.05,15.74,13.21,1.41,5,88.8,18.75,64.6,64.23,17.75,0,0.0,0.0,5.93
2026-09-13T09:00:00+00:00,cow_08,54.11,18.41,41.59,0.1739,463,38.47,21.87,21.1,1.88,5,88.8,18.75,64.6,64.23,17.75,0,0.0,0.0,5.42
2026-09-13T09:00:00+00:00,cow_09,62.56,14.6,45.4,0.2008,512,38.35,16.0,17.34,1.56,4,88.8,18.75,64.6,64.23,17.75,0,0.0,0.0,5.23
2026-09-13T09:00:00+00:00,cow_10,63.06,13.86,46.14,0.1778,515,38.46,14.79,19.88,1.33,3,88.8,18.75,64.6,64.23,17.75,0,0.0,0.0,5.16
2026-09-13T09:00:00+00:00,cow_11,72.9,15.63,44.37,0.2025,598,38.33,20.17,18.11,1.86,5,88.8,18.75,64.6,64.23,17.75,0,0.0,0.0,5.32
2026-09-13T09:00:00+00:00,cow_12,46.92,15.75,44.25,0.176,465,38.35,14.52,12.21,1.11,6,88.8,18.75,64.6,64.23,17.75,0,0.0,0.0,5.16
2026-09-13T09:00:00+00:00,cow_13,63.1,15.64,44.36,0.1912,507,38.56,19.37,18.92,1.76,5,88.8,18.75,64.6,64.23,17.75,0,0.0,0.0,5.17
2026-09-13T09:00:00+00:00,cow_14,69.86,16.71,43.29,0.2102,554,38.43,20.29,17.88,1.78,6,88.8,18.75,64.6,64.23,17.75,0,0.0,0.0,5.15
2026-09-13T09:00:00+00:00,cow_15,56.87,15.82,44.18,0.1754,483,38.31,20.04,16.66,1.88,4,88.8,18.75,64.6,64.23,17.75,0,0.0,0.0,5.33
2026-09-13T09:00:00+00:00,cow_16,62.66,16.62,43.38,0.1854,506,38.48,17.9,14.08,1.75,4,88.8,18.75,64.6,64.23,17.75,0,0.0,0.0,5.07
2026-09-13T10:00:00+00:00,cow_01,49.02,24.92,35.08,0.1637,424,38.55,8.68,16.45,0.65,2,87.8,19.38,63.6,65.1,18.38,0,0.0,0.0,5.11
2026-09-13T10:00:00+00:00,cow_02,52.79,23.81,36.19,0.176,420,38.55,6.21,20.91,0.78,2,87.8,19.38,63.6,65.1,18.38,0,0.0,0.0,5.26
2026-09-13T10:00:00+00:00,cow_03,38.5,19.51,40.49,0.1321,312,38.36,8.84,15.82,0.78,2,87.8,19.38,63.6,65.1,18.38,0,0.0,0.0,5.25
2026-09-13T10:00:00+00:00,cow_04,43.43,21.61,38.39,0.1513,330,38.45,6.92,21.51,0.67,2,87.8,19.38,63.6,65.1,18.38,0,0.0,0.0,5.17
2026-09-13T10:00:00+00:00,cow_05,50.99,23.37,36.63,0.1928,378,38.57,6.51,14.59,0.88,2,87.8,19.38,63.6,65.1,18.38,0,0.0,0.0,5.31
2026-09-13T10:00:00+00:00,cow_06,57.31,22.84,37.16,0.1994,456,38.29,10.16,16.89,0.79,2,87.8,19.38,63.6,65.1,18.38,0,0.0,0.0,5.21
2026-09-13T10:00:00+00:00,cow_07,34.33,27.84,32.16,0.1471,333,39.2,6.94,13.69,0.7,2,87.8,19.38,63.6,65.1,18.38,0,0.0,0.0,6.07
2026-09-13T10:00:00+00:00,cow_08,39.01,25.89,34.11,0.1485,306,38.52,8.34,19.5,0.74,2,87.8,19.38,63.6,65.1,18.38,0,0.0,0.0,5.26
2026-09-13T10:00:00+00:00,cow_09,46.63,21.69,38.31,0.1762,358,38.35,6.85,17.54,0.53,2,87.8,19.38,63.6,65.1,18.38,0,0.0,0.0,5.2
2026-09-13T10:00:00+00:00,cow_10,48.79,21.06,38.94,0.1845,395,38.46,4.62,18.29,0.31,1,87.8,19.38,63.6,65.1,18.38,0,0.0,0.0,5.25
2026-09-13T10:00:00+00:00,cow_11,56.13,20.56,39.44,0.1747,447,38.29,6.95,17.56,0.67,2,87.8,19.38,63.6,65.1,18.38,0,0.0,0.0,5.18
2026-09-13T10:00:00+00:00,cow_12,34.34,26.12,33.88,0.1566,338,38.33,5.99,13.01,0.4,3,87.8,19.38,63.6,65.1,18.38,0,0.0,0.0,5.19
2026-09-13T10:00:00+00:00,cow_13,48.32,21.49,38.51,0.1714,396,38.47,8.64,18.94,0.73,3,87.8,19.38,63.6,65.1,18.38,0,0.0,0.0,5.13
2026-09-13T10:00:00+00:00,cow_14,54.0,22.65,37.35,0.1662,447,38.47,9.93,16.9,0.85,2,87.8,19.38,63.6,65.1,18.38,0,0.0,0.0,5.16
2026-09-13T10:00:00+00:00,cow_15,43.95,21.54,38.46,0.156,361,38.36,7.83,18.47,0.64,2,87.8,19.38,63.6,65.1,18.38,0,0.0,0.0,5.19
2026-09-13T10:00:00+00:00,cow_16,47.25,23.01,36.99,0.1677,351,38.56,8.01,14.9,0.83,2,87.8,19.38,63.6,65.1,18.38,0,0.0,0.0,5.15
2026-09-13T11:00:00+00:00,cow_01,44.77,25.73,34.27,0.1536,349,38.53,8.66,15.5,0.71,3,93.8,20.25,61.2,66.22,19.25,0,0.0,0.0,5.24
2026-09-13T11:00:00+00:00,cow_02,60.37,26.83,33.17,0.1858,465,38.54,6.93,22.09,0.88,2,93.8,20.25,61.2,66.22,19.25,0,0.0,0.0,5.15
2026-09-13T11:00:00+00:00,cow_03,44.04,19.95,40.05,0.1446,372,38.49,7.95,18.41,0.63,2,93.8,20.25,61.2,66.22,19.25,0,0.0,0.0,5.21
2026-09-13T11:00:00+00:00,cow_04,47.4,22.58,37.42,0.1708,372,38.47,9.38,16.7,0.86,2,93.8,20.25,61.2,66.22,19.25,0,0.0,0.0,5.09
2026-09-13T11:00:00+00:00,cow_05,50.81,23.06,36.94,0.1666,410,38.45,5.44,14.28,0.74,1,93.8,20.25,61.2,66.22,19.25,0,0.0,0.0,5.29
2026-09-13T11:00:00+00:00,cow_06,57.83,21.21,38.79,0.1998,454,38.42,9.76,17.25,0.75,3,93.8,20.25,61.2,66.22,19.25,0,0.0,0.0,5.21
2026-09-13T11:00:00+00:00,cow_07,32.93,28.97,31.03,0.151,350,39.15,6.63,12.22,0.57,2,93.8,20.25,61.2,66.22,19.25,0,0.0,0.0,6.0
2026-09-13T11:00:00+00:00,cow_08,47.52,26.84,33.16,0.1723,377,38.54,9.24,19.18,0.82,2,93.8,20.25,61.2,66.22,19.25,0,0.0,0.0,5.23
2026-09-13T11:00:00+00:00,cow_09,42.33,22.26,37.74,0.1537,342,38.27,8.21,17.6,0.79,2,93.8,20.25,61.2,66.22,19.25,0,0.0,0.0,5.14
2026-09-13T11:00:00+00:00,cow_10,45.54,22.73,37.27,0.1685,353,38.57,8.48,18.87,0.8,1,93.8,20.25,61.2,66.22,19.25,0,0.0,0.0,5.16
2026-09-13T11:00:00+00:00,cow_11,51.23,20.48,39.52,0.1774,421,38.39,9.44,18.93,0.8,2,93.8,20.25,61.2,66.22,19.25,0,0.0,0.0,5.18
2026-09-13T11:00:00+00:00,cow_12,36.64,21.93,38.07,0.1468,347,38.33,4.95,14.85,0.41,1,93.8,20.25,61.2,66.22,19.25,0,0.0,0.0,5.05
2026-09-13T11:00:00+00:00,cow_13,44.96,20.21,39.79,0.1848,347,38.58,8.16,17.67,0.79,2,93.8,20.25,61.2,66.22,19.25,0,0.0,0.0,5.2
2026-09-13T11:00:00+00:00,cow_14,59.37,24.87,35.13,0.1823,503,38.53,10.69,17.35,0.79,2,93.8,20.25,61.2,66.22,19.25,0,0.0,0.0,5.29
2026-09-13T11:00:00+00:00,cow_15,40.93,21.79,38.21,0.165,330,38.31,8.65,16.76,0.77,1,93.8,20.25,61.2,66.22,19.25,0,0.0,0.0,5.17
2026-09-13T11:00:00+00:00,cow_16,45.76,20.68,39.32,0.1532,355,38.48,7.56,15.91,0.71,1,93.8,20.25,61.2,66.22,19.25,0,0.0,0.0,5.23
2026-09-13T12:00:00+00:00,cow_01,45.68,25.53,34.47,0.1577,364,38.64,8.45,18.9,0.6,2,94.6,21.25,61.1,67.63,20.25,0,0.0,0.0,5.07
2026-09-13T12:00:00+00:00,cow_02,53.73,25.02,34.98,0.1561,434,38.53,6.8,18.67,0.89,2,94.6,21.25,61.1,67.63,20.25,0,0.0,0.0,5.28
2026-09-13T12:00:00+00:00,cow_03,45.26,22.69,37.31,0.1608,341,38.41,9.89,15.67,0.87,3,94.6,21.25,61.1,67.63,20.25,0,0.0,0.0,5.21
2026-09-13T12:00:00+00:00,cow_04,46.79,21.32,38.68,0.1621,369,38.37,7.43,19.92,0.74,2,94.6,21.25,61.1,67.63,20.25,0,0.0,0.0,5.23
2026-09-13T12:00:00+00:00,cow_05,48.04,21.4,38.6,0.1675,419,38.47,6.07,17.03,0.85,2,94.6,21.25,61.1,67.63,20.25,0,0.0,0.0,5.17
2026-09-13T12:00:00+00:00,cow_06,56.37,25.61,34.39,0.175,457,38.39,9.25,18.1,0.68,3,94.6,21.25,61.1,67.63,20.25,0,0.0,0.0,5.16
2026-09-13T12:00:00+00:00,cow_07,34.83,26.36,33.64,0.1668,338,39.24,5.28,12.32,0.51,1,94.6,21.25,61.1,67.63,20.25,0,0.0,0.0,6.13
2026-09-13T12:00:00+00:00,cow_08,39.86,25.28,34.72,0.1603,317,38.65,9.15,22.2,0.84,2,94.6,21.25,61.1,67.63,20.25,0,0.0,0.0,5.34
2026-09-13T12:00:00+00:00,cow_09,46.9,21.02,38.98,0.1694,370,38.43,9.37,15.18,0.88,3,94.6,21.25,61.1,67.63,20.25,0,0.0,0.0,5.26
2026-09-13T12:00:00+00:00,cow_10,48.78,23.85,36.15,0.1544,398,38.6,7.8,17.25,0.7,2,94.6,21.25,61.1,67.63,20.25,0,0.0,0.0,5.13
2026-09-13T12:00:00+00:00,cow_11,52.1,22.58,37.42,0.1903,388,38.35,8.55,20.11,0.83,3,94.6,21.25,61.1,67.63,20.25,0,0.0,0.0,5.27
2026-09-13T12:00:00+00:00,cow_12,37.83,23.03,36.97,0.1678,376,38.41,6.13,13.33,0.47,2,94.6,21.25,61.1,67.63,20.25,0,0.0,0.0,5.21
2026-09-13T12:00:00+00:00,cow_13,48.76,22.25,37.75,0.1556,393,38.55,9.78,18.37,0.85,3,94.6,21.25,61.1,67.63,20.25,0,0.0,0.0,5.2
2026-09-13T12:00:00+00:00,cow_14,56.37,24.2,35.8,0.1785,439,38.48,8.62,17.89,0.82,3,94.6,21.25,61.1,67.63,20.25,0,0.0,0.0,5.15
2026-09-13T12:00:00+00:00,cow_15,42.81,21.45,38.55,0.1686,362,38.29,10.13,14.75,0.94,1,94.6,21.25,61.1,67.63,20.25,0,0.0,0.0,5.28
2026-09-13T12:00:00+00:00,cow_16,45.14,23.86,36.14,0.1584,375,38.52,8.11,16.13,0.81,2,94.6,21.25,61.1,67.63,20.25,0,0.0,0.0,5.29
2026-09-13T13:00:00+00:00,cow_01,48.96,25.6,34.4,0.1765,384,38.67,9.2,15.76,0.83,3,94.6,21.78,58.1,68.16,20.78,0,0.0,0.0,5.22
2026-09-13T13:00:00+00:00,cow_02,57.29,23.6,36.4,0.1951,458,38.66,5.8,17.27,0.78,1,94.6,21.78,58.1,68.16,20.78,0,0.0,0.0,5.18
2026-09-13T13:00:00+00:00,cow_03,39.06,24.32,35.68,0.1513,332,38.43,8.5,17.62,0.75,2,94.6,21.78,58.1,68.16,20.78,0,0.0,0.0,5.09
2026-09-13T13:00:00+00:00,cow_04,45.02,21.02,38.98,0.1549,360,38.5,7.9,19.99,0.67,2,94.6,21.78,58.1,68.16,20.78,0,0.0,0.0,5.19
2026-09-13T13:00:00+00:00,cow_05,48.7,21.36,38.64,0.1749,394,38.6,7.93,14.91,1.01,3,94.6,21.78,58.1,68.16,20.78,0,0.0,0.0,5.18
2026-09-13T13:00:00+00:00,cow_06,56.45,23.3,36.7,0.174,461,38.41,9.31,16.42,0.73,2,94.6,21.78,58.1,68.16,20.78,0,0.0,0.0,5.21
2026-09-13T13:00:00+00:00,cow_07,34.24,28.87,31.13,0.1462,347,39.36,7.57,12.92,0.64,2,94.6,21.78,58.1,68.16,20.78,0,0.0,0.0,6.04
2026-09-13T13:00:00+00:00,cow_08,43.9,26.04,33.96,0.1409,377,38.58,11.54,18.1,0.94,3,94.6,21.78,58.1,68.16,20.78,0,0.0,0.0,5.16
2026-09-13T13:00:00+00:00,cow_09,41.9,21.28,38.72,0.1563,321,38.47,9.21,14.62,0.95,3,94.6,21.78,58.1,68.16,20.78,0,0.0,0.0,5.22
2026-09-13T13:00:00+00:00,cow_10,46.27,22.48,37.52,0.1723,409,38.68,5.71,18.46,0.53,2,94.6,21.78,58.1,68.16,20.78,0,0.0,0.0,5.19
2026-09-13T13:00:00+00:00,cow_11,52.47,21.92,38.08,0.1706,434,38.53,10.19,19.45,1.01,3,94.6,21.78,58.1,68.16,20.78,0,0.0,0.0,5.17
2026-09-13T13:00:00+00:00,cow_12,34.8,24.25,35.75,0.1593,324,38.51,5.62,11.95,0.4,2,94.6,21.78,58.1,68.16,20.78,0,0.0,0.0,5.28
2026-09-13T13:00:00+00:00,cow_13,47.61,21.61,38.39,0.1576,392,38.63,9.08,18.9,0.83,2,94.6,21.78,58.1,68.16,20.78,0,0.0,0.0,5.39
2026-09-13T13:00:00+00:00,cow_14,54.42,23.93,36.07,0.1797,421,38.53,10.39,17.76,0.97,2,94.6,21.78,58.1,68.16,20.78,0,0.0,0.0,5.12
2026-09-13T13:00:00+00:00,cow_15,43.15,20.18,39.82,0.1434,329,38.4,9.15,18.69,0.78,2,94.6,21.78,58.1,68.16,20.78,0,0.0,0.0,5.08
2026-09-13T13:00:00+00:00,cow_16,47.42,23.04,36.96,0.1557,366,38.63,7.44,14.38,0.73,1,94.6,21.78,58.1,68.16,20.78,0,0.0,0.0,5.2
2026-09-13T14:00:00+00:00,cow_01,47.16,27.14,32.86,0.1594,391,38.52,7.84,13.45,0.69,3,85.9,21.43,58.4,67.7,20.43,0,0.0,0.0,5.2
2026-09-13T14:00:00+00:00,cow_02,60.16,22.56,37.44,0.1981,494,38.65,6.23,19.82,0.82,2,85.9,21.43,58.4,67.7,20.43,0,0.0,0.0,5.37
2026-09-13T14:00:00+00:00,cow_03,49.92,23.04,36.96,0.1905,382,38.58,8.49,16.64,0.85,3,85.9,21.43,58.4,67.7,20.43,0,0.0,0.0,5.24
2026-09-13T14:00:00+00:00,cow_04,42.46,19.98,40.02,0.1461,364,38.55,8.59,19.08,0.64,2,85.9,21.43,58.4,67.7,20.43,0,0.0,0.0,5.12
2026-09-13T14:00:00+00:00,cow_05,53.56,22.45,37.55,0.1746,451,38.69,6.23,16.23,0.75,1,85.9,21.43,58.4,67.7,20.43,0,0.0,0.0,5.25
2026-09-13T14:00:00+00:00,cow_06,55.08,20.22,39.78,0.1833,435,38.44,6.97,16.94,0.55,2,85.9,21.43,58.4,67.7,20.43,0,0.0,0.0,5.22
2026-09-13T14:00:00+00:00,cow_07,33.18,30.86,29.14,0.1539,310,39.28,6.02,13.66,0.49,2,85.9,21.43,58.4,67.7,20.43,0,0.0,0.0,6.14
2026-09-13T14:00:00+00:00,cow_08,41.92,25.1,34.9,0.157,331,38.71,9.3,19.36,0.84,2,85.9,21.43,58.4,67.7,20.43,0,0.0,0.0,5.21
2026-09-13T14:00:00+00:00,cow_09,44.12,20.18,39.82,0.1652,343,38.45,7.63,17.49,0.64,1,85.9,21.43,58.4,67.7,20.43,0,0.0,0.0,5.12
2026-09-13T14:00:00+00:00,cow_10,48.21,24.19,35.81,0.162,371,38.57,7.01,20.0,0.7,1,85.9,21.43,58.4,67.7,20.43,0,0.0,0.0,5.08
2026-09-13T14:00:00+00:00,cow_11,54.57,24.07,35.93,0.1825,416,38.45,7.42,18.7,0.69,2,85.9,21.43,58.4,67.7,20.43,0,0.0,0.0,5.15
2026-09-13T14:00:00+00:00,cow_12,36.28,24.39,35.61,0.1758,360,38.55,4.91,12.63,0.34,2,85.9,21.43,58.4,67.7,20.43,0,0.0,0.0,5.12
2026-09-13T14:00:00+00:00,cow_13,51.05,21.89,38.11,0.1705,385,38.57,9.64,18.78,0.98,2,85.9,21.43,58.4,67.7,20.43,0,0.0,0.0,5.1
2026-09-13T14:00:00+00:00,cow_14,53.47,24.62,35.38,0.1777,426,38.54,6.77,18.79,0.69,2,85.9,21.43,58.4,67.7,20.43,0,0.0,0.0,5.05
2026-09-13T14:00:00+00:00,cow_15,45.42,20.14,39.86,0.1652,355,38.43,7.07,18.31,0.67,2,85.9,21.43,58.4,67.7,20.43,0,0.0,0.0,5.2
2026-09-13T14:00:00+00:00,cow_16,46.95,21.07,38.93,0.1697,393,38.69,7.68,15.14,0.77,2,85.9,21.43,58.4,67.7,20.43,0,0.0,0.0,5.07
2026-09-13T15:00:00+00:00,cow_01,51.12,24.78,35.22,0.1761,389,38.62,9.8,15.44,0.83,2,91.3,21.29,57.6,67.44,20.29,0,0.0,0.0,5.28
2026-09-13T15:00:00+00:00,cow_02,54.79,21.94,38.06,0.1851,452,38.73,6.49,17.32,0.79,1,91.3,21.29,57.6,67.44,20.29,0,0.0,0.0,5.18
2026-09-13T15:00:00+00:00,cow_03,47.74,21.6,38.4,0.1449,343,38.55,7.59,17.56,0.59,1,91.3,21.29,57.6,67.44,20.29,0,0.0,0.0,5.24
2026-09-13T15:00:00+00:00,cow_04,47.57,19.34,40.66,0.1579,397,38.65,6.98,20.03,0.6,2,91.3,21.29,57.6,67.44,20.29,0,0.0,0.0,5.14
2026-09-13T15:00:00+00:00,cow_05,52.21,19.37,40.63,0.1685,413,38.68,9.48,18.65,1.18,3,91.3,21.29,57.6,67.44,20.29,0,0.0,0.0,5.11
2026-09-13T15:00:00+00:00,cow_06,55.93,21.32,38.68,0.1762,487,38.5,7.92,15.97,0.57,1,91.3,21.29,57.6,67.44,20.29,0,0.0,0.0,5.22
2026-09-13T15:00:00+00:00,cow_07,34.11,30.41,29.59,0.1574,335,39.35,6.98,12.47,0.58,2,91.3,21.29,57.6,67.44,20.29,0,0.0,0.0,6.23
2026-09-13T15:00:00+00:00,cow_08,49.88,25.18,34.82,0.1625,398,38.78,9.27,19.53,0.76,2,91.3,21.29,57.6,67.44,20.29,0,0.0,0.0,5.26
2026-09-13T15:00:00+00:00,cow_09,43.9,22.81,37.19,0.1419,378,38.52,5.71,18.14,0.51,1,91.3,21.29,57.6,67.44,20.29,0,0.0,0.0,5.16
2026-09-13T15:00:00+00:00,cow_10,47.46,22.16,37.84,0.1487,392,38.66,7.43,19.69,0.69,2,91.3,21.29,57.6,67.44,20.29,0,0.0,0.0,5.08
2026-09-13T15:00:00+00:00,cow_11,52.28,21.97,38.03,0.176,424,38.56,8.86,18.74,0.83,2,91.3,21.29,57.6,67.44,20.29,0,0.0,0.0,5.18
2026-09-13T15:00:00+00:00,cow_12,33.8,22.43,37.57,0.152,327,38.44,5.85,12.17,0.44,2,91.3,21.29,57.6,67.44,20.29,0,0.0,0.0,5.2
2026-09-13T15:00:00+00:00,cow_13,46.23,21.51,38.49,0.1661,375,38.71,9.0,18.57,0.83,2,91.3,21.29,57.6,67.44,20.29,0,0.0,0.0,5.12
2026-09-13T15:00:00+00:00,cow_14,51.41,26.26,33.74,0.1883,421,38.63,10.25,18.13,0.92,3,91.3,21.29,57.6,67.44,20.29,0,0.0,0.0,5.13
2026-09-13T15:00:00+00:00,cow_15,44.34,20.19,39.81,0.1537,393,38.52,10.28,17.29,0.96,2,91.3,21.29,57.6,67.44,20.29,0,0.0,0.0,5.28
2026-09-13T15:00:00+00:00,cow_16,46.05,22.97,37.03,0.1603,366,38.72,7.36,15.57,0.64,2,91.3,21.29,57.6,67.44,20.29,0,0.0,0.0,5.19
2026-09-13T16:00:00+00:00,cow_01,61.67,16.72,43.28,0.1934,495,38.66,19.61,15.32,1.56,5,92.9,19.7,53.4,65.04,18.7,0,0.0,0.0,5.14
2026-09-13T16:00:00+00:00,cow_02,78.08,17.36,42.64,0.1996,618,38.75,17.55,17.98,2.2,4,92.9,19.7,53.4,65.04,18.7,0,0.0,0.0,5.12
2026-09-13T16:00:00+00:00,cow_03,60.44,13.8,46.2,0.198,494,38.59,21.11,17.21,1.85,5,92.9,19.7,53.4,65.04,18.7,0,0.0,0.0,5.14
2026-09-13T16:00:00+00:00,cow_04,63.55,15.42,44.58,0.1967,500,38.65,19.13,18.62,1.73,5,92.9,19.7,53.4,65.04,18.7,0,0.0,0.0,5.11
2026-09-13T16:00:00+00:00,cow_05,70.74,13.9,46.1,0.1972,555,38.76,16.07,14.4,2.04,4,92.9,19.7,53.4,65.04,18.7,0,0.0,0.0,5.12
2026-09-13T16:00:00+00:00,cow_06,76.46,14.66,45.34,0.2047,616,38.6,21.2,17.96,1.66,5,92.9,19.7,53.4,65.04,18.7,0,0.0,0.0,5.16
2026-09-13T16:00:00+00:00,cow_07,44.17,20.38,39.62,0.164,428,39.48,17.28,12.66,1.57,6,92.9,19.7,53.4,65.04,18.7,0,0.0,0.0,6.11
2026-09-13T16:00:00+00:00,cow_08,57.31,17.03,42.97,0.1929,466,38.86,22.55,16.03,1.94,4,92.9,19.7,53.4,65.04,18.7,0,0.0,0.0,5.16
2026-09-13T16:00:00+00:00,cow_09,60.84,17.46,42.54,0.1792,492,38.62,18.29,16.21,1.79,5,92.9,19.7,53.4,65.04,18.7,0,0.0,0.0,5.21
2026-09-13T16:00:00+00:00,cow_10,60.58,14.68,45.32,0.1817,458,38.76,17.46,17.86,1.58,4,92.9,19.7,53.4,65.04,18.7,0,0.0,0.0,5.12
2026-09-13T16:00:00+00:00,cow_11,80.5,13.87,46.13,0.2217,633,38.44,20.42,19.58,1.88,5,92.9,19.7,53.4,65.04,18.7,0,0.0,0.0,5.24
2026-09-13T16:00:00+00:00,cow_12,48.75,14.42,45.58,0.2039,489,38.58,14.46,11.73,1.11,5,92.9,19.7,53.4,65.04,18.7,0,0.0,0.0,5.14
2026-09-13T16:00:00+00:00,cow_13,60.86,16.83,43.17,0.1756,480,38.75,20.25,19.57,1.88,5,92.9,19.7,53.4,65.04,18.7,0,0.0,0.0,5.21
2026-09-13T16:00:00+00:00,cow_14,70.99,14.62,45.38,0.2071,562,38.72,21.2,18.65,1.84,5,92.9,19.7,53.4,65.04,18.7,0,0.0,0.0,5.23
2026-09-13T16:00:00+00:00,cow_15,57.52,15.22,44.78,0.1822,460,38.52,20.52,18.12,1.85,5,92.9,19.7,53.4,65.04,18.7,0,0.0,0.0,5.23
2026-09-13T16:00:00+00:00,cow_16,61.62,17.75,42.25,0.1979,505,38.8,16.85,15.76,1.68,4,92.9,19.7,53.4,65.04,18.7,0,0.0,0.0,5.13
2026-09-13T17:00:00+00:00,cow_01,65.79,16.62,43.38,0.2017,553,38.78,21.87,14.59,1.71,4,94.0,20.85,53.6,66.58,19.85,0,15.62,7.59,5.06
2026-09-13T17:00:00+00:00,cow_02,79.75,17.71,42.29,0.2273,657,38.74,16.73,19.29,2.17,4,94.0,20.85,53.6,66.58,19.85,0,15.67,7.37,5.33
2026-09-13T17:00:00+00:00,cow_03,57.91,13.67,46.33,0.2037,485,38.59,21.47,16.28,1.9,5,94.0,20.85,53.6,66.58,19.85,0,17.96,6.98,5.15
2026-09-13T17:00:00+00:00,cow_04,58.57,19.19,40.81,0.188,453,38.63,17.57,19.29,1.45,5,94.0,20.85,53.6,66.58,19.85,0,16.61,8.12,5.19
2026-09-13T17:00:00+00:00,cow_05,71.81,14.69,45.31,0.2016,580,38.76,17.77,15.67,2.27,5,94.0,20.85,53.6,66.58,19.85,0,18.82,7.0,5.1
2026-09-13T17:00:00+00:00,cow_06,74.35,14.15,45.85,0.2159,578,38.54,23.01,16.9,1.7,6,94.0,20.85,53.6,66.58,19.85,0,16.71,6.77,5.3
2026-09-13T17:00:00+00:00,cow_07,43.98,20.79,39.21,0.1796,420,39.37,15.88,10.92,1.37,6,94.0,20.85,53.6,66.58,19.85,0,12.04,7.51,6.2
2026-09-13T17:00:00+00:00,cow_08,60.23,14.95,45.05,0.2001,483,38.71,23.16,18.4,1.98,6,94.0,20.85,53.6,66.58,19.85,0,18.54,7.79,5.11
2026-09-13T17:00:00+00:00,cow_09,61.93,18.72,41.28,0.202,500,38.58,19.94,16.61,1.9,6,94.0,20.85,53.6,66.58,19.85,0,17.24,7.07,5.04
2026-09-13T17:00:00+00:00,cow_10,65.14,13.96,46.04,0.1938,516,38.75,16.13,18.01,1.55,4,94.0,20.85,53.6,66.58,19.85,0,18.46,7.49,5.2
2026-09-13T17:00:00+00:00,cow_11,75.23,12.15,47.85,0.2198,610,38.6,21.51,18.3,1.88,5,94.0,20.85,53.6,66.58,19.85,0,17.21,8.42,5.32
2026-09-13T17:00:00+00:00,cow_12,47.1,16.78,43.22,0.1819,435,38.62,15.64,12.59,1.15,6,94.0,20.85,53.6,66.58,19.85,0,11.33,8.0,5.41
2026-09-13T17:00:00+00:00,cow_13,63.74,11.01,48.99,0.1933,537,38.78,21.44,19.54,1.9,6,94.0,20.85,53.6,66.58,19.85,0,14.61,7.51,5.14
2026-09-13T17:00:00+00:00,cow_14,75.67,14.55,45.45,0.2189,606,38.65,22.34,17.71,2.0,6,94.0,20.85,53.6,66.58,19.85,0,15.67,6.79,5.16
2026-09-13T17:00:00+00:00,cow_15,55.64,14.67,45.33,0.1705,453,38.52,18.85,15.94,1.73,4,94.0,20.85,53.6,66.58,19.85,0,17.01,7.25,5.15
2026-09-13T17:00:00+00:00,cow_16,62.83,16.59,43.41,0.1883,487,38.79,18.22,17.56,1.83,4,94.0,20.85,53.6,66.58,19.85,0,14.55,7.07,5.24
2026-09-13T18:00:00+00:00,cow_01,60.8,15.46,44.54,0.1895,478,38.78,19.2,17.14,1.58,5,90.0,19.61,53.5,64.92,18.61,0,0.0,0.0,5.18
2026-09-13T18:00:00+00:00,cow_02,73.25,15.75,44.25,0.2248,599,38.81,14.46,19.36,1.86,4,90.0,19.61,53.5,64.92,18.61,0,0.0,0.0,5.26
2026-09-13T18:00:00+00:00,cow_03,63.32,18.57,41.43,0.185,525,38.66,18.27,19.74,1.68,4,90.0,19.61,53.5,64.92,18.61,0,0.0,0.0,5.14
2026-09-13T18:00:00+00:00,cow_04,55.31,17.13,42.87,0.1591,440,38.65,19.91,20.85,1.63,5,90.0,19.61,53.5,64.92,18.61,0,0.0,0.0,5.22
2026-09-13T18:00:00+00:00,cow_05,68.78,13.49,46.51,0.2194,542,38.86,15.9,16.5,2.06,4,90.0,19.61,53.5,64.92,18.61,0,0.0,0.0,5.06
2026-09-13T18:00:00+00:00,cow_06,72.01,13.52,46.48,0.2179,570,38.68,20.65,16.94,1.59,4,90.0,19.61,53.5,64.92,18.61,0,0.0,0.0,5.18
2026-09-13T18:00:00+00:00,cow_07,45.78,19.71,40.29,0.1784,477,39.42,16.51,13.51,1.46,5,90.0,19.61,53.5,64.92,18.61,0,0.0,0.0,6.12
2026-09-13T18:00:00+00:00,cow_08,62.93,17.02,42.98,0.1847,490,38.83,21.49,18.36,1.73,6,90.0,19.61,53.5,64.92,18.61,0,0.0,0.0,5.17
2026-09-13T18:00:00+00:00,cow_09,60.65,16.94,43.06,0.2232,495,38.61,16.07,14.52,1.38,4,90.0,19.61,53.5,64.92,18.61,0,0.0,0.0,5.12
2026-09-13T18:00:00+00:00,cow_10,63.19,17.37,42.63,0.1989,505,38.75,15.66,18.13,1.37,4,90.0,19.61,53.5,64.92,18.61,0,0.0,0.0,5.34
2026-09-13T18:00:00+00:00,cow_11,76.78,14.98,45.02,0.2278,622,38.59,21.33,16.72,1.96,5,90.0,19.61,53.5,64.92,18.61,0,0.0,0.0,5.08
2026-09-13T18:00:00+00:00,cow_12,48.99,16.52,43.48,0.1622,477,38.6,13.44,11.5,1.01,5,90.0,19.61,53.5,64.92,18.61,0,0.0,0.0,5.17
2026-09-13T18:00:00+00:00,cow_13,65.44,16.5,43.5,0.1792,534,38.75,19.49,21.05,1.75,5,90.0,19.61,53.5,64.92,18.61,0,0.0,0.0,5.18
2026-09-13T18:00:00+00:00,cow_14,74.45,16.69,43.31,0.2113,597,38.69,20.16,18.13,1.81,5,90.0,19.61,53.5,64.92,18.61,0,0.0,0.0,5.34
2026-09-13T18:00:00+00:00,cow_15,61.77,13.26,46.74,0.1866,493,38.65,20.32,16.27,1.79,4,90.0,19.61,53.5,64.92,18.61,0,0.0,0.0,5.22
2026-09-13T18:00:00+00:00,cow_16,66.64,15.64,44.36,0.2041,536,38.72,18.53,14.68,1.77,5,90.0,19.61,53.5,64.92,18.61,0,0.0,0.0,5.14
2026-09-13T19:00:00+00:00,cow_01,62.92,17.53,42.47,0.1962,500,38.78,20.95,16.82,1.61,5,93.9,18.38,53.2,63.27,17.38,0,0.0,0.0,5.26
2026-09-13T19:00:00+00:00,cow_02,77.88,16.35,43.65,0.2238,626,38.86,15.1,19.74,1.92,4,93.9,18.38,53.2,63.27,17.38,0,0.0,0.0,5.12
2026-09-13T19:00:00+00:00,cow_03,61.65,13.57,46.43,0.1985,499,38.7,21.77,16.29,1.94,6,93.9,18.38,53.2,63.27,17.38,0,0.0,0.0,5.27
2026-09-13T19:00:00+00:00,cow_04,58.02,14.9,45.1,0.1784,459,38.66,18.95,20.4,1.61,5,93.9,18.38,53.2,63.27,17.38,0,0.0,0.0,5.14
2026-09-13T19:00:00+00:00,cow_05,69.46,15.69,44.31,0.2099,576,38.72,16.52,15.08,2.17,4,93.9,18.38,53.2,63.27,17.38,0,0.0,0.0,5.09
2026-09-13T19:00:00+00:00,cow_06,76.89,15.45,44.55,0.2273,638,38.58,22.53,17.08,1.7,6,93.9,18.38,53.2,63.27,17.38,0,0.0,0.0,5.1
2026-09-13T19:00:00+00:00,cow_07,45.46,19.97,40.03,0.1739,449,39.54,16.59,11.63,1.46,6,93.9,18.38,53.2,63.27,17.38,0,0.0,0.0,6.11
2026-09-13T19:00:00+00:00,cow_08,57.61,13.63,46.37,0.1747,476,38.88,21.97,18.82,1.91,5,93.9,18.38,53.2,63.27,17.38,0,0.0,0.0,5.27
2026-09-13T19:00:00+00:00,cow_09,58.37,15.66,44.34,0.1818,455,38.67,16.88,16.23,1.57,5,93.9,18.38,53.2,63.27,17.38,0,0.0,0.0,5.13
2026-09-13T19:00:00+00:00,cow_10,64.72,13.13,46.87,0.2009,545,38.66,16.34,19.71,1.65,4,93.9,18.38,53.2,63.27,17.38,0,0.0,0.0,5.14
2026-09-13T19:00:00+00:00,cow_11,73.01,13.11,46.89,0.2195,599,38.67,21.55,17.34,2.08,6,93.9,18.38,53.2,63.27,17.38,0,0.0,0.0,5.12
2026-09-13T19:00:00+00:00,cow_12,47.04,16.65,43.35,0.1807,459,38.56,13.71,12.84,1.01,5,93.9,18.38,53.2,63.27,17.38,0,0.0,0.0,5.17
2026-09-13T19:00:00+00:00,cow_13,61.22,15.4,44.6,0.2001,485,38.79,21.69,19.95,1.99,4,93.9,18.38,53.2,63.27,17.38,0,0.0,0.0,5.16
2026-09-13T19:00:00+00:00,cow_14,70.68,15.53,44.47,0.2178,557,38.69,21.81,17.39,1.87,6,93.9,18.38,53.2,63.27,17.38,0,0.0,0.0,5.24
2026-09-13T19:00:00+00:00,cow_15,58.57,15.38,44.62,0.1963,466,38.54,20.4,14.65,1.81,6,93.9,18.38,53.2,63.27,17.38,0,0.0,0.0,5.11
2026-09-13T19:00:00+00:00,cow_16,59.15,16.64,43.36,0.1951,448,38.83,17.15,16.02,1.66,4,93.9,18.38,53.2,63.27,17.38,0,0.0,0.0,5.16
2026-09-13T20:00:00+00:00,cow_01,47.54,27.33,32.67,0.1695,373,38.9,7.48,14.36,0.59,1,86.7,18.25,53.9,63.12,17.25,0,0.0,0.0,5.28
2026-09-13T20:00:00+00:00,cow_02,53.04,25.03,34.97,0.1729,400,38.83,7.49,19.55,0.97,3,86.7,18.25,53.9,63.12,17.25,0,0.0,0.0,5.3
2026-09-13T20:00:00+00:00,cow_03,46.84,18.76,41.24,0.1573,371,38.71,8.6,15.89,0.78,2,86.7,18.25,53.9,63.12,17.25,0,0.0,0.0,5.26
2026-09-13T20:00:00+00:00,cow_04,41.47,24.15,35.85,0.1572,326,38.73,6.85,18.66,0.54,2,86.7,18.25,53.9,63.12,17.25,0,0.0,0.0,5.18
2026-09-13T20:00:00+00:00,cow_05,50.96,21.06,38.94,0.1628,438,38.77,7.82,14.18,0.88,2,86.7,18.25,53.9,63.12,17.25,0,0.0,0.0,5.29
2026-09-13T20:00:00+00:00,cow_06,57.97,23.75,36.25,0.1822,472,38.6,7.53,17.43,0.59,2,86.7,18.25,53.9,63.12,17.25,0,0.0,0.0,5.21
2026-09-13T20:00:00+00:00,cow_07,35.96,28.24,31.76,0.1685,342,39.41,6.75,12.46,0.59,2,86.7,18.25,53.9,63.12,17.25,0,0.0,0.0,6.19
2026-09-13T20:00:00+00:00,cow_08,46.29,26.21,33.79,0.1772,383,38.84,9.91,18.77,0.83,3,86.7,18.25,53.9,63.12,17.25,0,0.0,0.0,5.18
2026-09-13T20:00:00+00:00,cow_09,44.43,22.36,37.64,0.1615,382,38.61,8.92,15.66,0.83,2,86.7,18.25,53.9,63.12,17.25,0,0.0,0.0,5.26
2026-09-13T20:00:00+00:00,cow_10,44.32,22.81,37.19,0.169,349,38.73,6.02,19.3,0.47,1,86.7,18.25,53.9,63.12,17.25,0,0.0,0.0,5.21
2026-09-13T20:00:00+00:00,cow_11,55.82,22.26,37.74,0.1865,430,38.51,9.39,16.78,0.9,1,86.7,18.25,53.9,63.12,17.25,0,0.0,0.0,5.25
2026-09-13T20:00:00+00:00,cow_12,35.41,24.16,35.84,0.1656,340,38.61,5.82,12.49,0.34,2,86.7,18.25,53.9,63.12,17.25,0,0.0,0.0,5.13
2026-09-13T20:00:00+00:00,cow_13,45.64,22.89,37.11,0.1746,392,38.84,7.42,20.23,0.59,2,86.7,18.25,53.9,63.12,17.25,0,0.0,0.0,5.18
2026-09-13T20:00:00+00:00,cow_14,48.6,24.88,35.12,0.1593,392,38.76,7.54,16.2,0.66,2,86.7,18.25,53.9,63.12,17.25,0,0.0,0.0,5.26
2026-09-13T20:00:00+00:00,cow_15,43.14,22.27,37.73,0.1584,335,38.68,7.35,18.53,0.7,2,86.7,18.25,53.9,63.12,17.25,0,0.0,0.0,5.1
2026-09-13T20:00:00+00:00,cow_16,46.83,22.78,37.22,0.1764,359,38.88,8.35,14.76,0.85,3,86.7,18.25,53.9,63.12,17.25,0,0.0,0.0,5.31
2026-09-13T21:00:00+00:00,cow_01,46.63,28.19,31.81,0.1542,374,38.82,7.9,18.54,0.72,1,87.2,17.52,53.9,62.13,16.52,0,0.0,0.0,5.24
2026-09-13T21:00:00+00:00,cow_02,55.83,25.01,34.99,0.1826,434,38.76,5.94,19.28,0.78,1,87.2,17.52,53.9,62.13,16.52,0,0.0,0.0,5.34
2026-09-13T21:00:00+00:00,cow_03,46.25,23.08,36.92,0.1619,354,38.73,6.75,14.71,0.62,1,87.2,17.52,53.9,62.13,16.52,0,0.0,0.0,5.17
2026-09-13T21:00:00+00:00,cow_04,45.97,20.89,39.11,0.1467,386,38.7,8.81,19.39,0.79,2,87.2,17.52,53.9,62.13,16.52,0,0.0,0.0,5.21
2026-09-13T21:00:00+00:00,cow_05,54.31,22.34,37.66,0.1719,441,38.75,6.44,16.26,0.79,2,87.2,17.52,53.9,62.13,16.52,0,0.0,0.0,5.23
2026-09-13T21:00:00+00:00,cow_06,54.09,23.43,36.57,0.173,446,38.63,8.36,16.09,0.63,2,87.2,17.52,53.9,62.13,16.52,0,0.0,0.0,5.28
2026-09-13T21:00:00+00:00,cow_07,33.06,31.62,28.38,0.1476,338,39.46,7.79,13.75,0.69,2,87.2,17.52,53.9,62.13,16.52,0,0.0,0.0,5.99
2026-09-13T21:00:00+00:00,cow_08,45.9,25.82,34.18,0.1712,345,38.83,9.33,18.02,0.8,2,87.2,17.52,53.9,62.13,16.52,0,0.0,0.0,5.13
2026-09-13T21:00:00+00:00,cow_09,42.09,21.43,38.57,0.1681,331,38.57,8.0,18.19,0.79,3,87.2,17.52,53.9,62.13,16.52,0,0.0,0.0,5.22
2026-09-13T21:00:00+00:00,cow_10,48.1,21.18,38.82,0.1806,383,38.74,6.28,19.47,0.58,2,87.2,17.52,53.9,62.13,16.52,0,0.0,0.0,5.17
2026-09-13T21:00:00+00:00,cow_11,53.86,21.62,38.38,0.1912,403,38.62,9.64,16.1,0.89,3,87.2,17.52,53.9,62.13,16.52,0,0.0,0.0,5.14
2026-09-13T21:00:00+00:00,cow_12,35.96,21.2,38.8,0.1593,370,38.71,5.81,11.82,0.43,1,87.2,17.52,53.9,62.13,16.52,0,0.0,0.0,5.18
2026-09-13T21:00:00+00:00,cow_13,49.39,20.4,39.6,0.1668,382,38.9,8.46,20.09,0.78,2,87.2,17.52,53.9,62.13,16.52,0,0.0,0.0,5.29
2026-09-13T21:00:00+00:00,cow_14,53.51,23.72,36.28,0.167,454,38.8,6.21,17.11,0.56,2,87.2,17.52,53.9,62.13,16.52,0,0.0,0.0,5.11
2026-09-13T21:00:00+00:00,cow_15,43.47,20.81,39.19,0.1463,367,38.56,9.03,14.72,0.8,3,87.2,17.52,53.9,62.13,16.52,0,0.0,0.0,5.26
2026-09-13T21:00:00+00:00,cow_16,47.08,24.33,35.67,0.1619,397,38.84,7.65,16.06,0.77,1,87.2,17.52,53.9,62.13,16.52,0,0.0,0.0,5.12
2026-09-13T22:00:00+00:00,cow_01,22.22,38.64,21.36,0.1131,180,38.8,4.23,21.65,0.37,0,86.1,16.03,53.3,60.13,15.03,0,0.0,0.0,5.12
2026-09-13T22:00:00+00:00,cow_02,29.62,34.99,25.01,0.1377,236,38.83,0.93,27.63,0.08,1,86.1,16.03,53.3,60.13,15.03,0,0.0,0.0,5.12
2026-09-13T22:00:00+00:00,cow_03,20.31,32.35,27.65,0.1053,164,38.7,3.12,21.63,0.31,1,86.1,16.03,53.3,60.13,15.03,0,0.0,0.0,5.26
2026-09-13T22:00:00+00:00,cow_04,26.53,33.09,26.91,0.1187,217,38.74,1.08,26.39,0.07,0,86.1,16.03,53.3,60.13,15.03,0,0.0,0.0,5.17
2026-09-13T22:00:00+00:00,cow_05,29.95,33.1,26.9,0.125,218,38.82,2.89,23.48,0.39,1,86.1,16.03,53.3,60.13,15.03,0,0.0,0.0,5.01
2026-09-13T22:00:00+00:00,cow_06,29.92,33.07,26.93,0.1537,221,38.54,1.9,23.61,0.13,1,86.1,16.03,53.3,60.13,15.03,0,0.0,0.0,5.32
2026-09-13T22:00:00+00:00,cow_07,20.46,49.89,10.11,0.1393,197,39.46,2.66,16.63,0.22,1,86.1,16.03,53.3,60.13,15.03,0,0.0,0.0,6.26
2026-09-13T22:00:00+00:00,cow_08,24.81,39.22,20.78,0.1298,172,38.79,1.89,27.9,0.14,1,86.1,16.03,53.3,60.13,15.03,0,0.0,0.0,5.23
2026-09-13T22:00:00+00:00,cow_09,23.48,32.48,27.52,0.1151,212,38.49,2.13,24.03,0.09,1,86.1,16.03,53.3,60.13,15.03,0,0.0,0.0,5.22
2026-09-13T22:00:00+00:00,cow_10,28.07,35.05,24.95,0.1396,236,38.78,2.45,27.6,0.36,0,86.1,16.03,53.3,60.13,15.03,0,0.0,0.0,5.24
2026-09-13T22:00:00+00:00,cow_11,31.99,31.03,28.97,0.1565,265,38.6,2.28,26.86,0.16,1,86.1,16.03,53.3,60.13,15.03,0,0.0,0.0,5.28
2026-09-13T22:00:00+00:00,cow_12,19.22,36.66,23.34,0.1048,172,38.62,1.81,18.64,0.14,1,86.1,16.03,53.3,60.13,15.03,0,0.0,0.0,5.08
2026-09-13T22:00:00+00:00,cow_13,21.06,32.17,27.83,0.105,169,38.79,2.82,27.38,0.27,0,86.1,16.03,53.3,60.13,15.03,0,0.0,0.0,5.18
2026-09-13T22:00:00+00:00,cow_14,28.16,39.29,20.71,0.1345,253,38.7,2.33,25.7,0.18,1,86.1,16.03,53.3,60.13,15.03,0,0.0,0.0,5.15
2026-09-13T22:00:00+00:00,cow_15,26.32,30.63,29.37,0.1469,222,38.62,2.91,22.69,0.3,0,86.1,16.03,53.3,60.13,15.03,0,0.0,0.0,5.03
2026-09-13T22:00:00+00:00,cow_16,25.62,33.82,26.18,0.1279,205,38.74,3.77,21.31,0.42,1,86.1,16.03,53.3,60.13,15.03,0,0.0,0.0,5.2
2026-09-13T23:00:00+00:00,cow_01,26.52,38.69,21.31,0.1248,220,38.74,3.17,24.25,0.26,1,92.0,15.65,51.8,59.6,14.65,0,0.0,0.0,5.19
2026-09-13T23:00:00+00:00,cow_02,33.72,36.47,23.53,0.1346,281,38.73,1.86,27.69,0.2,0,92.0,15.65,51.8,59.6,14.65,0,0.0,0.0,5.24
2026-09-13T23:00:00+00:00,cow_03,19.22,31.84,28.16,0.1224,160,38.64,1.66,23.67,0.17,0,92.0,15.65,51.8,59.6,14.65,0,0.0,0.0,5.1
2026-09-13T23:00:00+00:00,cow_04,22.13,33.37,26.63,0.1235,178,38.6,3.84,25.42,0.35,0,92.0,15.65,51.8,59.6,14.65,0,0.0,0.0,5.4
2026-09-13T23:00:00+00:00,cow_05,31.63,31.08,28.92,0.1378,237,38.72,2.65,23.0,0.27,0,92.0,15.65,51.8,59.6,14.65,0,0.0,0.0,5.28
2026-09-13T23:00:00+00:00,cow_06,33.52,32.95,27.05,0.1499,249,38.57,1.56,23.75,0.21,0,92.0,15.65,51.8,59.6,14.65,0,0.0,0.0,5.18
2026-09-13T23:00:00+00:00,cow_07,17.42,44.97,15.03,0.1115,177,39.44,1.79,17.18,0.16,0,92.0,15.65,51.8,59.6,14.65,0,0.0,0.0,6.09
2026-09-13T23:00:00+00:00,cow_08,23.6,35.62,24.38,0.1311,161,38.7,3.83,25.64,0.22,2,92.0,15.65,51.8,59.6,14.65,0,0.0,0.0,5.15
2026-09-13T23:00:00+00:00,cow_09,26.92,31.95,28.05,0.112,210,38.51,2.77,24.74,0.3,1,92.0,15.65,51.8,59.6,14.65,0,0.0,0.0,5.31
2026-09-13T23:00:00+00:00,cow_10,23.92,34.14,25.86,0.1217,220,38.78,2.23,26.65,0.28,0,92.0,15.65,51.8,59.6,14.65,0,0.0,0.0,5.04
2026-09-13T23:00:00+00:00,cow_11,27.48,32.72,27.28,0.1431,235,38.56,3.29,24.99,0.41,1,92.0,15.65,51.8,59.6,14.65,0,0.0,0.0,5.2
2026-09-13T23:00:00+00:00,cow_12,19.33,35.55,24.45,0.1218,161,38.67,2.62,18.57,0.18,1,92.0,15.65,51.8,59.6,14.65,0,0.0,0.0,4.99
2026-09-13T23:00:00+00:00,cow_13,23.07,36.91,23.09,0.1267,155,38.73,0.73,25.99,0.06,1,92.0,15.65,51.8,59.6,14.65,0,0.0,0.0,5.26
2026-09-13T23:00:00+00:00,cow_14,28.62,37.04,22.96,0.1235,245,38.78,1.44,22.5,0.11,0,92.0,15.65,51.8,59.6,14.65,0,0.0,0.0,5.22
2026-09-13T23:00:00+00:00,cow_15,19.14,31.61,28.39,0.1136,141,38.61,4.52,22.84,0.46,1,92.0,15.65,51.8,59.6,14.65,0,0.0,0.0,5.13
2026-09-13T23:00:00+00:00,cow_16,23.51,36.03,23.97,0.1159,181,38.73,2.91,22.61,0.36,1,92.0,15.65,51.8,59.6,14.65,0,0.0,0.0,5.23
2026-09-14T00:00:00+00:00,cow_01,31.15,39.52,20.48,0.1537,234,38.65,3.21,23.9,0.19,1,94.0,15.2,54.7,59.02,14.2,0,0.0,0.0,5.17
2026-09-14T00:00:00+00:00,cow_02,32.25,36.65,23.35,0.1427,266,38.73,1.7,27.83,0.21,0,94.0,15.2,54.7,59.02,14.2,0,0.0,0.0,5.23
2026-09-14T00:00:00+00:00,cow_03,23.21,32.94,27.06,0.1165,209,38.62,1.02,25.69,0.0,1,94.0,15.2,54.7,59.02,14.2,0,0.0,0.0,5.2
2026-09-14T00:00:00+00:00,cow_04,22.77,33.47,26.53,0.1051,180,38.61,2.48,27.39,0.23,0,94.0,15.2,54.7,59.02,14.2,0,0.0,0.0,5.12
2026-09-14T00:00:00+00:00,cow_05,28.94,32.97,27.03,0.1314,239,38.71,2.45,23.0,0.41,1,94.0,15.2,54.7,59.02,14.2,0,0.0,0.0,5.45
2026-09-14T00:00:00+00:00,cow_06,30.57,34.3,25.7,0.1546,242,38.46,1.66,25.33,0.15,0,94.0,15.2,54.7,59.02,14.2,0,0.0,0.0,5.04
2026-09-14T00:00:00+00:00,cow_07,22.45,40.29,19.71,0.1193,174,38.55,2.41,24.11,0.21,1,94.0,15.2,54.7,59.02,14.2,0,0.0,0.0,5.29
2026-09-14T00:00:00+00:00,cow_08,22.78,39.63,20.37,0.1194,206,38.8,4.34,27.71,0.35,2,94.0,15.2,54.7,59.02,14.2,0,0.0,0.0,5.23
2026-09-14T00:00:00+00:00,cow_09,24.44,32.13,27.87,0.1314,189,38.51,2.72,23.19,0.22,0,94.0,15.2,54.7,59.02,14.2,0,0.0,0.0,5.28
2026-09-14T00:00:00+00:00,cow_10,29.82,36.81,23.19,0.143,203,38.7,2.0,29.28,0.2,0,94.0,15.2,54.7,59.02,14.2,0,0.0,0.0,5.14
2026-09-14T00:00:00+00:00,cow_11,25.53,33.24,26.76,0.1102,173,38.48,1.86,25.93,0.19,0,94.0,15.2,54.7,59.02,14.2,0,0.0,0.0,5.19
2026-09-14T00:00:00+00:00,cow_12,20.28,36.23,23.77,0.1145,202,38.56,2.17,18.08,0.14,1,94.0,15.2,54.7,59.02,14.2,0,0.0,0.0,5.14
2026-09-14T00:00:00+00:00,cow_13,23.36,36.04,23.96,0.1236,157,38.58,2.56,26.16,0.23,1,94.0,15.2,54.7,59.02,14.2,0,0.0,0.0,5.2
2026-09-14T00:00:00+00:00,cow_14,27.42,38.87,21.13,0.1177,237,38.72,2.18,25.09,0.17,1,94.0,15.2,54.7,59.02,14.2,0,0.0,0.0,5.15
2026-09-14T00:00:00+00:00,cow_15,25.34,30.78,29.22,0.129,207,38.57,3.21,23.12,0.2,0,94.0,15.2,54.7,59.02,14.2,0,0.0,0.0,5.03
2026-09-14T00:00:00+00:00,cow_16,24.62,36.57,23.43,0.1169,191,38.72,2.58,22.27,0.23,0,94.0,15.2,54.7,59.02,14.2,0,0.0,0.0,5.25
2026-09-14T01:00:00+00:00,cow_01,29.09,38.6,21.4,0.1161,197,38.76,0.93,21.43,0.1,0,89.1,15.06,57.2,58.84,14.06,0,0.0,0.0,5.39
2026-09-14T01:00:00+00:00,cow_02,31.32,38.48,21.52,0.1468,212,38.74,2.01,27.34,0.26,1,89.1,15.06,57.2,58.84,14.06,0,0.0,0.0,5.33
2026-09-14T01:00:00+00:00,cow_03,21.72,33.35,26.65,0.1331,170,38.59,2.69,26.73,0.27,2,89.1,15.06,57.2,58.84,14.06,0,0.0,0.0,5.34
2026-09-14T01:00:00+00:00,cow_04,23.76,34.47,25.53,0.1433,172,38.64,3.18,25.98,0.25,1,89.1,15.06,57.2,58.84,14.06,0,0.0,0.0,5.26
2026-09-14T01:00:00+00:00,cow_05,32.0,33.35,26.65,0.125,278,38.73,1.91,21.2,0.2,1,89.1,15.06,57.2,58.84,14.06,0,0.0,0.0,5.05
2026-09-14T01:00:00+00:00,cow_06,32.96,33.43,26.57,0.1422,212,38.43,1.94,23.15,0.19,1,89.1,15.06,57.2,58.84,14.06,0,0.0,0.0,5.35
2026-09-14T01:00:00+00:00,cow_07,24.69,37.52,22.48,0.1367,190,38.54,2.6,25.41,0.29,1,89.1,15.06,57.2,58.84,14.06,0,0.0,0.0,5.36
2026-09-14T01:00:00+00:00,cow_08,27.22,37.09,22.91,0.1344,242,38.65,2.83,25.69,0.25,1,89.1,15.06,57.2,58.84,14.06,0,0.0,0.0,5.31
2026-09-14T01:00:00+00:00,cow_09,23.42,34.31,25.69,0.1071,161,38.56,0.0,23.11,0.03,0,89.1,15.06,57.2,58.84,14.06,0,0.0,0.0,4.97
2026-09-14T01:00:00+00:00,cow_10,27.55,32.64,27.36,0.1308,211,38.62,0.33,25.98,0.09,0,89.1,15.06,57.2,58.84,14.06,0,0.0,0.0,5.17
2026-09-14T01:00:00+00:00,cow_11,28.13,31.41,28.59,0.1207,228,38.61,3.71,26.59,0.44,1,89.1,15.06,57.2,58.84,14.06,0,0.0,0.0,5.29
2026-09-14T01:00:00+00:00,cow_12,19.91,35.18,24.82,0.1096,189,38.5,1.4,17.66,0.15,0,89.1,15.06,57.2,58.84,14.06,0,0.0,0.0,5.19
2026-09-14T01:00:00+00:00,cow_13,31.5,35.42,24.58,0.1368,267,38.67,2.15,26.49,0.21,1,89.1,15.06,57.2,58.84,14.06,0,0.0,0.0,5.12
2026-09-14T01:00:00+00:00,cow_14,30.39,38.32,21.68,0.13,240,38.6,1.18,23.19,0.14,1,89.1,15.06,57.2,58.84,14.06,0,0.0,0.0,5.35
2026-09-14T01:00:00+00:00,cow_15,23.42,32.76,27.24,0.1255,171,38.54,2.95,22.35,0.29,1,89.1,15.06,57.2,58.84,14.06,0,0.0,0.0,5.09
2026-09-14T01:00:00+00:00,cow_16,27.94,34.2,25.8,0.0996,238,38.78,1.09,20.06,0.17,0,89.1,15.06,57.2,58.84,14.06,0,0.0,0.0,5.31
2026-09-14T02:00:00+00:00,cow_01,27.53,37.32,22.68,0.1282,240,38.61,1.2,21.59,0.22,1,86.2,13.78,59.4,57.08,12.78,0,0.0,0.0,5.13
2026-09-14T02:00:00+00:00,cow_02,33.02,33.5,26.5,0.1381,266,38.72,0.52,28.96,0.12,1,86.2,13.78,59.4,57.08,12.78,0,0.0,0.0,5.1
2026-09-14T02:00:00+00:00,cow_03,29.04,30.41,29.59,0.1197,234,38.52,1.05,27.03,0.01,0,86.2,13.78,59.4,57.08,12.78,0,0.0,0.0,5.23
2026-09-14T02:00:00+00:00,cow_04,24.19,31.82,28.18,0.1453,195,38.53,2.33,24.42,0.25,1,86.2,13.78,59.4,57.08,12.78,0,0.0,0.0,5.18
2026-09-14T02:00:00+00:00,cow_05,28.31,30.91,29.09,0.1423,216,38.6,2.28,19.58,0.32,1,86.2,13.78,59.4,57.08,12.78,0,0.0,0.0,5.24
2026-09-14T02:00:00+00:00,cow_06,29.61,32.85,27.15,0.1344,251,38.45,3.36,23.88,0.23,1,86.2,13.78,59.4,57.08,12.78,0,0.0,0.0,5.23
2026-09-14T02:00:00+00:00,cow_07,19.98,38.19,21.81,0.1043,167,38.48,2.67,24.09,0.27,0,86.2,13.78,59.4,57.08,12.78,0,0.0,0.0,5.2
2026-09-14T02:00:00+00:00,cow_08,22.98,38.29,21.71,0.1119,184,38.71,1.9,25.96,0.24,0,86.2,13.78,59.4,57.08,12.78,0,0.0,0.0,5.26
2026-09-14T02:00:00+00:00,cow_09,26.4,33.75,26.25,0.1312,212,38.4,3.29,23.4,0.35,1,86.2,13.78,59.4,57.08,12.78,0,0.0,0.0,5.24
2026-09-14T02:00:00+00:00,cow_10,26.92,33.24,26.76,0.1364,195,38.67,3.16,26.09,0.3,1,86.2,13.78,59.4,57.08,12.78,0,0.0,0.0,5.13
2026-09-14T02:00:00+00:00,cow_11,29.68,33.75,26.25,0.1467,234,38.45,3.95,26.45,0.3,1,86.2,13.78,59.4,57.08,12.78,0,0.0,0.0,5.27
2026-09-14T02:00:00+00:00,cow_12,24.51,34.78,25.22,0.113,211,38.45,1.13,18.96,0.14,1,86.2,13.78,59.4,57.08,12.78,0,0.0,0.0,5.27
2026-09-14T02:00:00+00:00,cow_13,27.49,34.8,25.2,0.1219,231,38.65,3.32,27.44,0.3,0,86.2,13.78,59.4,57.08,12.78,0,0.0,0.0,5.19
2026-09-14T02:00:00+00:00,cow_14,27.92,34.83,25.17,0.1192,227,38.49,4.98,23.96,0.48,0,86.2,13.78,59.4,57.08,12.78,0,0.0,0.0,5.12
2026-09-14T02:00:00+00:00,cow_15,25.98,33.31,26.69,0.1228,237,38.39,3.58,22.97,0.28,0,86.2,13.78,59.4,57.08,12.78,0,0.0,0.0,5.05
2026-09-14T02:00:00+00:00,cow_16,25.64,34.99,25.01,0.1186,202,38.67,1.67,20.86,0.19,1,86.2,13.78,59.4,57.08,12.78,0,0.0,0.0,5.23
2026-09-14T03:00:00+00:00,cow_01,27.03,38.67,21.33,0.1266,195,38.58,1.83,21.33,0.12,0,85.8,14.79,60.3,58.49,13.79,0,0.0,0.0,5.21
2026-09-14T03:00:00+00:00,cow_02,32.13,36.49,23.51,0.139,265,38.58,1.12,26.97,0.11,0,85.8,14.79,60.3,58.49,13.79,0,0.0,0.0,5.25
2026-09-14T03:00:00+00:00,cow_03,22.2,35.95,24.05,0.1216,155,38.54,2.41,24.54,0.19,0,85.8,14.79,60.3,58.49,13.79,0,0.0,0.0,5.08
2026-09-14T03:00:00+00:00,cow_04,21.12,31.97,28.03,0.1144,168,38.44,3.22,26.48,0.4,1,85.8,14.79,60.3,58.49,13.79,0,0.0,0.0,5.38
2026-09-14T03:00:00+00:00,cow_05,30.18,29.3,30.7,0.1224,246,38.51,1.18,20.08,0.26,1,85.8,14.79,60.3,58.49,13.79,0,0.0,0.0,5.17
2026-09-14T03:00:00+00:00,cow_06,33.99,36.0,24.0,0.1543,263,38.43,1.42,24.1,0.07,0,85.8,14.79,60.3,58.49,13.79,0,0.0,0.0,5.29
2026-09-14T03:00:00+00:00,cow_07,25.08,37.17,22.83,0.1346,205,38.47,4.09,23.84,0.46,1,85.8,14.79,60.3,58.49,13.79,0,0.0,0.0,5.25
2026-09-14T03:00:00+00:00,cow_08,22.04,38.09,21.91,0.1342,193,38.63,1.38,28.96,0.17,0,85.8,14.79,60.3,58.49,13.79,0,0.0,0.0,5.11
2026-09-14T03:00:00+00:00,cow_09,28.46,32.56,27.44,0.1263,217,38.44,0.81,24.22,0.01,0,85.8,14.79,60.3,58.49,13.79,0,0.0,0.0,5.09
2026-09-14T03:00:00+00:00,cow_10,22.92,35.02,24.98,0.1285,180,38.54,3.43,27.25,0.26,1,85.8,14.79,60.3,58.49,13.79,0,0.0,0.0,5.22
2026-09-14T03:00:00+00:00,cow_11,31.69,37.46,22.54,0.1289,261,38.49,4.35,26.06,0.34,0,85.8,14.79,60.3,58.49,13.79,0,0.0,0.0,5.27
2026-09-14T03:00:00+00:00,cow_12,20.18,34.69,25.31,0.1271,211,38.47,1.99,17.73,0.18,0,85.8,14.79,60.3,58.49,13.79,0,0.0,0.0,5.28
2026-09-14T03:00:00+00:00,cow_13,24.86,35.14,24.86,0.1424,208,38.7,2.11,27.04,0.17,0,85.8,14.79,60.3,58.49,13.79,0,0.0,0.0,5.29
2026-09-14T03:00:00+00:00,cow_14,30.8,38.16,21.84,0.1478,229,38.51,3.83,24.48,0.35,0,85.8,14.79,60.3,58.49,13.79,0,0.0,0.0,5.32
2026-09-14T03:00:00+00:00,cow_15,25.0,31.82,28.18,0.1459,179,38.4,3.46,24.87,0.24,1,85.8,14.79,60.3,58.49,13.79,0,0.0,0.0,5.26
2026-09-14T03:00:00+00:00,cow_16,28.98,36.96,23.04,0.1392,233,38.63,2.63,23.78,0.25,1,85.8,14.79,60.3,58.49,13.79,0,0.0,0.0,5.29
2026-09-14T04:00:00+00:00,cow_01,23.82,38.39,21.61,0.1032,197,38.53,4.7,21.52,0.42,1,88.8,15.39,60.5,59.34,14.39,0,0.0,0.0,5.13
2026-09-14T04:00:00+00:00,cow_02,33.5,33.22,26.78,0.14,278,38.58,0.87,29.32,0.11,0,88.8,15.39,60.5,59.34,14.39,0,0.0,0.0,5.11
2026-09-14T04:00:00+00:00,cow_03,24.94,32.91,27.09,0.122,224,38.55,2.71,25.02,0.16,1,88.8,15.39,60.5,59.34,14.39,0,0.0,0.0,5.22
2026-09-14T04:00:00+00:00,cow_04,23.78,33.36,26.64,0.1149,190,38.54,3.71,26.31,0.37,0,88.8,15.39,60.5,59.34,14.39,0,0.0,0.0,5.25
2026-09-14T04:00:00+00:00,cow_05,28.03,31.21,28.79,0.152,217,38.54,1.69,22.41,0.28,0,88.8,15.39,60.5,59.34,14.39,0,0.0,0.0,5.24
2026-09-14T04:00:00+00:00,cow_06,31.08,31.69,28.31,0.1495,252,38.44,0.53,26.0,0.14,0,88.8,15.39,60.5,59.34,14.39,0,0.0,0.0,5.14
2026-09-14T04:00:00+00:00,cow_07,17.28,36.55,23.45,0.1195,137,38.38,4.11,22.67,0.3,1,88.8,15.39,60.5,59.34,14.39,0,0.0,0.0,5.24
2026-09-14T04:00:00+00:00,cow_08,21.38,38.48,21.52,0.1339,150,38.63,2.51,27.61,0.16,1,88.8,15.39,60.5,59.34,14.39,0,0.0,0.0,5.12
2026-09-14T04:00:00+00:00,cow_09,18.88,31.21,28.79,0.1118,154,38.45,2.64,25.8,0.24,1,88.8,15.39,60.5,59.34,14.39,0,0.0,0.0,5.12
2026-09-14T04:00:00+00:00,cow_10,27.03,33.38,26.62,0.1238,217,38.47,2.45,27.26,0.19,1,88.8,15.39,60.5,59.34,14.39,0,0.0,0.0,5.3
2026-09-14T04:00:00+00:00,cow_11,31.78,33.14,26.86,0.1412,276,38.39,3.67,26.8,0.35,2,88.8,15.39,60.5,59.34,14.39,0,0.0,0.0,5.12
2026-09-14T04:00:00+00:00,cow_12,20.35,33.67,26.33,0.1336,198,38.46,2.29,17.88,0.19,1,88.8,15.39,60.5,59.34,14.39,0,0.0,0.0,5.18
2026-09-14T04:00:00+00:00,cow_13,28.0,34.09,25.91,0.1226,228,38.62,0.0,29.8,0.14,0,88.8,15.39,60.5,59.34,14.39,0,0.0,0.0,5.25
2026-09-14T04:00:00+00:00,cow_14,26.71,34.92,25.08,0.1235,192,38.57,3.56,26.68,0.31,1,88.8,15.39,60.5,59.34,14.39,0,0.0,0.0,5.23
2026-09-14T04:00:00+00:00,cow_15,24.04,31.18,28.82,0.1209,186,38.41,0.46,24.75,0.03,0,88.8,15.39,60.5,59.34,14.39,0,0.0,0.0,5.23
2026-09-14T04:00:00+00:00,cow_16,25.24,35.11,24.89,0.1385,175,38.53,1.65,23.74,0.2,0,88.8,15.39,60.5,59.34,14.39,0,0.0,0.0,5.25
2026-09-14T05:00:00+00:00,cow_01,47.76,24.96,35.04,0.1663,377,38.58,8.8,15.33,0.76,2,93.3,15.86,62.8,60.03,14.86,0,0.0,0.0,5.23
2026-09-14T05:00:00+00:00,cow_02,55.01,22.45,37.55,0.1762,430,38.59,6.69,21.07,0.82,1,93.3,15.86,62.8,60.03,14.86,0,0.0,0.0,5.23
2026-09-14T05:00:00+00:00,cow_03,49.22,22.5,37.5,0.1592,378,38.54,7.91,15.92,0.75,2,93.3,15.86,62.8,60.03,14.86,0,0.0,0.0,5.04
2026-09-14T05:00:00+00:00,cow_04,49.44,23.16,36.84,0.1539,416,38.4,6.97,17.57,0.7,3,93.3,15.86,62.8,60.03,14.86,0,0.0,0.0,5.16
2026-09-14T05:00:00+00:00,cow_05,55.74,17.69,42.31,0.1895,466,38.6,7.3,16.26,0.89,2,93.3,15.86,62.8,60.03,14.86,0,0.0,0.0,5.19
2026-09-14T05:00:00+00:00,cow_06,54.38,24.05,35.95,0.18,460,38.39,10.95,18.64,0.83,3,93.3,15.86,62.8,60.03,14.86,0,0.0,0.0,5.13
2026-09-14T05:00:00+00:00,cow_07,42.95,23.75,36.25,0.1706,338,38.44,6.42,16.3,0.56,2,93.3,15.86,62.8,60.03,14.86,0,0.0,0.0,5.24
2026-09-14T05:00:00+00:00,cow_08,47.5,26.17,33.83,0.1778,386,38.51,9.43,19.06,0.64,2,93.3,15.86,62.8,60.03,14.86,0,0.0,0.0,5.36
2026-09-14T05:00:00+00:00,cow_09,42.73,21.67,38.33,0.1351,321,38.38,7.23,15.62,0.74,1,93.3,15.86,62.8,60.03,14.86,0,0.0,0.0,5.1
2026-09-14T05:00:00+00:00,cow_10,47.81,21.01,38.99,0.1579,381,38.47,5.47,19.38,0.55,1,93.3,15.86,62.8,60.03,14.86,0,0.0,0.0,5.25
2026-09-14T05:00:00+00:00,cow_11,53.43,18.98,41.02,0.1851,425,38.35,9.05,18.09,0.85,2,93.3,15.86,62.8,60.03,14.86,0,0.0,0.0,5.3
2026-09-14T05:00:00+00:00,cow_12,36.31,24.37,35.63,0.1748,330,38.44,6.47,13.35,0.52,2,93.3,15.86,62.8,60.03,14.86,0,0.0,0.0,5.25
2026-09-14T05:00:00+00:00,cow_13,44.33,20.33,39.67,0.1651,353,38.56,7.82,19.54,0.68,2,93.3,15.86,62.8,60.03,14.86,0,0.0,0.0,5.16
2026-09-14T05:00:00+00:00,cow_14,51.41,24.2,35.8,0.1844,404,38.51,8.76,16.63,0.83,2,93.3,15.86,62.8,60.03,14.86,0,0.0,0.0,5.19
2026-09-14T05:00:00+00:00,cow_15,40.3,22.26,37.74,0.1539,340,38.39,8.7,17.53,0.84,2,93.3,15.86,62.8,60.03,14.86,0,0.0,0.0,5.26
2026-09-14T05:00:00+00:00,cow_16,46.73,23.58,36.42,0.16,361,38.52,3.99,14.78,0.51,1,93.3,15.86,62.8,60.03,14.86,0,0.0,0.0,5.23
2026-09-14T06:00:00+00:00,cow_01,63.97,16.67,43.33,0.2105,493,38.51,20.7,15.57,1.58,5,87.2,16.63,62.9,61.14,15.63,0,14.21,7.53,5.24
2026-09-14T06:00:00+00:00,cow_02,72.65,16.61,43.39,0.2234,573,38.49,14.87,19.17,1.92,4,87.2,16.63,62.9,61.14,15.63,0,15.02,7.61,5.33
2026-09-14T06:00:00+00:00,cow_03,61.53,18.17,41.83,0.1942,488,38.36,17.53,16.64,1.51,3,87.2,16.63,62.9,61.14,15.63,0,16.44,8.14,4.98
2026-09-14T06:00:00+00:00,cow_04,54.99,15.53,44.47,0.1804,460,38.44,17.83,19.02,1.51,4,87.2,16.63,62.9,61.14,15.63,0,16.21,7.82,5.18
2026-09-14T06:00:00+00:00,cow_05,67.29,15.88,44.12,0.2058,538,38.43,16.88,17.93,2.12,5,87.2,16.63,62.9,61.14,15.63,0,17.78,7.12,5.11
2026-09-14T06:00:00+00:00,cow_06,73.89,15.97,44.03,0.1984,580,38.35,18.18,17.64,1.48,4,87.2,16.63,62.9,61.14,15.63,0,16.5,7.18,5.1
2026-09-14T06:00:00+00:00,cow_07,59.93,15.21,44.79,0.1808,496,38.37,17.3,15.95,1.66,5,87.2,16.63,62.9,61.14,15.63,0,16.13,8.68,5.18
2026-09-14T06:00:00+00:00,cow_08,58.35,16.49,43.51,0.1956,453,38.57,19.9,20.89,1.68,5,87.2,16.63,62.9,61.14,15.63,0,17.1,7.33,5.11
2026-09-14T06:00:00+00:00,cow_09,52.72,13.3,46.7,0.1751,423,38.33,16.31,18.77,1.56,4,87.2,16.63,62.9,61.14,15.63,0,17.23,7.18,5.16
2026-09-14T06:00:00+00:00,cow_10,64.01,16.63,43.37,0.1908,531,38.45,17.34,18.35,1.63,5,87.2,16.63,62.9,61.14,15.63,0,19.64,8.02,5.09
2026-09-14T06:00:00+00:00,cow_11,71.02,15.51,44.49,0.2127,581,38.26,19.14,17.31,1.81,5,87.2,16.63,62.9,61.14,15.63,0,17.37,7.58,5.11
2026-09-14T06:00:00+00:00,cow_12,46.45,14.54,45.46,0.1807,430,38.38,12.48,12.57,0.96,4,87.2,16.63,62.9,61.14,15.63,0,10.62,6.96,5.28
2026-09-14T06:00:00+00:00,cow_13,65.84,16.02,43.98,0.1851,529,38.56,17.74,19.14,1.64,4,87.2,16.63,62.9,61.14,15.63,0,14.58,8.01,5.19
2026-09-14T06:00:00+00:00,cow_14,71.86,15.73,44.27,0.2071,551,38.34,19.19,19.23,1.73,4,87.2,16.63,62.9,61.14,15.63,0,14.98,7.4,5.15
2026-09-14T06:00:00+00:00,cow_15,54.67,13.73,46.27,0.1887,422,38.36,19.89,19.51,1.78,4,87.2,16.63,62.9,61.14,15.63,0,16.43,7.71,5.25
2026-09-14T06:00:00+00:00,cow_16,61.83,16.12,43.88,0.1921,488,38.53,16.33,18.57,1.64,3,87.2,16.63,62.9,61.14,15.63,0,14.92,8.4,5.2
2026-09-14T07:00:00+00:00,cow_01,68.58,17.32,42.68,0.2104,554,38.46,17.41,17.35,1.35,5,86.4,17.6,63.7,62.54,16.6,0,0.0,0.0,5.12
2026-09-14T07:00:00+00:00,cow_02,77.28,16.62,43.38,0.2161,628,38.53,14.18,19.44,1.88,4,86.4,17.6,63.7,62.54,16.6,0,0.0,0.0,5.19
2026-09-14T07:00:00+00:00,cow_03,65.09,13.78,46.22,0.1816,499,38.4,18.23,17.29,1.55,6,86.4,17.6,63.7,62.54,16.6,0,0.0,0.0,5.32
2026-09-14T07:00:00+00:00,cow_04,56.85,15.1,44.9,0.1828,465,38.34,16.05,17.17,1.45,4,86.4,17.6,63.7,62.54,16.6,0,0.0,0.0,5.26
2026-09-14T07:00:00+00:00,cow_05,70.97,14.18,45.82,0.216,549,38.46,13.67,15.69,1.7,5,86.4,17.6,63.7,62.54,16.6,0,0.0,0.0,5.2
2026-09-14T07:00:00+00:00,cow_06,76.21,16.27,43.73,0.2164,624,38.34,19.74,20.0,1.52,5,86.4,17.6,63.7,62.54,16.6,0,0.0,0.0,5.14
2026-09-14T07:00:00+00:00,cow_07,57.24,17.43,42.57,0.1836,434,38.27,18.15,16.7,1.65,5,86.4,17.6,63.7,62.54,16.6,0,0.0,0.0,5.23
2026-09-14T07:00:00+00:00,cow_08,59.44,15.92,44.08,0.1922,478,38.48,21.56,20.25,1.88,6,86.4,17.6,63.7,62.54,16.6,0,0.0,0.0,5.14
2026-09-14T07:00:00+00:00,cow_09,60.74,14.7,45.3,0.2098,499,38.34,18.62,16.34,1.76,6,86.4,17.6,63.7,62.54,16.6,0,0.0,0.0,5.27
2026-09-14T07:00:00+00:00,cow_10,64.78,14.81,45.19,0.1869,513,38.43,15.47,18.58,1.47,4,86.4,17.6,63.7,62.54,16.6,0,0.0,0.0,5.15
2026-09-14T07:00:00+00:00,cow_11,75.6,15.99,44.01,0.2136,613,38.29,19.91,20.17,1.85,5,86.4,17.6,63.7,62.54,16.6,0,0.0,0.0,5.2
2026-09-14T07:00:00+00:00,cow_12,43.78,15.21,44.79,0.1786,456,38.34,13.57,13.22,1.09,6,86.4,17.6,63.7,62.54,16.6,0,0.0,0.0,5.08
2026-09-14T07:00:00+00:00,cow_13,66.49,13.94,46.06,0.1931,512,38.62,20.14,20.55,1.86,5,86.4,17.6,63.7,62.54,16.6,0,0.0,0.0,5.17
2026-09-14T07:00:00+00:00,cow_14,72.62,16.0,44.0,0.2022,571,38.59,19.45,18.6,1.81,5,86.4,17.6,63.7,62.54,16.6,0,0.0,0.0,5.14
2026-09-14T07:00:00+00:00,cow_15,55.41,14.83,45.17,0.2023,464,38.34,18.75,17.09,1.72,5,86.4,17.6,63.7,62.54,16.6,0,0.0,0.0,5.13
2026-09-14T07:00:00+00:00,cow_16,59.85,16.13,43.87,0.1761,469,38.53,16.6,16.97,1.55,4,86.4,17.6,63.7,62.54,16.6,0,0.0,0.0,5.3
2026-09-14T08:00:00+00:00,cow_01,64.92,17.32,42.68,0.2022,529,38.5,19.58,16.29,1.54,5,92.1,18.67,63.0,64.06,17.67,0,0.0,0.0,5.06
2026-09-14T08:00:00+00:00,cow_02,72.89,17.37,42.63,0.2213,582,38.55,13.66,19.94,1.71,3,92.1,18.67,63.0,64.06,17.67,0,0.0,0.0,5.25
2026-09-14T08:00:00+00:00,cow_03,62.68,12.04,47.96,0.1761,491,38.3,19.01,18.18,1.58,6,92.1,18.67,63.0,64.06,17.67,0,0.0,0.0,5.18
2026-09-14T08:00:00+00:00,cow_04,60.64,13.71,46.29,0.1996,488,38.42,19.33,17.08,1.68,5,92.1,18.67,63.0,64.06,17.67,0,0.0,0.0,5.08
2026-09-14T08:00:00+00:00,cow_05,68.82,13.99,46.01,0.2043,561,38.52,16.84,16.72,2.07,4,92.1,18.67,63.0,64.06,17.67,0,0.0,0.0,5.04
2026-09-14T08:00:00+00:00,cow_06,72.92,16.01,43.99,0.2184,587,38.41,20.65,15.13,1.47,5,92.1,18.67,63.0,64.06,17.67,0,0.0,0.0,5.12
2026-09-14T08:00:00+00:00,cow_07,57.54,16.43,43.57,0.174,451,38.36,19.55,16.67,1.82,5,92.1,18.67,63.0,64.06,17.67,0,0.0,0.0,5.21
2026-09-14T08:00:00+00:00,cow_08,65.87,17.82,42.18,0.2095,519,38.59,21.52,19.82,1.89,6,92.1,18.67,63.0,64.06,17.67,0,0.0,0.0,5.21
2026-09-14T08:00:00+00:00,cow_09,57.94,12.86,47.14,0.1836,475,38.35,18.01,17.4,1.76,5,92.1,18.67,63.0,64.06,17.67,0,0.0,0.0,5.18
2026-09-14T08:00:00+00:00,cow_10,64.4,16.23,43.77,0.2019,549,38.55,15.71,17.93,1.51,4,92.1,18.67,63.0,64.06,17.67,0,0.0,0.0,5.21
2026-09-14T08:00:00+00:00,cow_11,77.44,15.41,44.59,0.2292,622,38.3,19.62,18.61,1.8,6,92.1,18.67,63.0,64.06,17.67,0,0.0,0.0,5.0
2026-09-14T08:00:00+00:00,cow_12,46.77,17.55,42.45,0.2022,473,38.37,13.04,12.01,1.01,4,92.1,18.67,63.0,64.06,17.67,0,0.0,0.0,5.18
2026-09-14T08:00:00+00:00,cow_13,62.64,15.99,44.01,0.1995,463,38.53,19.53,19.74,1.67,5,92.1,18.67,63.0,64.06,17.67,0,0.0,0.0,5.14
2026-09-14T08:00:00+00:00,cow_14,71.14,19.22,40.78,0.2067,583,38.47,22.81,17.81,2.03,6,92.1,18.67,63.0,64.06,17.67,0,0.0,0.0,5.18
2026-09-14T08:00:00+00:00,cow_15,59.44,13.53,46.47,0.1943,489,38.34,19.26,17.17,1.81,4,92.1,18.67,63.0,64.06,17.67,0,0.0,0.0,5.08
2026-09-14T08:00:00+00:00,cow_16,64.2,14.66,45.34,0.203,539,38.45,15.79,16.59,1.6,5,92.1,18.67,63.0,64.06,17.67,0,0.0,0.0,5.26
2026-09-14T09:00:00+00:00,cow_01,62.48,17.55,42.45,0.181,510,38.44,20.3,15.63,1.6,5,92.3,18.85,63.9,64.36,17.85,0,0.0,0.0,4.97
2026-09-14T09:00:00+00:00,cow_02,74.3,14.95,45.05,0.2052,641,38.45,16.33,18.47,2.08,3,92.3,18.85,63.9,64.36,17.85,0,0.0,0.0,5.29
2026-09-14T09:00:00+00:00,cow_03,63.64,13.97,46.03,0.2037,493,38.38,20.15,15.93,1.72,5,92.3,18.85,63.9,64.36,17.85,0,0.0,0.0,5.2
2026-09-14T09:00:00+00:00,cow_04,57.02,18.6,41.4,0.1742,470,38.44,18.19,19.19,1.52,5,92.3,18.85,63.9,64.36,17.85,0,0.0,0.0,5.27
2026-09-14T09:00:00+00:00,cow_05,68.1,15.07,44.93,0.1968,547,38.49,16.62,13.38,2.15,5,92.3,18.85,63.9,64.36,17.85,0,0.0,0.0,5.21
2026-09-14T09:00:00+00:00,cow_06,72.63,15.6,44.4,0.2222,600,38.38,21.04,17.98,1.62,5,92.3,18.85,63.9,64.36,17.85,0,0.0,0.0,5.17
2026-09-14T09:00:00+00:00,cow_07,56.64,17.69,42.31,0.1643,460,38.28,20.85,18.03,1.94,5,92.3,18.85,63.9,64.36,17.85,0,0.0,0.0,5.25
2026-09-14T09:00:00+00:00,cow_08,62.45,20.01,39.99,0.1961,515,38.52,21.53,20.14,1.88,5,92.3,18.85,63.9,64.36,17.85,0,0.0,0.0,5.1
2026-09-14T09:00:00+00:00,cow_09,58.92,15.0,45.0,0.1884,484,38.37,18.08,15.76,1.65,4,92.3,18.85,63.9,64.36,17.85,0,0.0,0.0,5.19
2026-09-14T09:00:00+00:00,cow_10,63.12,14.85,45.15,0.1944,495,38.48,18.61,18.51,1.68,5,92.3,18.85,63.9,64.36,17.85,0,0.0,0.0,5.14
2026-09-14T09:00:00+00:00,cow_11,73.01,13.93,46.07,0.2007,570,38.27,20.47,19.84,1.93,6,92.3,18.85,63.9,64.36,17.85,0,0.0,0.0,5.09
2026-09-14T09:00:00+00:00,cow_12,47.2,16.09,43.91,0.2001,449,38.28,14.33,12.34,1.13,6,92.3,18.85,63.9,64.36,17.85,0,0.0,0.0,5.18
2026-09-14T09:00:00+00:00,cow_13,62.71,15.17,44.83,0.1746,502,38.5,20.9,17.99,1.91,5,92.3,18.85,63.9,64.36,17.85,0,0.0,0.0,5.21
2026-09-14T09:00:00+00:00,cow_14,75.24,13.95,46.05,0.2199,601,38.47,20.22,15.7,1.82,5,92.3,18.85,63.9,64.36,17.85,0,0.0,0.0,5.34
2026-09-14T09:00:00+00:00,cow_15,62.16,12.33,47.67,0.1903,501,38.36,21.68,15.4,1.95,6,92.3,18.85,63.9,64.36,17.85,0,0.0,0.0,5.07
2026-09-14T09:00:00+00:00,cow_16,59.39,16.29,43.71,0.2075,449,38.53,17.95,17.39,1.77,4,92.3,18.85,63.9,64.36,17.85,0,0.0,0.0,5.1
2026-09-14T10:00:00+00:00,cow_01,46.99,23.58,36.42,0.1948,399,38.55,6.23,15.52,0.6,2,91.4,20.3,63.6,66.43,19.3,0,0.0,0.0,5.18
2026-09-14T10:00:00+00:00,cow_02,54.72,26.02,33.98,0.1766,436,38.56,7.28,18.17,0.98,1,91.4,20.3,63.6,66.43,19.3,0,0.0,0.0,5.31
2026-09-14T10:00:00+00:00,cow_03,44.2,22.29,37.71,0.1314,367,38.46,7.65,15.56,0.6,2,91.4,20.3,63.6,66.43,19.3,0,0.0,0.0,5.12
2026-09-14T10:00:00+00:00,cow_04,44.21,22.55,37.45,0.1624,376,38.5,8.13,19.51,0.72,3,91.4,20.3,63.6,66.43,19.3,0,0.0,0.0,5.22
2026-09-14T10:00:00+00:00,cow_05,53.95,24.53,35.47,0.182,425,38.48,6.41,16.58,0.84,1,91.4,20.3,63.6,66.43,19.3,0,0.0,0.0,5.33
2026-09-14T10:00:00+00:00,cow_06,54.13,22.6,37.4,0.1704,432,38.31,8.55,16.0,0.63,2,91.4,20.3,63.6,66.43,19.3,0,0.0,0.0,5.15
2026-09-14T10:00:00+00:00,cow_07,40.47,24.81,35.19,0.1283,334,38.41,8.87,16.48,0.87,2,91.4,20.3,63.6,66.43,19.3,0,0.0,0.0,5.07
2026-09-14T10:00:00+00:00,cow_08,45.73,28.42,31.58,0.1771,380,38.67,8.95,18.59,0.75,1,91.4,20.3,63.6,66.43,19.3,0,0.0,0.0,5.32
2026-09-14T10:00:00+00:00,cow_09,43.48,20.92,39.08,0.1565,333,38.34,7.03,16.41,0.61,2,91.4,20.3,63.6,66.43,19.3,0,0.0,0.0,5.16
2026-09-14T10:00:00+00:00,cow_10,51.11,23.04,36.96,0.1589,418,38.5,7.06,18.52,0.71,1,91.4,20.3,63.6,66.43,19.3,0,0.0,0.0,5.19
2026-09-14T10:00:00+00:00,cow_11,50.16,22.64,37.36,0.1697,386,38.33,10.33,18.44,0.88,3,91.4,20.3,63.6,66.43,19.3,0,0.0,0.0,5.22
2026-09-14T10:00:00+00:00,cow_12,33.99,25.93,34.07,0.1401,293,38.31,4.65,13.74,0.38,1,91.4,20.3,63.6,66.43,19.3,0,0.0,0.0,5.11
2026-09-14T10:00:00+00:00,cow_13,43.94,22.41,37.59,0.1638,373,38.56,8.11,18.61,0.73,2,91.4,20.3,63.6,66.43,19.3,0,0.0,0.0,5.19
2026-09-14T10:00:00+00:00,cow_14,53.66,24.48,35.52,0.1621,431,38.44,9.04,17.99,0.85,2,91.4,20.3,63.6,66.43,19.3,0,0.0,0.0,5.15
2026-09-14T10:00:00+00:00,cow_15,44.52,21.51,38.49,0.1798,334,38.3,7.73,18.85,0.73,1,91.4,20.3,63.6,66.43,19.3,0,0.0,0.0,5.06
2026-09-14T10:00:00+00:00,cow_16,48.14,21.26,38.74,0.1667,381,38.65,7.01,15.12,0.71,2,91.4,20.3,63.6,66.43,19.3,0,0.0,0.0,5.21
2026-09-14T11:00:00+00:00,cow_01,51.72,23.17,36.83,0.1721,405,38.64,8.39,16.91,0.67,3,88.7,19.56,63.1,65.33,18.56,0,0.0,0.0,5.14
2026-09-14T11:00:00+00:00,cow_02,56.72,25.64,34.36,0.1969,449,38.46,6.06,21.51,0.75,2,88.7,19.56,63.1,65.33,18.56,0,0.0,0.0,5.18
2026-09-14T11:00:00+00:00,cow_03,44.73,23.74,36.26,0.1631,388,38.48,8.01,17.02,0.71,1,88.7,19.56,63.1,65.33,18.56,0,0.0,0.0,5.12
2026-09-14T11:00:00+00:00,cow_04,46.12,23.67,36.33,0.1498,381,38.45,6.85,18.26,0.63,2,88.7,19.56,63.1,65.33,18.56,0,0.0,0.0,5.22
2026-09-14T11:00:00+00:00,cow_05,52.42,19.41,40.59,0.1798,412,38.63,6.49,18.25,0.82,2,88.7,19.56,63.1,65.33,18.56,0,0.0,0.0,5.18
2026-09-14T11:00:00+00:00,cow_06,51.79,24.34,35.66,0.1742,423,38.45,8.2,17.06,0.63,1,88.7,19.56,63.1,65.33,18.56,0,0.0,0.0,5.05
2026-09-14T11:00:00+00:00,cow_07,38.79,27.08,32.92,0.1466,322,38.41,6.69,17.66,0.56,2,88.7,19.56,63.1,65.33,18.56,0,0.0,0.0,5.27
2026-09-14T11:00:00+00:00,cow_08,44.85,26.22,33.78,0.1465,402,38.6,9.83,20.22,0.83,2,88.7,19.56,63.1,65.33,18.56,0,0.0,0.0,5.29
2026-09-14T11:00:00+00:00,cow_09,42.5,22.42,37.58,0.1612,328,38.38,5.61,18.05,0.6,2,88.7,19.56,63.1,65.33,18.56,0,0.0,0.0,5.32
2026-09-14T11:00:00+00:00,cow_10,45.8,21.9,38.1,0.1637,368,38.48,5.87,20.78,0.5,2,88.7,19.56,63.1,65.33,18.56,0,0.0,0.0,5.24
2026-09-14T11:00:00+00:00,cow_11,54.86,22.66,37.34,0.194,399,38.36,8.85,18.53,0.87,2,88.7,19.56,63.1,65.33,18.56,0,0.0,0.0,5.11
2026-09-14T11:00:00+00:00,cow_12,32.57,21.24,38.76,0.1584,325,38.42,5.44,12.56,0.46,3,88.7,19.56,63.1,65.33,18.56,0,0.0,0.0,5.26
2026-09-14T11:00:00+00:00,cow_13,42.41,25.38,34.62,0.1554,341,38.59,8.36,18.86,0.76,2,88.7,19.56,63.1,65.33,18.56,0,0.0,0.0,5.27
2026-09-14T11:00:00+00:00,cow_14,56.46,22.87,37.13,0.1762,464,38.43,8.74,16.46,0.79,2,88.7,19.56,63.1,65.33,18.56,0,0.0,0.0,5.17
2026-09-14T11:00:00+00:00,cow_15,41.68,21.78,38.22,0.1646,348,38.36,7.08,19.73,0.64,2,88.7,19.56,63.1,65.33,18.56,0,0.0,0.0,5.22
2026-09-14T11:00:00+00:00,cow_16,46.87,21.58,38.42,0.1688,402,38.47,7.07,14.28,0.74,2,88.7,19.56,63.1,65.33,18.56,0,0.0,0.0,5.19
2026-09-14T12:00:00+00:00,cow_01,51.37,22.89,37.11,0.1724,405,38.73,5.84,15.2,0.44,1,89.9,21.06,60.1,67.29,20.06,0,0.0,0.0,5.22
2026-09-14T12:00:00+00:00,cow_02,58.08,22.97,37.03,0.1838,450,38.54,6.94,20.12,0.81,1,89.9,21.06,60.1,67.29,20.06,0,0.0,0.0,5.17
2026-09-14T12:00:00+00:00,cow_03,43.95,21.38,38.62,0.134,367,38.46,10.79,17.89,0.96,2,89.9,21.06,60.1,67.29,20.06,0,0.0,0.0,5.15
2026-09-14T12:00:00+00:00,cow_04,46.24,21.87,38.13,0.1563,398,38.5,8.58,18.27,0.8,2,89.9,21.06,60.1,67.29,20.06,0,0.0,0.0,5.3
2026-09-14T12:00:00+00:00,cow_05,50.36,23.57,36.43,0.1838,396,38.67,7.11,17.64,0.85,2,89.9,21.06,60.1,67.29,20.06,0,0.0,0.0,5.23
2026-09-14T12:00:00+00:00,cow_06,53.97,23.79,36.21,0.1902,439,38.42,8.71,17.8,0.71,3,89.9,21.06,60.1,67.29,20.06,0,0.0,0.0,5.25
2026-09-14T12:00:00+00:00,cow_07,41.45,26.74,33.26,0.1604,337,38.44,9.37,14.18,0.85,2,89.9,21.06,60.1,67.29,20.06,0,0.0,0.0,5.16
2026-09-14T12:00:00+00:00,cow_08,44.3,23.96,36.04,0.1563,336,38.63,10.11,20.36,0.89,2,89.9,21.06,60.1,67.29,20.06,0,0.0,0.0,5.11
2026-09-14T12:00:00+00:00,cow_09,41.79,21.36,38.64,0.1489,370,38.42,7.98,17.32,0.72,2,89.9,21.06,60.1,67.29,20.06,0,0.0,0.0,5.26
2026-09-14T12:00:00+00:00,cow_10,50.12,22.68,37.32,0.1778,393,38.46,8.19,18.0,0.72,2,89.9,21.06,60.1,67.29,20.06,0,0.0,0.0,5.22
2026-09-14T12:00:00+00:00,cow_11,53.01,24.08,35.92,0.19,429,38.34,10.67,19.69,0.96,3,89.9,21.06,60.1,67.29,20.06,0,0.0,0.0,5.22
2026-09-14T12:00:00+00:00,cow_12,36.62,22.82,37.18,0.1606,401,38.44,5.4,12.59,0.46,2,89.9,21.06,60.1,67.29,20.06,0,0.0,0.0,5.13
2026-09-14T12:00:00+00:00,cow_13,47.28,22.27,37.73,0.1798,403,38.58,9.21,19.01,0.79,3,89.9,21.06,60.1,67.29,20.06,0,0.0,0.0,5.36
2026-09-14T12:00:00+00:00,cow_14,54.52,23.71,36.29,0.1693,447,38.61,8.94,18.85,0.78,2,89.9,21.06,60.1,67.29,20.06,0,0.0,0.0,5.23
2026-09-14T12:00:00+00:00,cow_15,37.69,20.87,39.13,0.1573,267,38.33,8.3,15.36,0.74,1,89.9,21.06,60.1,67.29,20.06,0,0.0,0.0,5.26
2026-09-14T12:00:00+00:00,cow_16,49.06,20.77,39.23,0.1718,391,38.63,8.74,14.42,0.92,3,89.9,21.06,60.1,67.29,20.06,0,0.0,0.0,5.07
2026-09-14T13:00:00+00:00,cow_01,46.86,26.0,34.0,0.1714,363,38.67,7.32,15.12,0.63,2,87.5,21.83,58.8,68.28,20.83,0,0.0,0.0,5.24
2026-09-14T13:00:00+00:00,cow_02,53.1,23.18,36.82,0.1825,459,38.71,5.89,18.63,0.85,2,87.5,21.83,58.8,68.28,20.83,0,0.0,0.0,5.16
2026-09-14T13:00:00+00:00,cow_03,45.23,19.9,40.1,0.1715,382,38.58,8.9,16.75,0.82,3,87.5,21.83,58.8,68.28,20.83,0,0.0,0.0,5.28
2026-09-14T13:00:00+00:00,cow_04,46.37,22.57,37.43,0.1544,398,38.52,8.79,21.61,0.8,3,87.5,21.83,58.8,68.28,20.83,0,0.0,0.0,5.13
2026-09-14T13:00:00+00:00,cow_05,49.66,23.02,36.98,0.1639,377,38.51,6.56,15.3,0.88,1,87.5,21.83,58.8,68.28,20.83,0,0.0,0.0,5.31
2026-09-14T13:00:00+00:00,cow_06,51.9,20.57,39.43,0.1748,416,38.47,7.04,17.59,0.46,1,87.5,21.83,58.8,68.28,20.83,0,0.0,0.0,5.35
2026-09-14T13:00:00+00:00,cow_07,45.17,25.21,34.79,0.1411,354,38.51,7.7,18.5,0.73,1,87.5,21.83,58.8,68.28,20.83,0,0.0,0.0,5.07
2026-09-14T13:00:00+00:00,cow_08,47.14,26.77,33.23,0.1724,402,38.67,9.03,20.02,0.83,3,87.5,21.83,58.8,68.28,20.83,0,0.0,0.0,5.2
2026-09-14T13:00:00+00:00,cow_09,45.84,21.98,38.02,0.1576,368,38.41,7.13,15.94,0.71,2,87.5,21.83,58.8,68.28,20.83,0,0.0,0.0,5.26
2026-09-14T13:00:00+00:00,cow_10,48.91,20.88,39.12,0.1813,387,38.56,6.91,18.99,0.77,2,87.5,21.83,58.8,68.28,20.83,0,0.0,0.0,5.16
2026-09-14T13:00:00+00:00,cow_11,59.1,19.4,40.6,0.1816,464,38.41,8.93,18.83,0.85,3,87.5,21.83,58.8,68.28,20.83,0,0.0,0.0,5.2
2026-09-14T13:00:00+00:00,cow_12,38.06,20.18,39.82,0.138,382,38.43,6.78,13.82,0.53,2,87.5,21.83,58.8,68.28,20.83,0,0.0,0.0,5.25
2026-09-14T13:00:00+00:00,cow_13,45.98,22.53,37.47,0.1595,371,38.62,9.09,19.61,0.79,2,87.5,21.83,58.8,68.28,20.83,0,0.0,0.0,5.1
2026-09-14T13:00:00+00:00,cow_14,48.53,25.91,34.09,0.1638,369,38.6,7.74,17.32,0.61,2,87.5,21.83,58.8,68.28,20.83,0,0.0,0.0,5.21
2026-09-14T13:00:00+00:00,cow_15,43.66,20.77,39.23,0.1611,327,38.53,8.5,18.69,0.76,2,87.5,21.83,58.8,68.28,20.83,0,0.0,0.0,5.16
2026-09-14T13:00:00+00:00,cow_16,45.88,22.67,37.33,0.1812,354,38.61,7.65,13.72,0.74,2,87.5,21.83,58.8,68.28,20.83,0,0.0,0.0,5.23
2026-09-14T14:00:00+00:00,cow_01,49.44,23.75,36.25,0.1793,433,38.72,9.79,17.08,0.73,3,87.8,21.64,60.0,68.1,20.64,0,0.0,0.0,5.1
2026-09-14T14:00:00+00:00,cow_02,54.61,23.4,36.6,0.1748,425,38.65,6.26,20.97,0.84,2,87.8,21.64,60.0,68.1,20.64,0,0.0,0.0,5.18
2026-09-14T14:00:00+00:00,cow_03,47.33,18.88,41.12,0.1524,393,38.51,7.91,14.33,0.67,1,87.8,21.64,60.0,68.1,20.64,0,0.0,0.0,5.15
2026-09-14T14:00:00+00:00,cow_04,44.54,22.44,37.56,0.1578,369,38.54,7.34,17.2,0.69,1,87.8,21.64,60.0,68.1,20.64,0,0.0,0.0,5.09
2026-09-14T14:00:00+00:00,cow_05,48.44,21.42,38.58,0.1662,384,38.68,5.82,16.17,0.74,2,87.8,21.64,60.0,68.1,20.64,0,0.0,0.0,5.21
2026-09-14T14:00:00+00:00,cow_06,53.06,19.01,40.99,0.1836,424,38.49,8.22,15.39,0.64,2,87.8,21.64,60.0,68.1,20.64,0,0.0,0.0,5.19
2026-09-14T14:00:00+00:00,cow_07,46.84,25.4,34.6,0.1631,372,38.47,8.32,16.95,0.72,2,87.8,21.64,60.0,68.1,20.64,0,0.0,0.0,5.24
2026-09-14T14:00:00+00:00,cow_08,44.67,26.75,33.25,0.1566,369,38.66,10.54,18.4,0.89,2,87.8,21.64,60.0,68.1,20.64,0,0.0,0.0,5.24
2026-09-14T14:00:00+00:00,cow_09,40.57,21.65,38.35,0.1392,332,38.49,7.36,16.32,0.72,1,87.8,21.64,60.0,68.1,20.64,0,0.0,0.0,5.14
2026-09-14T14:00:00+00:00,cow_10,49.43,23.05,36.95,0.1745,429,38.62,6.32,18.54,0.48,2,87.8,21.64,60.0,68.1,20.64,0,0.0,0.0,5.31
2026-09-14T14:00:00+00:00,cow_11,53.49,23.81,36.19,0.1666,416,38.41,7.15,20.05,0.69,2,87.8,21.64,60.0,68.1,20.64,0,0.0,0.0,5.14
2026-09-14T14:00:00+00:00,cow_12,37.04,21.84,38.16,0.1567,377,38.44,5.04,11.96,0.37,3,87.8,21.64,60.0,68.1,20.64,0,0.0,0.0,5.18
2026-09-14T14:00:00+00:00,cow_13,43.72,21.51,38.49,0.1541,350,38.69,6.02,17.6,0.48,2,87.8,21.64,60.0,68.1,20.64,0,0.0,0.0,5.12
2026-09-14T14:00:00+00:00,cow_14,54.11,25.21,34.79,0.1724,396,38.68,9.8,17.37,0.82,3,87.8,21.64,60.0,68.1,20.64,0,0.0,0.0,5.14
2026-09-14T14:00:00+00:00,cow_15,44.39,19.17,40.83,0.1645,335,38.48,8.11,16.2,0.72,3,87.8,21.64,60.0,68.1,20.64,0,0.0,0.0,5.19
2026-09-14T14:00:00+00:00,cow_16,46.98,27.12,32.88,0.152,364,38.59,5.27,17.91,0.49,0,87.8,21.64,60.0,68.1,20.64,0,0.0,0.0,5.18
2026-09-14T15:00:00+00:00,cow_01,50.47,22.99,37.01,0.1869,367,38.73,7.69,15.76,0.61,2,91.6,21.18,55.4,67.15,20.18,0,0.0,0.0,5.04
2026-09-14T15:00:00+00:00,cow_02,55.78,24.03,35.97,0.1738,444,38.67,7.21,19.86,0.95,2,91.6,21.18,55.4,67.15,20.18,0,0.0,0.0,5.3
2026-09-14T15:00:00+00:00,cow_03,42.43,25.1,34.9,0.1603,331,38.7,7.72,15.68,0.65,2,91.6,21.18,55.4,67.15,20.18,0,0.0,0.0,5.29
2026-09-14T15:00:00+00:00,cow_04,43.95,22.44,37.56,0.1597,369,38.58,7.73,17.81,0.64,2,91.6,21.18,55.4,67.15,20.18,0,0.0,0.0,5.26
2026-09-14T15:00:00+00:00,cow_05,55.73,20.96,39.04,0.1777,451,38.65,6.45,15.96,0.8,1,91.6,21.18,55.4,67.15,20.18,0,0.0,0.0,5.25
2026-09-14T15:00:00+00:00,cow_06,55.71,25.35,34.65,0.1895,434,38.5,7.23,16.0,0.62,2,91.6,21.18,55.4,67.15,20.18,0,0.0,0.0,5.09
2026-09-14T15:00:00+00:00,cow_07,37.68,23.01,36.99,0.1398,301,38.55,9.23,15.5,0.9,2,91.6,21.18,55.4,67.15,20.18,0,0.0,0.0,5.24
2026-09-14T15:00:00+00:00,cow_08,43.66,27.03,32.97,0.1453,330,38.67,10.52,18.82,0.85,3,91.6,21.18,55.4,67.15,20.18,0,0.0,0.0,5.21
2026-09-14T15:00:00+00:00,cow_09,40.72,22.07,37.93,0.1519,318,38.44,8.44,16.39,0.64,2,91.6,21.18,55.4,67.15,20.18,0,0.0,0.0,5.23
2026-09-14T15:00:00+00:00,cow_10,50.04,22.85,37.15,0.1715,393,38.63,7.68,18.52,0.63,2,91.6,21.18,55.4,67.15,20.18,0,0.0,0.0,5.2
2026-09-14T15:00:00+00:00,cow_11,49.38,22.96,37.04,0.1689,374,38.48,8.88,19.44,0.87,3,91.6,21.18,55.4,67.15,20.18,0,0.0,0.0,5.23
2026-09-14T15:00:00+00:00,cow_12,34.07,21.24,38.76,0.1478,331,38.52,6.6,12.7,0.43,2,91.6,21.18,55.4,67.15,20.18,0,0.0,0.0,5.12
2026-09-14T15:00:00+00:00,cow_13,44.53,18.24,41.76,0.1759,323,38.68,9.12,19.78,0.75,3,91.6,21.18,55.4,67.15,20.18,0,0.0,0.0,5.28
2026-09-14T15:00:00+00:00,cow_14,52.96,24.55,35.45,0.1662,427,38.67,8.37,18.17,0.75,4,91.6,21.18,55.4,67.15,20.18,0,0.0,0.0,5.13
2026-09-14T15:00:00+00:00,cow_15,45.74,20.13,39.87,0.1676,326,38.47,8.93,16.92,0.71,2,91.6,21.18,55.4,67.15,20.18,0,0.0,0.0,5.32
2026-09-14T15:00:00+00:00,cow_16,48.56,24.29,35.71,0.1909,362,38.7,7.3,14.75,0.72,2,91.6,21.18,55.4,67.15,20.18,0,0.0,0.0,5.21
2026-09-14T16:00:00+00:00,cow_01,64.27,18.27,41.73,0.1994,514,38.72,19.43,14.88,1.55,5,93.8,20.15,55.7,65.77,19.15,0,0.0,0.0,5.06
2026-09-14T16:00:00+00:00,cow_02,77.24,14.65,45.35,0.2122,614,38.76,17.7,18.86,2.36,4,93.8,20.15,55.7,65.77,19.15,0,0.0,0.0,5.31
2026-09-14T16:00:00+00:00,cow_03,60.45,12.67,47.33,0.1817,483,38.61,18.77,15.55,1.67,4,93.8,20.15,55.7,65.77,19.15,0,0.0,0.0,5.24
2026-09-14T16:00:00+00:00,cow_04,56.97,18.09,41.91,0.1623,424,38.61,20.31,21.25,1.79,5,93.8,20.15,55.7,65.77,19.15,0,0.0,0.0,5.12
2026-09-14T16:00:00+00:00,cow_05,67.59,13.46,46.54,0.1976,536,38.72,16.68,15.77,2.14,4,93.8,20.15,55.7,65.77,19.15,0,0.0,0.0,5.1
2026-09-14T16:00:00+00:00,cow_06,76.9,15.48,44.52,0.2169,593,38.59,20.92,18.97,1.61,5,93.8,20.15,55.7,65.77,19.15,0,0.0,0.0,5.15
2026-09-14T16:00:00+00:00,cow_07,61.39,18.74,41.26,0.1927,505,38.62,18.96,17.75,1.76,4,93.8,20.15,55.7,65.77,19.15,0,0.0,0.0,5.25
2026-09-14T16:00:00+00:00,cow_08,58.6,16.81,43.19,0.187,470,38.75,21.12,19.16,1.89,5,93.8,20.15,55.7,65.77,19.15,0,0.0,0.0,5.19
2026-09-14T16:00:00+00:00,cow_09,60.34,15.16,44.84,0.1844,496,38.55,18.77,16.71,1.74,5,93.8,20.15,55.7,65.77,19.15,0,0.0,0.0,5.16
2026-09-14T16:00:00+00:00,cow_10,70.21,14.33,45.67,0.2003,577,38.69,17.65,20.53,1.64,5,93.8,20.15,55.7,65.77,19.15,0,0.0,0.0,5.16
2026-09-14T16:00:00+00:00,cow_11,71.25,12.64,47.36,0.2011,562,38.49,21.6,17.73,2.05,5,93.8,20.15,55.7,65.77,19.15,0,0.0,0.0,5.28
2026-09-14T16:00:00+00:00,cow_12,49.2,14.08,45.92,0.1753,488,38.59,13.91,11.78,1.03,4,93.8,20.15,55.7,65.77,19.15,0,0.0,0.0,5.24
2026-09-14T16:00:00+00:00,cow_13,61.84,15.65,44.35,0.2092,488,38.78,20.33,18.54,1.91,5,93.8,20.15,55.7,65.77,19.15,0,0.0,0.0,5.24
2026-09-14T16:00:00+00:00,cow_14,72.89,17.4,42.6,0.2175,590,38.67,21.11,17.73,1.76,5,93.8,20.15,55.7,65.77,19.15,0,0.0,0.0,5.15
2026-09-14T16:00:00+00:00,cow_15,59.86,11.71,48.29,0.1924,482,38.54,21.9,16.65,2.01,5,93.8,20.15,55.7,65.77,19.15,0,0.0,0.0,5.21
2026-09-14T16:00:00+00:00,cow_16,61.44,15.23,44.77,0.1746,517,38.7,17.38,13.84,1.62,4,93.8,20.15,55.7,65.77,19.15,0,0.0,0.0,5.32
2026-09-14T17:00:00+00:00,cow_01,64.59,17.34,42.66,0.19,500,38.8,17.79,16.9,1.35,4,86.3,19.83,53.2,65.2,18.83,0,15.66,6.82,5.37
2026-09-14T17:00:00+00:00,cow_02,78.43,18.67,41.33,0.2318,626,38.67,14.98,19.92,1.96,4,86.3,19.83,53.2,65.2,18.83,0,14.28,6.3,5.16
2026-09-14T17:00:00+00:00,cow_03,62.85,13.55,46.45,0.1906,506,38.62,17.13,17.44,1.4,5,86.3,19.83,53.2,65.2,18.83,0,16.91,7.25,5.16
2026-09-14T17:00:00+00:00,cow_04,57.24,14.68,45.32,0.181,453,38.74,16.0,17.55,1.41,5,86.3,19.83,53.2,65.2,18.83,0,15.45,6.92,5.28
2026-09-14T17:00:00+00:00,cow_05,68.52,14.47,45.53,0.1964,541,38.67,16.55,14.5,2.07,4,86.3,19.83,53.2,65.2,18.83,0,17.35,7.53,5.21
2026-09-14T17:00:00+00:00,cow_06,80.46,14.92,45.08,0.2238,663,38.6,19.15,17.01,1.48,5,86.3,19.83,53.2,65.2,18.83,0,16.92,7.73,5.28
2026-09-14T17:00:00+00:00,cow_07,57.97,20.31,39.69,0.1796,474,38.69,20.15,15.71,1.97,6,86.3,19.83,53.2,65.2,18.83,0,16.93,7.99,5.12
2026-09-14T17:00:00+00:00,cow_08,54.91,17.1,42.9,0.1799,432,38.87,21.03,17.95,1.83,5,86.3,19.83,53.2,65.2,18.83,0,16.46,7.55,5.31
2026-09-14T17:00:00+00:00,cow_09,61.07,15.55,44.45,0.1866,494,38.56,17.18,17.67,1.61,5,86.3,19.83,53.2,65.2,18.83,0,17.05,7.89,5.15
2026-09-14T17:00:00+00:00,cow_10,68.03,14.44,45.56,0.2056,523,38.81,16.83,18.01,1.53,5,86.3,19.83,53.2,65.2,18.83,0,18.07,7.01,5.25
2026-09-14T17:00:00+00:00,cow_11,74.82,14.72,45.28,0.2177,592,38.55,20.21,17.6,2.0,5,86.3,19.83,53.2,65.2,18.83,0,17.43,7.88,5.22
2026-09-14T17:00:00+00:00,cow_12,42.68,12.93,47.07,0.1682,430,38.58,13.08,12.94,0.96,5,86.3,19.83,53.2,65.2,18.83,0,11.51,8.26,5.24
2026-09-14T17:00:00+00:00,cow_13,62.84,15.52,44.48,0.1833,483,38.77,19.05,19.9,1.74,5,86.3,19.83,53.2,65.2,18.83,0,15.66,7.41,5.18
2026-09-14T17:00:00+00:00,cow_14,72.81,15.0,45.0,0.2179,583,38.73,20.36,17.85,1.81,5,86.3,19.83,53.2,65.2,18.83,0,16.81,7.16,5.08
2026-09-14T17:00:00+00:00,cow_15,55.87,13.57,46.43,0.1631,471,38.6,18.3,17.47,1.66,4,86.3,19.83,53.2,65.2,18.83,0,16.96,7.18,5.2
2026-09-14T17:00:00+00:00,cow_16,59.65,17.07,42.93,0.1792,498,38.75,14.76,16.26,1.42,3,86.3,19.83,53.2,65.2,18.83,0,14.82,6.51,5.1
2026-09-14T18:00:00+00:00,cow_01,68.46,16.46,43.54,0.2119,543,38.77,21.85,15.07,1.71,5,93.2,20.02,54.3,65.51,19.02,0,0.0,0.0,5.16
2026-09-14T18:00:00+00:00,cow_02,75.81,16.01,43.99,0.2203,582,38.79,14.65,18.89,1.9,4,93.2,20.02,54.3,65.51,19.02,0,0.0,0.0,5.23
2026-09-14T18:00:00+00:00,cow_03,57.47,14.22,45.78,0.2063,458,38.66,17.72,17.34,1.46,3,93.2,20.02,54.3,65.51,19.02,0,0.0,0.0,5.24
2026-09-14T18:00:00+00:00,cow_04,60.8,12.83,47.17,0.1754,474,38.79,19.44,19.33,1.73,6,93.2,20.02,54.3,65.51,19.02,0,0.0,0.0,5.21
2026-09-14T18:00:00+00:00,cow_05,70.64,14.48,45.52,0.1874,569,38.73,14.21,14.64,1.78,4,93.2,20.02,54.3,65.51,19.02,0,0.0,0.0,5.19
2026-09-14T18:00:00+00:00,cow_06,72.29,13.31,46.69,0.2078,580,38.64,21.59,15.45,1.67,5,93.2,20.02,54.3,65.51,19.02,0,0.0,0.0,5.18
2026-09-14T18:00:00+00:00,cow_07,57.94,19.81,40.19,0.1813,465,38.61,19.51,15.23,1.69,5,93.2,20.02,54.3,65.51,19.02,0,0.0,0.0,5.34
2026-09-14T18:00:00+00:00,cow_08,58.69,16.94,43.06,0.1714,466,38.76,22.24,18.68,1.89,6,93.2,20.02,54.3,65.51,19.02,0,0.0,0.0,5.34
2026-09-14T18:00:00+00:00,cow_09,63.04,15.1,44.9,0.1952,505,38.63,17.55,15.73,1.53,5,93.2,20.02,54.3,65.51,19.02,0,0.0,0.0,5.22
2026-09-14T18:00:00+00:00,cow_10,62.35,17.62,42.38,0.1856,521,38.7,17.11,19.24,1.55,4,93.2,20.02,54.3,65.51,19.02,0,0.0,0.0,5.2
2026-09-14T18:00:00+00:00,cow_11,71.44,12.57,47.43,0.1904,574,38.47,21.41,19.21,1.92,5,93.2,20.02,54.3,65.51,19.02,0,0.0,0.0,5.23
2026-09-14T18:00:00+00:00,cow_12,42.36,15.36,44.64,0.168,434,38.69,14.54,12.31,1.1,6,93.2,20.02,54.3,65.51,19.02,0,0.0,0.0,5.26
2026-09-14T18:00:00+00:00,cow_13,57.51,13.14,46.86,0.191,440,38.82,21.26,19.78,1.94,5,93.2,20.02,54.3,65.51,19.02,0,0.0,0.0,5.09
2026-09-14T18:00:00+00:00,cow_14,76.58,13.85,46.15,0.219,604,38.81,21.42,16.34,1.85,6,93.2,20.02,54.3,65.51,19.02,0,0.0,0.0,5.28
2026-09-14T18:00:00+00:00,cow_15,58.85,14.8,45.2,0.1762,459,38.61,21.45,14.85,1.87,5,93.2,20.02,54.3,65.51,19.02,0,0.0,0.0,5.22
2026-09-14T18:00:00+00:00,cow_16,62.48,16.42,43.58,0.187,518,38.88,18.08,15.0,1.62,4,93.2,20.02,54.3,65.51,19.02,0,0.0,0.0,5.21
2026-09-14T19:00:00+00:00,cow_01,59.38,17.03,42.97,0.1949,439,38.73,18.24,16.74,1.41,4,92.5,19.16,51.8,64.24,18.16,0,0.0,0.0,5.2
2026-09-14T19:00:00+00:00,cow_02,72.31,16.93,43.07,0.2343,572,38.71,15.5,20.01,2.04,4,92.5,19.16,51.8,64.24,18.16,0,0.0,0.0,5.15
2026-09-14T19:00:00+00:00,cow_03,59.93,11.22,48.78,0.194,459,38.7,18.63,17.03,1.67,4,92.5,19.16,51.8,64.24,18.16,0,0.0,0.0,5.14
2026-09-14T19:00:00+00:00,cow_04,59.72,14.29,45.71,0.1781,505,38.61,19.67,18.47,1.65,5,92.5,19.16,51.8,64.24,18.16,0,0.0,0.0,5.2
2026-09-14T19:00:00+00:00,cow_05,72.8,12.75,47.25,0.2059,597,38.77,17.55,17.03,2.26,4,92.5,19.16,51.8,64.24,18.16,0,0.0,0.0,5.17
2026-09-14T19:00:00+00:00,cow_06,77.22,15.52,44.48,0.217,623,38.56,20.38,17.08,1.56,5,92.5,19.16,51.8,64.24,18.16,0,0.0,0.0,5.18
2026-09-14T19:00:00+00:00,cow_07,57.16,19.45,40.55,0.1609,467,38.67,20.4,16.14,1.88,6,92.5,19.16,51.8,64.24,18.16,0,0.0,0.0,5.05
2026-09-14T19:00:00+00:00,cow_08,65.93,17.67,42.33,0.1998,506,38.8,23.77,19.19,2.05,6,92.5,19.16,51.8,64.24,18.16,0,0.0,0.0,5.36
2026-09-14T19:00:00+00:00,cow_09,58.23,16.63,43.37,0.1833,471,38.63,19.02,17.84,1.75,5,92.5,19.16,51.8,64.24,18.16,0,0.0,0.0,5.12
2026-09-14T19:00:00+00:00,cow_10,61.45,14.78,45.22,0.1945,476,38.75,15.41,18.39,1.47,3,92.5,19.16,51.8,64.24,18.16,0,0.0,0.0,5.1
2026-09-14T19:00:00+00:00,cow_11,74.33,13.76,46.24,0.238,597,38.65,20.22,18.85,1.83,5,92.5,19.16,51.8,64.24,18.16,0,0.0,0.0,5.14
2026-09-14T19:00:00+00:00,cow_12,49.94,15.95,44.05,0.1908,507,38.63,14.89,14.48,1.12,6,92.5,19.16,51.8,64.24,18.16,0,0.0,0.0,5.28
2026-09-14T19:00:00+00:00,cow_13,67.01,15.55,44.45,0.1942,549,38.84,21.15,19.91,1.91,5,92.5,19.16,51.8,64.24,18.16,0,0.0,0.0,5.26
2026-09-14T19:00:00+00:00,cow_14,68.48,18.77,41.23,0.2078,535,38.77,22.54,17.75,1.94,5,92.5,19.16,51.8,64.24,18.16,0,0.0,0.0,5.4
2026-09-14T19:00:00+00:00,cow_15,52.9,15.16,44.84,0.1694,438,38.54,21.89,16.49,1.99,5,92.5,19.16,51.8,64.24,18.16,0,0.0,0.0,5.15
2026-09-14T19:00:00+00:00,cow_16,61.16,16.71,43.29,0.1729,478,38.9,17.33,14.94,1.62,4,92.5,19.16,51.8,64.24,18.16,0,0.0,0.0,5.28
2026-09-14T20:00:00+00:00,cow_01,42.91,24.68,35.32,0.1626,343,38.9,6.64,16.09,0.6,2,89.5,17.67,52.8,62.3,16.67,0,0.0,0.0,5.1
2026-09-14T20:00:00+00:00,cow_02,49.1,23.28,36.72,0.1633,383,38.83,8.32,17.77,1.04,2,89.5,17.67,52.8,62.3,16.67,0,0.0,0.0,5.26
2026-09-14T20:00:00+00:00,cow_03,43.95,22.65,37.35,0.1447,352,38.69,9.52,18.5,0.83,2,89.5,17.67,52.8,62.3,16.67,0,0.0,0.0,5.01
2026-09-14T20:00:00+00:00,cow_04,42.02,25.57,34.43,0.1375,322,38.72,9.02,17.1,0.8,2,89.5,17.67,52.8,62.3,16.67,0,0.0,0.0,5.1
2026-09-14T20:00:00+00:00,cow_05,49.99,21.05,38.95,0.1573,416,38.85,6.22,16.51,0.71,1,89.5,17.67,52.8,62.3,16.67,0,0.0,0.0,5.27
2026-09-14T20:00:00+00:00,cow_06,56.73,22.57,37.43,0.1941,442,38.63,8.46,17.68,0.68,1,89.5,17.67,52.8,62.3,16.67,0,0.0,0.0,5.25
2026-09-14T20:00:00+00:00,cow_07,39.54,26.6,33.4,0.1687,308,38.63,10.0,16.54,0.84,2,89.5,17.67,52.8,62.3,16.67,0,0.0,0.0,5.13
2026-09-14T20:00:00+00:00,cow_08,47.97,23.99,36.01,0.1429,383,38.85,9.71,15.85,0.82,2,89.5,17.67,52.8,62.3,16.67,0,0.0,0.0,5.23
2026-09-14T20:00:00+00:00,cow_09,38.45,22.06,37.94,0.151,324,38.63,8.07,15.47,0.75,3,89.5,17.67,52.8,62.3,16.67,0,0.0,0.0,5.16
2026-09-14T20:00:00+00:00,cow_10,49.64,20.78,39.22,0.167,372,38.76,6.0,20.08,0.65,1,89.5,17.67,52.8,62.3,16.67,0,0.0,0.0,5.1
2026-09-14T20:00:00+00:00,cow_11,56.65,20.69,39.31,0.1811,475,38.68,7.47,20.62,0.73,2,89.5,17.67,52.8,62.3,16.67,0,0.0,0.0,5.15
2026-09-14T20:00:00+00:00,cow_12,33.82,19.98,40.02,0.1418,340,38.66,6.31,13.12,0.47,2,89.5,17.67,52.8,62.3,16.67,0,0.0,0.0,5.18
2026-09-14T20:00:00+00:00,cow_13,49.21,23.66,36.34,0.1711,379,38.79,6.92,18.64,0.54,2,89.5,17.67,52.8,62.3,16.67,0,0.0,0.0,5.15
2026-09-14T20:00:00+00:00,cow_14,53.37,23.34,36.66,0.1834,402,38.69,8.38,17.71,0.71,2,89.5,17.67,52.8,62.3,16.67,0,0.0,0.0,5.21
2026-09-14T20:00:00+00:00,cow_15,43.65,20.77,39.23,0.1605,363,38.54,9.53,18.06,0.83,3,89.5,17.67,52.8,62.3,16.67,0,0.0,0.0,5.08
2026-09-14T20:00:00+00:00,cow_16,46.74,24.9,35.1,0.1537,362,38.84,6.75,15.86,0.78,1,89.5,17.67,52.8,62.3,16.67,0,0.0,0.0,5.07
2026-09-14T21:00:00+00:00,cow_01,49.75,23.54,36.46,0.1538,410,38.83,6.89,15.88,0.49,2,88.6,16.83,52.4,61.17,15.83,0,0.0,0.0,5.22
2026-09-14T21:00:00+00:00,cow_02,54.07,22.89,37.11,0.1727,416,38.87,7.6,18.94,0.97,1,88.6,16.83,52.4,61.17,15.83,0,0.0,0.0,5.19
2026-09-14T21:00:00+00:00,cow_03,46.13,23.54,36.46,0.1541,343,38.64,8.42,17.08,0.78,2,88.6,16.83,52.4,61.17,15.83,0,0.0,0.0,5.33
2026-09-14T21:00:00+00:00,cow_04,40.27,18.55,41.45,0.166,310,38.71,7.81,19.03,0.65,1,88.6,16.83,52.4,61.17,15.83,0,0.0,0.0,5.12
2026-09-14T21:00:00+00:00,cow_05,52.99,22.28,37.72,0.1729,414,38.81,5.38,17.92,0.71,1,88.6,16.83,52.4,61.17,15.83,0,0.0,0.0,5.27
2026-09-14T21:00:00+00:00,cow_06,56.51,22.7,37.3,0.1628,458,38.7,7.76,18.32,0.64,2,88.6,16.83,52.4,61.17,15.83,0,0.0,0.0,5.21
2026-09-14T21:00:00+00:00,cow_07,43.95,25.84,34.16,0.178,366,38.71,9.32,17.47,0.74,2,88.6,16.83,52.4,61.17,15.83,0,0.0,0.0,5.15
2026-09-14T21:00:00+00:00,cow_08,45.78,24.67,35.33,0.1683,359,38.91,10.69,17.37,0.93,2,88.6,16.83,52.4,61.17,15.83,0,0.0,0.0,5.22
2026-09-14T21:00:00+00:00,cow_09,44.88,19.91,40.09,0.1511,346,38.58,6.78,17.91,0.64,1,88.6,16.83,52.4,61.17,15.83,0,0.0,0.0,5.17
2026-09-14T21:00:00+00:00,cow_10,41.78,25.26,34.74,0.1554,349,38.8,6.74,15.85,0.59,2,88.6,16.83,52.4,61.17,15.83,0,0.0,0.0,5.2
2026-09-14T21:00:00+00:00,cow_11,56.96,21.84,38.16,0.2009,439,38.62,7.66,19.4,0.68,1,88.6,16.83,52.4,61.17,15.83,0,0.0,0.0,5.08
2026-09-14T21:00:00+00:00,cow_12,34.44,24.94,35.06,0.163,342,38.63,5.01,12.12,0.36,2,88.6,16.83,52.4,61.17,15.83,0,0.0,0.0,5.15
2026-09-14T21:00:00+00:00,cow_13,44.6,22.45,37.55,0.1528,373,38.87,8.79,19.65,0.71,3,88.6,16.83,52.4,61.17,15.83,0,0.0,0.0,5.18
2026-09-14T21:00:00+00:00,cow_14,55.4,25.76,34.24,0.1693,433,38.78,7.02,17.29,0.5,2,88.6,16.83,52.4,61.17,15.83,0,0.0,0.0,5.31
2026-09-14T21:00:00+00:00,cow_15,42.4,19.22,40.78,0.1508,348,38.61,8.64,16.43,0.75,2,88.6,16.83,52.4,61.17,15.83,0,0.0,0.0,5.21
2026-09-14T21:00:00+00:00,cow_16,48.56,22.14,37.86,0.1679,386,38.94,6.28,15.17,0.56,2,88.6,16.83,52.4,61.17,15.83,0,0.0,0.0,5.31
2026-09-14T22:00:00+00:00,cow_01,27.97,41.57,18.43,0.1323,209,38.87,3.21,22.83,0.35,2,93.9,16.16,54.0,60.31,15.16,0,0.0,0.0,5.24
2026-09-14T22:00:00+00:00,cow_02,28.46,35.71,24.29,0.1331,227,38.77,1.94,28.68,0.26,0,93.9,16.16,54.0,60.31,15.16,0,0.0,0.0,5.25
2026-09-14T22:00:00+00:00,cow_03,26.1,33.18,26.82,0.1159,207,38.67,3.49,23.33,0.29,2,93.9,16.16,54.0,60.31,15.16,0,0.0,0.0,5.18
2026-09-14T22:00:00+00:00,cow_04,24.26,36.76,23.24,0.1147,213,38.67,2.76,26.66,0.23,0,93.9,16.16,54.0,60.31,15.16,0,0.0,0.0,5.15
2026-09-14T22:00:00+00:00,cow_05,27.8,31.06,28.94,0.13,211,38.72,0.69,24.01,0.08,0,93.9,16.16,54.0,60.31,15.16,0,0.0,0.0,5.12
2026-09-14T22:00:00+00:00,cow_06,28.85,31.31,28.69,0.1259,241,38.58,3.37,25.34,0.29,1,93.9,16.16,54.0,60.31,15.16,0,0.0,0.0,5.29
2026-09-14T22:00:00+00:00,cow_07,26.21,37.43,22.57,0.1185,203,38.64,3.91,24.43,0.36,1,93.9,16.16,54.0,60.31,15.16,0,0.0,0.0,5.11
2026-09-14T22:00:00+00:00,cow_08,27.48,39.2,20.8,0.119,194,38.75,3.07,23.91,0.2,1,93.9,16.16,54.0,60.31,15.16,0,0.0,0.0,5.17
2026-09-14T22:00:00+00:00,cow_09,19.44,32.37,27.63,0.114,169,38.62,2.84,24.8,0.18,1,93.9,16.16,54.0,60.31,15.16,0,0.0,0.0,5.3
2026-09-14T22:00:00+00:00,cow_10,24.71,29.44,30.56,0.1378,156,38.76,1.79,25.69,0.14,1,93.9,16.16,54.0,60.31,15.16,0,0.0,0.0,5.03
2026-09-14T22:00:00+00:00,cow_11,29.42,31.2,28.8,0.1279,237,38.63,2.14,27.99,0.15,0,93.9,16.16,54.0,60.31,15.16,0,0.0,0.0,5.28
2026-09-14T22:00:00+00:00,cow_12,18.97,34.77,25.23,0.1167,179,38.63,2.73,18.37,0.22,2,93.9,16.16,54.0,60.31,15.16,0,0.0,0.0,5.16
2026-09-14T22:00:00+00:00,cow_13,23.39,32.72,27.28,0.1132,171,38.85,0.83,27.63,0.01,1,93.9,16.16,54.0,60.31,15.16,0,0.0,0.0,5.23
2026-09-14T22:00:00+00:00,cow_14,27.19,36.6,23.4,0.1281,227,38.77,2.82,23.71,0.23,1,93.9,16.16,54.0,60.31,15.16,0,0.0,0.0,5.37
2026-09-14T22:00:00+00:00,cow_15,26.08,31.25,28.75,0.1413,203,38.59,1.45,23.62,0.09,1,93.9,16.16,54.0,60.31,15.16,0,0.0,0.0,5.4
2026-09-14T22:00:00+00:00,cow_16,25.29,35.59,24.41,0.1224,204,38.78,2.64,22.54,0.27,1,93.9,16.16,54.0,60.31,15.16,0,0.0,0.0,5.17
2026-09-14T23:00:00+00:00,cow_01,28.63,38.72,21.28,0.1308,238,38.72,2.58,22.72,0.1,1,89.1,16.6,53.1,60.88,15.6,0,0.0,0.0,5.09
2026-09-14T23:00:00+00:00,cow_02,33.43,38.27,21.73,0.1553,262,38.75,0.05,28.24,0.0,0,89.1,16.6,53.1,60.88,15.6,0,0.0,0.0,5.18
2026-09-14T23:00:00+00:00,cow_03,21.94,31.79,28.21,0.12,188,38.67,2.66,25.57,0.24,0,89.1,16.6,53.1,60.88,15.6,0,0.0,0.0,5.14
2026-09-14T23:00:00+00:00,cow_04,25.71,32.37,27.63,0.1298,199,38.62,1.56,27.47,0.09,0,89.1,16.6,53.1,60.88,15.6,0,0.0,0.0,5.16
2026-09-14T23:00:00+00:00,cow_05,30.96,34.54,25.46,0.1448,242,38.76,1.25,22.24,0.07,0,89.1,16.6,53.1,60.88,15.6,0,0.0,0.0,5.2
2026-09-14T23:00:00+00:00,cow_06,31.32,34.09,25.91,0.1447,239,38.62,3.09,25.55,0.29,0,89.1,16.6,53.1,60.88,15.6,0,0.0,0.0,5.24
2026-09-14T23:00:00+00:00,cow_07,20.49,40.23,19.77,0.1083,158,38.64,3.33,23.92,0.34,1,89.1,16.6,53.1,60.88,15.6,0,0.0,0.0,5.22
2026-09-14T23:00:00+00:00,cow_08,20.31,40.47,19.53,0.1136,156,38.89,0.13,27.08,0.0,0,89.1,16.6,53.1,60.88,15.6,0,0.0,0.0,5.14
2026-09-14T23:00:00+00:00,cow_09,16.54,34.95,25.05,0.0969,146,38.52,1.83,21.19,0.19,0,89.1,16.6,53.1,60.88,15.6,0,0.0,0.0,5.17
2026-09-14T23:00:00+00:00,cow_10,26.0,31.46,28.54,0.1337,199,38.83,1.65,25.95,0.08,0,89.1,16.6,53.1,60.88,15.6,0,0.0,0.0,5.27
2026-09-14T23:00:00+00:00,cow_11,32.55,32.49,27.51,0.1398,279,38.57,3.22,25.95,0.27,1,89.1,16.6,53.1,60.88,15.6,0,0.0,0.0,5.35
2026-09-14T23:00:00+00:00,cow_12,18.41,35.8,24.2,0.1222,170,38.64,2.31,18.75,0.23,2,89.1,16.6,53.1,60.88,15.6,0,0.0,0.0,5.2
2026-09-14T23:00:00+00:00,cow_13,25.57,32.12,27.88,0.1414,203,38.74,1.64,25.79,0.24,1,89.1,16.6,53.1,60.88,15.6,0,0.0,0.0,5.08
2026-09-14T23:00:00+00:00,cow_14,25.76,37.6,22.4,0.1162,202,38.8,3.76,22.51,0.28,1,89.1,16.6,53.1,60.88,15.6,0,0.0,0.0,5.29
2026-09-14T23:00:00+00:00,cow_15,21.27,33.24,26.76,0.1137,196,38.6,2.38,21.69,0.16,0,89.1,16.6,53.1,60.88,15.6,0,0.0,0.0,5.22
2026-09-14T23:00:00+00:00,cow_16,26.96,35.95,24.05,0.1224,234,38.86,1.54,23.48,0.16,0,89.1,16.6,53.1,60.88,15.6,0,0.0,0.0,5.3
